<?xml version="1.0" encoding="UTF-8"?>
<treaty>
  <meta>
    <name>Albania - Romania</name>
    <type>Free Trade Agreement</type>
    <wto_rta_id>195</wto_rta_id>
    <treaty_identifier>169</treaty_identifier>
    <status>Inactive</status>
    <notification>GATT Art. XXIV</notification>
    <date_signed>2003-06-01</date_signed>
    <date_into_force>2004-01-01</date_into_force>
    <date_notification>2004-12-14</date_notification>
    <end_implementation/>
    <date_inactive>2007-01-01</date_inactive>
    <parties_original>
      <partyisocode n="1">ALB</partyisocode>
      <partyisocode n="2">ROU</partyisocode>
    </parties_original>
    <parties>
      <partyisocode n="1"/>
    </parties>
    <composition>Bilateral</composition>
    <region>Europe</region>
    <parties_wto>Yes</parties_wto>
    <crossregional>No</crossregional>
    <language>en</language>
    <source lang="en" type="full text">http://docsonline.wto.org/imrd/gen_redirectsearchdirect.asp?RN=0&amp;searchtype=browse&amp;query=@meta_Symbol"WT/REG180/1"&amp;language=1&amp;ct=DDFEnglish</source>
    <source lang="es" type="full text">http://docsonline.wto.org/imrd/gen_redirectsearchdirect.asp?RN=0&amp;searchtype=browse&amp;query=@meta_Symbol"WT/REG180/1"&amp;language=3&amp;ct=DDFSpanish</source>
    <source lang="fr" type="full text">http://docsonline.wto.org/imrd/gen_redirectsearchdirect.asp?RN=0&amp;searchtype=browse&amp;query=@meta_Symbol"WT/REG180/1"&amp;language=2&amp;ct=DDFFrench</source>
  </meta>
  <body>
    <chapter name="Preamble" chapter_identifier="1918">
      <article number="ARTICLE 1" name="Objectives" article_identifier="16224">1. The Parties shall gradually establish a free trade area on a substantially all their bilateral trade in a transitional period ending on 1 January 2007 in accordance with the provisions of this Agreement and in conformity with those of the GATT 1994, in particular Article XXIV and of the Agreement establishing the WTO, especially the Understanding on the Interpretation of Article XXIV of the GATT 1994. 


2. 	The objectives of this Agreement are: 


(a) 	to promote through the expansion of trade, the harmonious development of economic relations between the Parties and thus to foster the advance of their economic activity, 


(b) 	to provide fair conditions of competition in trade between the Parties, 


(c) 	to contribute in this way by the removal of barriers to trade, to the harmonious development and expansion of world trade, 


(d) 	to enhance co-operation between the Parties.</article>
    </chapter>
    <chapter number="CHAPTER I" name="Industrial Products" chapter_identifier="1919">
      <article number="ARTICLE 2" name="Scope" article_identifier="16225">1. 	The provisions of this Chapter shall apply to industrial products, originating in the Parties. 


2. For the purpose of this Agreement the term “industrial products” means products falling within Chapters 25 to 97 of Harmonized Commodity Description and Coding System, with the exception of the products listed in Annex I to this Agreement.</article>
      <article number="ARTICLE 3" name="Basic Duties" article_identifier="16226">1. For each product the basic duty to which the successive reductions set out in this Agreement are to be applied shall be the Most Favored Nation duty in force on the date of entry into force of this Agreement. 


2. If after this date, any tariff reduction is applied on an erga omnes basis, in particular reductions resulting from the GATT 1994 and the Agreement establishing the WTO, such reduced duties shall replace the basic duties under Paragraph 1 as from the date when such reductions are applied. 


3. If a reduction of duties is effected by way of a suspension of duties made for a particular period of time, such reduced duties shall replace the basic duties only for the period of such suspension. 


4. The Parties declare that the reduced duties, calculated in accordance with Paragraph 1, shall be rounded up when the first decimal place is 5, 6, 7, 8, 9, and rounding down, when it is 0, 1, 2, 3 or 4. 


5. The Parties shall exchange information on their respective customs duties.</article>
      <article number="ARTICLE 4" name="Customs Duties On Imports" article_identifier="16227">1. No new customs duties on imports shall be introduced in trade between the Parties as from the date of entry into force of this Agreement. 


2. All customs duties on imports of products originating in the Parties shall be abolished in accordance with the provisions laid down in Protocol 1 of this Agreement.</article>
      <article number="ARTICLE 5" name="Charges Equivalent To Import Duties" article_identifier="16228">1. No new charges having an effect equivalent to customs duties on imports shall be introduced in trade between the Parties as from the date of entry into force of this Agreement. 


2. All charges having an effect equivalent to customs duties on imports of products originating in the Parties shall be abolished on the date of entry into force of this Agreement.</article>
      <article number="ARTICLE 6" name="Fiscal Duties" article_identifier="16229">The provisions of Article 4 of this Agreement shall also apply to customs duties of a fiscal nature.</article>
      <article number="ARTICLE 7" name="Customs Duties On Exports And Charges Having Equivalent Effect" article_identifier="16230">1. No new customs duties on exports or charges having equivalent effect shall be introduced in trade between the Parties as from the date of entry into force of this Agreement. 


2. On the date of entry into force of this Agreement the Parties shall abolish, between them, all customs duties on exports and charges having equivalent effect.</article>
      <article number="ARTICLE 8" name="Quantitative Restrictions On Exports And Imports And Measures Having Equivalent Effect" article_identifier="16231">1. No new quantitative restrictions on exports and imports or measures having equivalent effect shall be introduced in trade between the Parties as from the date of entry into force of this Agreement. 


2. All quantitative restrictions on exports and imports and measures having equivalent effect shall be abolished on the date of entry into force of this Agreement.</article>
      <article number="ARTICLE 9" name="Technical Barriers To Trade" article_identifier="16232">1. The rights and obligations of the Parties, relating to technical barriers shall be governed taking into account the WTO Agreement on Technical Barriers to Trade. 


2. The Parties shall cooperate and exchange information in the field of standardization, metrology, conformity assessment and accreditation, with the aim of reducing and eliminating technical barriers to trade.</article>
    </chapter>
    <chapter number="CHAPTER II" name="Agricultural Products" chapter_identifier="1920">
      <article number="ARTICLE 10" name="Scope" article_identifier="16233">The provisions of this Chapter shall apply to agricultural products (hereinafter called "agricultural products"), falling within Chapters 1 to 24 of the Harmonized Commodity Description and Coding System and to the products listed in Annex I to this Agreement originating in Parties.</article>
      <article number="ARTICLE 11" name="Exchange Of Concessions" article_identifier="16234">1. The Parties shall grant each other the concessions specified in the Protocol 2, in accordance with the provisions of this Chapter and those laid down in this Protocol. 


2. 	Taking into account: -the role of agriculture in their economies, -the development of trade in agricultural products between the Parties, -the particular sensitivity of the agricultural products, -the rules of their agricultural policies, -the results of the multilateral trade negotiations under WTO, the Parties shall examine the possibilities of granting each other further concessions.</article>
      <article number="ARTICLE 12" name="Concessions And Agricultural Policies" article_identifier="16235">1. Without prejudice to the concessions granted under Article 11 the provisions of this Chapter shall not restrict in any way the pursuance of the respective agricultural policies of the Parties or the application of any measures under such policies, including the implementation of the provision of the WTO Agreement on Agriculture. 


2. The Parties shall notify each other the changes in their respective agricultural policies pursued or measures applied which may affect the conditions of agricultural trade among them, as provided for in this Agreement. Upon request of a Party prompt consultations within the Joint Committee shall be held to examine the situation.</article>
      <article number="ARTICLE 13" name="Specific Safeguards" article_identifier="16236">Notwithstanding other provisions of this Agreement and, in particular, Article 26, and given the particular sensitivity of the Agricultural products, if imports of products, originating in a Party, which are subject to concessions granted under this Agreement, cause serious disturbances to the markets of the other Party, the Parties shall immediately enter into consultations to find an appropriate solution. Pending such solution, the Party concerned may take the measures it deems necessary.</article>
      <article number="ARTICLE 14" name="Sanitary And Phytosanitary Measures" article_identifier="16237">The Parties shall apply their regulations in the fields of veterinary, sanitary and phytosanitary control in a way, corresponding to the WTO Agreement on Sanitary and Phytosanitary Measures.</article>
    </chapter>
    <chapter number="CHAPTER III" name="General Provisions" chapter_identifier="1921">
      <article number="ARTICLE 15" name="Rules Of Origin And Co-Operation In Customs Administration" article_identifier="16238">1. Protocol 3 of this Agreement lays down the rules of origin and related methods of administrative co-operation. 


2. The Parties shall take appropriate measures, including regular reviews in the Joint Committee and arrangements for administrative co-operation, to ensure that the provisions of Protocol 3 and Articles 3 to 8, 11, 16 and 27 of this Agreement are effectively and harmoniously applied, and to reduce, as far as possible, the formalities imposed on trade, as well as to achieve mutually satisfactory solutions to any difficulties arising from the operation of those provisions.</article>
      <article number="ARTICLE 16" name="Internal Taxation" article_identifier="16239">1. The Parties shall refrain from any measures or practices of internal fiscal nature establishing, whether directly or indirectly, discrimination against products originating in the Parties. 


2. Exporters from the Parties may not benefit from repayment of internal taxation in excess of the amount of indirect taxation imposed on products exported to the territory of one of the Parties.</article>
      <article number="ARTICLE 17" name="General Exceptions" article_identifier="16240">This Agreement shall not preclude prohibitions or restrictions on imports, exports or goods in transit, justified on grounds of: public morality, public policy or public security; the protection of health and life of humans, animals or plants and environment; the protection of national treasures possessing artistic, historic or archeological value; the protection of intellectual property or rules relating to gold or silver or the conservation of exhaustible natural resources, if such measures are made effective in conjunction with restrictions on domestic production or consumption. Such prohibitions or restrictions shall not, however, constitute a means of arbitrary discrimination or a disguised restriction on trade between the Parties.</article>
      <article number="ARTICLE 18" name="Security Exceptions" article_identifier="16241">Nothing in this Agreement shall prevent a Party from taking any measures which it considers necessary: 


(a) 	to prevent the disclosure of information contrary to its essential security interests; 


(b) 	for the protection of its essential security interests or for the implementation of international obligations or national policies: 


(i) 	relating to the traffic in arms, ammunition and implements of war, provided that such measures do not impair the conditions of competition in respect of products not intended for specifically military purposes, and to such traffic in other goods, materials and services as is carried on directly or indirectly for the purpose of supplying a military establishment; or 


(ii) 	relating to the non-proliferation of biological and chemical weapons, nuclear weapons or other nuclear explosive devices; or 
(iii) 	taken in time of war or other serious international tension.</article>
      <article number="ARTICLE 19" name="State Monopolies" article_identifier="16242">1. The Parties shall adjust progressively any state monopoly of a commercial character so as to ensure that by the end of the transitional period laid down in Article 1 of this Agreement, no discrimination regarding the conditions under which goods are procured and marketed exists between nationals of the Parties. The Parties shall inform each other about the measures adopted to implement this objective. 


2. The provisions of this Article shall apply to any body through which the competent authorities of the Parties, in law or in fact, either directly or indirectly supervise, determine or appreciably influence imports or exports between the Parties. These provisions shall likewise apply to monopolies delegated by the State to other bodies.</article>
      <article number="ARTICLE 20" name="Payments" article_identifier="16243">1. Payments in freely convertible currencies relating to trade in goods between the Parties and the transfer of such payments to the territory of the Party, where the creditor resides, shall be free from any restrictions. 


2. The Parties shall refrain from any exchange or administrative restrictions on the grant, repayment or acceptance of short term international trade credits or financial credits in which a resident of a Party participates.  


3. Notwithstanding the provisions of paragraph 2, any measures concerning current payments connected with the movement of goods shall be in conformity with the conditions laid down under Article VIII of the Articles of the Agreement of the International Monetary Fund.</article>
      <article number="ARTICLE 21" name="Rules Of Competition Concerning Undertakings" article_identifier="16244">1. The following are incompatible with the proper functioning of this Agreement in so far as they may affect trade between the Parties: 


(a) 	all agreements between undertakings, decisions by associations of undertakings and concerted practices between undertakings which have as their object or effect the prevention, restriction or distortion of competition; 


(b) 	abuse by one or more undertakings of a dominant position in the territories of the Parties as a whole or in a substantial part thereof.  

2. The provisions of paragraph 1 (a) and (b) shall apply to the activities of all undertakings including public undertakings and undertakings to which the Parties grant special or exclusive rights. Undertakings entrusted with the operation of services of general economic interest or having the character of a revenue producing monopoly, shall be subject to provisions of paragraph 1 (a) and (b) insofar as the application of these provisions does not obstruct the performance, in law or in fact, of the particular public tasks assigned to them. 


3. With regard to products referred to in Chapter II the provisions stipulated in paragraph 1 (a) shall not apply to such agreements, decisions and practices which form an integral part of a national market organization. 


4. If a Party considers that a given practice is incompatible with paragraphs 1 (a) and (b) and paragraph 2 of this Article and if such practice causes or threatens to cause serious prejudice to the interest of that Party or material injury to its domestic industry, the Party concerned may take appropriate measures under the conditions and in accordance with the procedure laid down in Article 30 of this Agreement.</article>
      <article number="ARTICLE 22" name="State Aid" article_identifier="16245">1. Any aid granted by a Party or through state resources in any form whatsoever which distorts or threatens to distort competition by favoring certain undertakings or the production of certain goods 

shall, in so far as it may affect trade between the Parties, be incompatible with the proper functioning of this Agreement. 

2. The provisions of paragraph 1 shall not apply to products covered by Chapter II of this Agreement. 


3. The Parties shall ensure transparency in the area of state aid, inter alia, by reporting annually to the Joint Committee on the total amount and the distribution of the aid given and by providing to the other Party, upon request, information on aid schemes and on particular individual cases of state aid. 


4. The Joint Committee shall, within three years from the entry into force of this Agreement, adopt the criteria on the basis of which the practices derogating from paragraph 1 shall be assessed, as well as the rules for their implementation. 


5. If a Party considers that a particular practice , including that in agriculture: 
-is incompatible with the terms of paragraph 1, and 

-causes or threatens to cause serious prejudice to the interest of that Party or material injury to its domestic industry or agriculture, 

it may take appropriate measures under the conditions of and in accordance with the provisions laid down in Article 30 of this Agreement.  

Such appropriate measures may only be taken in conformity with the procedures and under the conditions laid down by the Agreement on Subsidies and Countervailing Measures, the GATT 1994 and WTO and any other relevant instrument negotiated under their auspices, which are applicable between the Parties.</article>
      <article number="ARTICLE 23" name="Public Procurement" article_identifier="16246">1. The Parties consider the liberalization of their respective public procurement markets as an objective of this Agreement. 


2. The Parties shall progressively adjust their respective rules, conditions and practices in the field of public procurement with a view to grant suppliers of the other Party access to contract award procedures on their respective public procurement markets. 


3. The Joint Committee shall examine developments related to the achievement of the objectives of this Article and may recommend practical modalities of implementing the provisions of paragraph 2 so as to ensure free access, transparency, full balance of rights and obligations and mutual opening of their respective public procurement markets.</article>
      <article number="ARTICLE 24" name="Protection Of Intellectual Property" article_identifier="16247">1. The Parties shall grant and ensure the protection of intellectual property rights on a nondiscriminatory basis, including measures for granting and enforcing such rights. The protection shall 

be improved to a level corresponding to the substantive standards of the multilateral agreements which are specified in Annex II to this Agreement. 

2. For the purpose of this Agreement the term "intellectual property protection" includes, in particular, protection of copyright and related rights including computer programs and data bases, trade marks for goods and services, geographical indications, patents, industrial designs, new varieties of plants, topographies of integrated circuits, as well as undisclosed information on know-how. 


3. The Parties shall co-operate in matters of intellectual property. They shall hold, upon request of any Party, expert consultations on these matters, in particular, on activities relating to the existing or future international conventions on harmonization, administration and enforcement of intellectual property and on activities in international organizations, such as the World Trade Organization and the World Intellectual Property Organization, as well as relations of the Parties with any third country on matters concerning intellectual property.</article>
      <article number="ARTICLE 25" name="Anti – Dumping" article_identifier="16248">If a Party finds that dumping within the meaning of Article VI of the GATT 1994 is taking place in trade relations governed by this Agreement, it may take appropriate measures against that practice in accordance with Article VI of the GATT 1994 and with the WTO Agreement on Implementation of Article VI of the GATT 1994 under the conditions and in accordance with the procedure laid down in Article 30 of this Agreement.</article>
      <article number="ARTICLE 26" name="General Safeguards" article_identifier="16249">Where any product is being imported into any of the Parties in such increased quantities and under such conditions as to cause or threaten to cause: 


(a) 	serious injuries to domestic producers of a like or directly competitive products in the territory of the importing Party, or 


(b) 	serious disturbances in any sector of the economy or difficulties which could bring about serious deterioration in the economic situation of a region, 
the Party concerned may take appropriate measures under the conditions and in accordance with the procedure, laid down in Article 30 of this Agreement.</article>
      <article number="ARTICLE 27" name="Structural Adjustment" article_identifier="16250">1. Exceptional measures of limited duration, derogating from the provisions of Article 4 of this Agreement, may be taken by any of the Parties in the form of increased customs duties. 


2. These measures may only concern infant industries, or certain sectors undergoing restructuring or facing serious difficulties, particularly where these difficulties produce important social problems. 


3. Customs duties on imports, applicable in the Party concerned to products originating in the other Party, introduced by these measures may not exceed 25% ad valorem and shall maintain an element of preference for products, originating in the other Party. The total value of imports of the product which are subject to these measures may not exceed 15% of total imports of industrial products from the other Party, as defined Chapter I, during the last year for which statistical data is available. 


4. These measures shall be applied for a period not exceeding five years, unless a longer duration is authorized by the Joint Committee. They shall cease to apply at the expiration of the transitional period. 


5. No such measures can be introduced in respect to a product if more than three years have elapsed since the elimination of all duties and quantitative restrictions, charges or measures having equivalent effect concerning that product. 


6. The Party concerned shall inform the other Party of any exceptional measures it intends to take and, at the request of the other Party, consultations shall be held within the Joint Committee on such measures and the sectors to which they apply, before they are applied. When taking such measures the Party concerned shall provide the Joint Committee with a schedule for the elimination of the customs duties introduced under this Article. This schedule shall provide for a phasing out of these duties starting at the latest two years after their introduction, at equal annual rates. The Joint Committee may decide upon a different schedule.</article>
      <article number="ARTICLE 28" name="Re-Export And Serious Shortage" article_identifier="16251">Where compliance with the provisions of Articles 7 and 8 leads to: 


(a) 	re-export towards a third country against which the exporting Party maintains for the product concerned quantitative export restrictions, export duties or measures or charges having equivalent effect; or 


(b) 	a serious shortage, or threat thereof, of a product essential to the exporting Party; 
and where the situations referred to above give rise or are likely to give rise, to major difficulties for the exporting Party, that Party may take appropriate measures under the conditions and in accordance with the procedures, laid down in Article 30 of this Agreement.</article>
      <article number="ARTICLE 29" name="Fulfillment Of Obligations" article_identifier="16252">1. The Parties shall take all necessary measures to ensure the achievement of the objectives and the fulfillment of the obligations under this Agreement. 


2. If any Party considers that the other Party has failed to fulfill an obligation under this Agreement, the Party concerned may take the appropriate measures under the conditions and in accordance with the procedures laid down in Article 30 of this Agreement.</article>
      <article number="ARTICLE 30" name="Procedure For The Application Of Trade Defense Measures" article_identifier="16253">1. Before initiating the procedure for the application of trade defense measures set out in the following paragraphs of the present Article, the Parties shall endeavor to solve any disputes between them through direct consultations. 


2. If a Party is subject to imports of products liable to give rise to the situation referred to in Article 26, of an administrative procedure having as its purpose the rapid provision of information on the trend of trade flows, it shall inform the other Party. 


3. Without prejudice to paragraph 7 of the present Article, a Party which considers resorting to trade defense measures shall promptly notify the other Party thereof  and supply all relevant information. Consultations between the Parties shall take place without delay in the Joint Committee with a view to finding a mutually acceptable solution. 


4. 	(a) As regard Articles 25, 26 and 28 of this Agreement, the Joint Committee shall examine the case or the situation and may take any decision needed to put an end to the difficulties notified by the Party concerned. In the absence of such decision within thirty days of the matter being referred to the Joint Committee, the Party concerned may adopt the measures necessary in order to remedy the situation, 


(b) 	As regard Article 29 of this Agreement, the Party concerned may take appropriate measures after the consultations have been concluded or a period of three months has elapsed from the date of the first notification to the other Party, 


(c) 	As regards Article 21 and 22 of this Agreement, the Party concerned shall give the Joint Committee all the assistance required in order to examine the case and, where appropriate, eliminate the practice objected to. If the other Party fails to put an end to the practice objected to within the period fixed by the Joint Committee or if the Joint Committee fails to reach an agreement within thirty working days on the matter being referred to it, the Party concerned may adopt appropriate measures to deal with the difficulties resulting from the practice in question. 

5. The measures taken shall be notified immediately to the other Party. They shall be restricted with regard to their extent and to their duration, to what is strictly necessary to remedy the situation, giving rise to their application and shall not be in excess of the injury caused by the practice or the difficulty in question. Priority shall be given to measures that will least disturb the functioning of this Agreement. 


6. The measures taken shall be subject to periodic consultations within the Joint Committee with a view to their relaxation or abolition when conditions no longer justify their maintenance. 


7. Where exceptional circumstances requiring immediate action make prior examination impossible, the Party concerned may, in the cases of Articles 25, 26 and 28 of this Agreement, apply forthwith the provisional measures strictly necessary to remedy the situation. The measures shall be notified without delay and consultations between the Parties shall take place as soon as possible in the Joint Committee.</article>
      <article number="ARTICLE 31" name="Balance Of Payments Difficulties" article_identifier="16254">1. The Parties shall endeavor to avoid the imposition of restrictive measures including measures relating to imports for balance of payments purposes. 


2. Where one of the Parties is in serious balance of payments difficulties, or under imminent threat thereof, the Party concerned may, in accordance with the conditions established under the GATT 1994 and WTO adopt restrictive measures, including measures related to imports, which shall be of limited duration and may not go beyond what is necessary to remedy the balance of payments situation. The measures shall be progressively relaxed as balance of payments conditions improve and they shall be eliminated when conditions no longer justify their maintenance. The Party concerned shall inform the other Party forthwith of their introduction and, whenever practicable, of a time schedule for their removal.</article>
      <article number="ARTICLE 32" name="Services And Investment" article_identifier="16255">1. The Parties to this Agreement recognize the growing importance of certain areas, such as services and investments. In their efforts to gradually develop and broaden their co-operation, in particular in the context of the European integration, they will co-operate with the aim of achieving a progressive liberalization and mutual opening of their markets for investments and trade in services, taking into account relevant provisions of the General Agreement on Trade and Services. 


2. The Parties will discuss in the Joint Committee this co-operation with the aim of developing and deepening of their relations governed in this Article.</article>
      <article number="ARTICLE 33" name="Evolutionary Clause" article_identifier="16256">Where a Party considers that it would be useful in the interest of the economies of the Parties to develop and deepen the relations established by this Agreement by extending them to fields not covered thereby, it shall submit a reasoned request to the other Party. The Parties may instruct the Joint Committee to examine this request and, where appropriate, to make recommendations, particularly with a view to opening negotiations.</article>
    </chapter>
    <chapter number="CHAPTER IV" name="Institutional And Final Provisions" chapter_identifier="1922">
      <article number="ARTICLE 34" name="The Joint Committee" article_identifier="16257">1. A Joint Committee is hereby established in which each Party shall be represented.  


2. The implementation of this Agreement shall be supervised and administrated by the Joint Committee. 


3. For the purpose of the proper implementation of this Agreement, the Parties shall exchange information and, upon request of any Party, shall hold consultations within the Joint Committee. The Committee shall keep under review the possibility of further removal of the obstacles to trade between the Parties. 


4. The Joint Committee may take decisions in the cases provided for in this Agreement. On other matters the Committee may make recommendations.</article>
      <article number="ARTICLE 35" name="Procedures Of The Joint Committee" article_identifier="16258">1. For the proper implementation of this Agreement, the Joint Committee shall meet whenever necessary. Each Party may request a meeting to be held. 


2. The Joint Committee shall act by consensus. 


3. If a representative in the Joint Committee of a Party to this Agreement has accepted a decision, subject to the fulfillment of internal legal requirements, the decision shall enter into force, if no later date is contained therein, on the day of the receipt of the written notification about the fulfillment of such requirements.  


4. The Joint Committee may decide to set up sub-committees and working groups to assist it in accomplishing its tasks.</article>
      <article number="ARTICLE 36" name="Customs Unions, Free Trade Areas And Frontier Trade" article_identifier="16259">1. This Agreement shall not prevent the maintenance or establishment of customs unions, free trade areas or frontier trade arrangements to the extent that these do not negatively affect the trade regime of the Parties and in particular the provisions concerning rules of origin provided for in this Agreement.  


2. Upon request the Parties shall inform each other of any agreement establishing customs unions or free trade areas concluded with other countries.</article>
      <article number="ARTICLE 37" name="Territorial Application" article_identifier="16260">This Agreement shall apply to the customs territories of the Parties.</article>
      <article number="ARTICLE 38" name="Annexes And Protocols" article_identifier="16261">1. Annexes and Protocols to this Agreement are an integral part of it. 


2. The Joint Committee may decide to amend the Annexes and Protocols of this Agreement.</article>
      <article number="ARTICLE 39" name="Amendments" article_identifier="16262">Amendments to this Agreement shall enter into force in accordance with the procedure stipulated in Article 40 of this Agreement.</article>
      <article number="ARTICLE 40" name="Entry Into Force" article_identifier="16263">This Agreement shall enter into force on the first day of the second month following the date of the receipt of the last written notification by which the Parties inform each other through diplomatic channels that the internal legal procedures for the entry into force of this Agreement have been fulfilled.</article>
      <article number="ARTICLE 41" name="Validity And Termination" article_identifier="16264">1. The Agreement is concluded for an unlimited period. 


2. Each Party may denounce it through diplomatic channels by a written notification to the other Party. In such case this Agreement shall cease to apply on the first day of the seventh month after the date on which the other Party received the notification. 


3. The Parties agree that in case of accession of one of them to the European Union, the Agreement will be terminated on the day before the date of the accession to the European Union, without successive compensations for the other party.</article>
    </chapter>
    <chapter name="Conclusion" chapter_identifier="1923">
      <article article_identifier="16265">IN WITNESS WHEREOF the undersigned plenipotentiaries, being duly authorized thereto, have signed the present Agreement. 

DONE in ………….at this.............day of..........of….... in two original copies each of them in the Albanian, Romanian and English language, all texts being equally authentic. In case of differences of interpretation, the English text shall prevail.  

 For the Republic of Albania  For Romania 


JOINT DECLARATION 

(referred to Article 5 of the Agreement) 

Romania will continue to apply a custom charge of 0.5% ad valorem for customs formalities on imports and the Republic of Albania shall apply temporally a tax of 1% on imports in its territory. 

The Parties will examine the abolition on a reciprocity basis, these charges having equivalent effect to customs duties, within the framework of the Joint Committee.</article>
    </chapter>
  </body>
</treaty>
