<?xml version="1.0" encoding="UTF-8"?>
<treaty>
  <meta>
    <name>Czech Republic - Slovenia</name>
    <type>Free Trade Agreement</type>
    <wto_rta_id>230</wto_rta_id>
    <treaty_identifier>204</treaty_identifier>
    <status>Inactive</status>
    <notification>GATT Art. XXIV</notification>
    <date_signed>1993-12-15</date_signed>
    <date_into_force>1994-01-01</date_into_force>
    <date_notification>1994-05-04</date_notification>
    <end_implementation/>
    <date_inactive>1995-11-25</date_inactive>
    <parties_original>
      <partyisocode n="1">CZE</partyisocode>
      <partyisocode n="2">SVN</partyisocode>
    </parties_original>
    <parties>
      <partyisocode n="1"/>
    </parties>
    <composition>Bilateral</composition>
    <region>Europe</region>
    <parties_wto>Yes</parties_wto>
    <crossregional>No</crossregional>
    <language>en</language>
    <source lang="en" type="full text">http://sul-derivatives.stanford.edu/derivative?CSNID=91770208&amp;mediaType=application/pdf</source>
  </meta>
  <body>
    <chapter name="Preamble" chapter_identifier="2093">
      <article number="ARTICLE 1" name="Objectives" article_identifier="17562">1. The Contracting Parties shall gradually establish a free-trade area in accordance with the 
provisions of the present Agreement and in conformity with Article XXIV of the General Agreement 
on Tariffs and Trade in a transitional period ending on 1 January 1996, at the latest. 



2. 	The objectives of the present Agreement are: 



(a) 	topromotethroughtheexpansionoftradetheharmoniousdevelopmentoftheeconomic 
relations between the Contracting Parties and thus to foster in the Contracting Parties 
theadvanceofeconomic activity, theimprovementoflivingandemploymentconditions, 
and increased productivity and financial stability; 



(b) 	to provide fair conditions of competition for trade between the Contracting Parties; 



(c) 	to contribute in this way, by the removal barriers to trade, to the harmonious 
development and expansion of world trade.</article>
    </chapter>
    <chapter number="CHAPTER I" name="Industrial Products" chapter_identifier="2094">
      <article number="ARTICLE 2" name="Score" article_identifier="17563">The provisions ofthis Chapter shall apply to industrial products originating in the Contracting 
Parties. The term "industrial products" means for the purpose of this Agreement the products falling 
within Chapters 25 to 97 of the Harmonized Commodity Description and Coding System, with the 
exception of the products listed in Annex 1.</article>
      <article number="ARTICLE 3" name="Customs Duties On Imports" article_identifier="17564">1. No new customs duty on imports shall be introduced in trade between the Contracting Parties. 



2. Customs duties on imports shall be abolished in accordance with the provisions in Protocol 1 
of this Agreement.</article>
      <article number="ARTICLE 4" name="Basic Duties" article_identifier="17565">1. For each product the basic duty to which the successive reductions set out in this Agreement 
are to be applied shall be the most-favoured-nation rate of duty applicable on 1 January 1993. 



2. If, after entry into force of this Agreement, any tariff reduction is applied on an erga omnes 
basis, inparticularreductionsresultingfromthetariffagreementconcludedasaresultoftheUruguay 
Round of multilateral trade negotiations, such reduced duties shall replace the basic duties referred 
to in paragraph 1 as from that date when such reductions are applied. 



3. The reduced duties calculated in accordance with paragr, rh 2 shall be applied rounded to the 
first decimal place. 



4. The Contracting Parties shall communicate to each other their respective national basic rates 
of duties.</article>
      <article number="ARTICLE 5" name="Charges Equivalent To Duties" article_identifier="17566">1. No new charge having an effect equivalent to a customs duty on imports shall be introduced 
in trade between the Contracting Parties. 



2. All charges having an effect equivalent to customs duties on imports shall be abolished on the 
date of the entry into force of this Agreement, except as provided for in Annex Il.</article>
      <article number="ARTICLE 6" name="Fiscal Duties" article_identifier="17567">The provisions of Article 3 shall also apply to customs duties of a fiscal nature.</article>
      <article number="ARTICLE 7" name="Customs Duties On Exports And Charges Having Equivalent Effect" article_identifier="17568">1. No new customs duty on exports or charge having equivalent effect shall be introduced in trade 
between the Contracting Parties. 



2. The Contracting Parties shall abolish between them on the date of the entry into force of this 
Agreement any customs duties on exports and charges having equivalent effect.</article>
      <article number="ARTICLE 8" name="Quantitative Restrictions On Imports And Measures Having Equivalent Effect" article_identifier="17569">1. No new quantitative restrictions on imports or measures having equivalent effect shall be 
introduced in trade between the Contracting Parties. 



2. All quantitative restrictions and measures having equivalent effect on imports of products 
originating in the Contracting Parties shall be abolished on the date of the entry into force of this 
Agreement, except as provided for in Annex III.</article>
      <article number="ARTICLE 9" name="Quantitative Restrictions On Exports And Measures Having Equivalent Effect" article_identifier="17570">1. No new quantitative restrictions on exports or measures having equivalent effect shall be 
introduced in trade between the Contracting Parties. 



2. TheContractingPartiesdonotapplyanyquantitativerestrictionsonexportsormeasureshaving 
equivalent effect.</article>
      <article number="ARTICLE 10" name="Information Procedure On Draft Technical Regulations" article_identifier="17571">1. The Contracting Parties shall notify each other at the earliest practicable stage and in accordance 
withtheprovisions laiddown inAnnexIVofdrafttechnicalregulationsanddraftamendmentsthereto, 
which they intend to issue. 



2. The Joint Committee shall decide on the date for implementing the provisions in paragraph 1.</article>
    </chapter>
    <chapter number="CHAPTER IL" name="Agricultural Products" chapter_identifier="2095">
      <article number="ARTICLE 11" name="Scope" article_identifier="17572">TheprovisionsofthisChaptershallapplytoagriculturalproductsoriginating intheContracting 
Parties to this Agreement. The term "agricultural products" means for purpose of this Agreement 
the products falling within Chapters 1 to 24 of the Harmonized Commodity Description and Coding 


System and the products listed in Annex I.</article>
      <article number="ARTICLE 12" name="Exchange Of Concessions" article_identifier="17573">1. The Contracting Parties to this Agreement grant each other the concessions, specified in the 
Protocol 2 in accordance with provisions of this Chapter. 



2. 	Taking account of: 
-the role of agriculture in their economies; 
-the development of trade in agricultural products between the Contracting Parties; 
-the particular sensitivity of the agricultural products; 
-the rules of their agricultural policies; 
-the consequences of the multilateral trade negotiations under the General Agreement 

on Tariffs and Trade, 
the Contracting Parties shall examine the possibilities of granting each other further concessions.</article>
      <article number="ARTICLE 13" name="Concessions And Agricultural Policies" article_identifier="17574">1. Without prejudice to the concessions granted under Article 12, the provisions of this Chapter 
shall not restrict in any way the pursuance of the respective agricultural policies of the Contracting 
Parties or the taking of any measures under such policies, including the implementation of the results 
of the Uruguay Round of the multilateral trade negotiations. 



2. TheContracting Parties shall notify each others changes in their respective agricultural policies 
pursued or measures applied which may affect the conditions of agricultural trade between them as 
provided for in this Agreement. On the request of a Contracting Party prompt consultations shall be 
held to examine the situation.</article>
      <article number="ARTICLE 14" name="Specific Safeguards" article_identifier="17575">Notwithstanding other provisions ofthis Agreement and in particular Article 27, if, given the 
particularsensitivityoftheagriculturalmarkets, importsofproductsoriginating inaContracting Party, 
which are the subject to concessions granted under this Agreement, cause serious disturbance to the 
markets of the other Contracting Party, the Contracting Party concerned shall enter into consultations 
immediately to find the appropriate solution. Pending such solution, the Contracting Party concerned 
may take measures it deems necessary.</article>
      <article number="ARTICLE 15" name="Veterinary, Health And Phytosanitary Measures" article_identifier="17576">Measures concerning phytosanitary control of plants and phytopharmaceutical preparations 
will be harmonized with European Community legislation and between the Contracting Parties of this 
Agreement. 


The veterino-sanitary measures and the work of the veterinary services will be in accordance 
with the Office International des Epizoodies codex and other international conventions in this field. 


The services commit themselves that they will not introduce discriminatory or other unusual 
measures which would limit the flow of information, animals, plants or products.</article>
    </chapter>
    <chapter number="CHAPTER III" name="General Provisions" chapter_identifier="2096">
      <article number="ARTICLE 16" name="Rules Of Origin And Co-Operation In Customs Administration" article_identifier="17577">1. Protocol 3 lays down the rules of origin and related methods of administrative co-operation. 



2. The Contracting Parties shall take appropriate measures, including regular reviews by the Joint 
Committeeandarrangementsforadministrativeco-operation,toensurethattheprovisionsofProtocol 3 
and Articles 3 to 9, 12, 17 and 28 of this Agreement are effectively and harmoniously applied, and 
to reduce, as far as possible the formalities imposed on trade, and to achieve mutually satisfactory 
solutions to any difficulties arising from the operation of those provisions.</article>
      <article number="ARTICLE 17" name="Internal Taxation" article_identifier="17578">1. The Contracting Parties shall refrain from any measure or practice of an internal fiscal nature 
establishing, whether directly or indirectly, discrimination between the products originating in the 
Contracting Parties. 



2. Products exported to the territory of one of the Contracting Parties may not benefit from 
repayment of internal taxation in excess of the amount of direct or indirect taxation imposed on them.</article>
      <article number="ARTICLE 18" name="General Exceptions" article_identifier="17579">This Agreement shall not preclude prohibitions or restrictions on imports, exports or goods 
in transit justified on grounds of public morality, public policy or public security; the protection of 
health and life of humans, animals or plants; the protection of national treasures possessing artistic, 
historic or archaeological value; protection of intellectual property or rules relating to gold or silver 
ortheconservationofexhaustiblenaturalresources ifsuchmeasuresaremadeeffectiveinconjunction 
with restrictions on domestic production or consumption. Such prohibitions or restrictions shall not, 
however, constitute a means of arbitrary discrimination or a disguised restriction on trade between 
the Contracting Parties.</article>
      <article number="ARTICLE 19" name="Security Exceptions" article_identifier="17580">Nothing in this Agreement shall prevent a Contracting Party from taking any appropriate measure 
which it considers necessary: 



(a) 	to prevent the disclosure of information contrary to its essential security interests; 



(b) 	for the protection of its essential security interests or for the implementation of 
international obligations or national policies; 



(i) 	relating to the traffic in arms, ammunition and implements of war, provided 
that such measures do not impair the conditions of competition in respect of 
products not intended for specifically military purposes, and to such traffic 
in other goods, materials and services as is carried on directly or indirectly 
for the purpose of supplying a military establishment, 



(ii) 	relating to fissionable materials or the materials from which they are derived, 

or 


or 


(iii) taken in time of war or other serious international tension.</article>
      <article number="ARTICLE 20" name="State Monopolies" article_identifier="17581">1. TheContractingPartiesshalladjustprogressivelyanyStatemonopolyofcommercialcharacter 
so as to ensure that by the end of the fifth year after the entry into force of this Agreement, no 
discrimination regarding the conditions under which goods are procured and marketed exists between 
nationals of the Contracting Parties. 



2. The provisions of this Article shall apply to any body through which the competent authorities 
of the Contracting Parties, in law or in fact, either directly or indirectly supervise, determine or 
appreciably influence imports or exports between the Contracting Parties. These provisions shall likewise 
apply to monopolies delegated by a Contracting Party to other bodies.</article>
      <article number="ARTICLE 21" name="Payments" article_identifier="17582">1. Payments in freely convertible currencies relating to trade in goods between the Contracting 
Parties and the transfer of such payments to the territory of the Contracting Party to this Agreement, 
where the creditor resides, shall be free from any restrictions. 



2. The Contracting Parties shall refrain from any exchange or administrative restrictions on the 
grant, repayment or acceptance of short and medium term credits to trade in goods in which a resident 
participates. 



3. Notwithstanding paragraph 2, until Article VIII of the Articles of the Agreement of the 
International Monetary Fund becornes applicable for the Contracting Parties, the Contracting Parties 
reserve the right to apply exchange restrictions on the grant or acceptance of short and medium term 
credits related to trade in goods to the extent permitted according to their status under the International 
Monetary Fund, provided that these restrictions are applied in a non-discriminatory manner as regards 
the origin of the products and that they are not applied only to specific products or kind of products. 

The restrictions shall be of limited duration and shall be eliminated when conditions no longer 
justify their maintenance. The Contracting Party shall inform the other Contracting Party promptly 
of the introduction of such measures and of any changes therein.</article>
      <article number="ARTICLE 22" name="Rules Of Competition Concerning Undertakings" article_identifier="17583">1. The following are incompatible with the proper functioning of this Agreement insofar as they 
may affect trade between the Contracting Parties: 



(a) 	all agreements between undertakings, decisions by associations of undertakings and 
concerted practices between undertakings which have as their object or effect the 
prevention, restriction or distortion of competition; 



(b) 	abuse by one or more undertakings of a dominant position in the territories of the 
Contracting Parties as a whole or in substantial part thereof. 


2. The provisions of paragraph 1 shall apply to the activities of all undertakings including public 
undertakings and undertakings to which the Contracting Parties grant special or exclusive rights. 
Undertakings entrusted with the operation of services of general economic interest or having the character 
ofarevenue-producingmonopoly, shallbesubjecttoprovisionsofparagraph 1insofarastheapplication 
of these provisions does not obstruct the performance, in law or fact. of the particular public tasks 
assigned to them. 



3. With regard to products referred to in Chapter Il the provisions stipulated in paragraph 1(a) 
shall not apply to such agreements, decisions and practices which form an integral part of a national 
market organization. 



4. IfaContractingPartyconsidersthatagivenpracticeisincompatiblewithparagraphs1,2and3 
of this Article and if such practice causes or threatens to cause serious prejudice to the interest of that 
Contracting Party or material injury to its domestic industry, it may take appropriate measures under 
the conditions and in accordance with the procedure laid down in Article 31.</article>
      <article number="ARTICLE 23" name="State Aid" article_identifier="17584">1. Any aid granted by a State being a Contracting Party to this Agreement or through State resources 
in any form whatsoever which distorts or threatens to distort competition by favouring certain 
undertakings or the production of certain goods shall, insofar as it may affect trade between the 
Contracting Parties to this Agreement, be incompatible with the proper functioning of this Agreement. 



2. The provisions of paragraph 1 shall not apply to products referred to in Chapter Il. 



3. The Joint Committee shall, within three years from the entry into force of this Agreement, 
adoptthecriteriaonthebasisofwhichthepracticescontrarytoparagraph 1shallbeassessed,aswell 
as the rules for their implementation. 



4. TheContractingPartiesshallensuretransparencyintheareaofstateaid,interalia,byreporting 
annually to each other on the total amount and the distribution of the aid given and by providing to 
the other Contracting Party, upon request, information on aid schemes and on particular individual 
cases of state aid. 



5. If a Contracting Party considers that a particular practice, including that in agriculture: 

-is incompatible with the terms of paragraph 1, and is not adequately dealt with under 
the implementing rules referred to in paragraph 3, or 


-in the absence of such rules, and if such practice causes or threatens to cause serious 
prejudice to the interest of that Contracting Party or material injury to its domestic 
industry, 


it may take appropriate measures under the conditions of and in accordance with the provisions laid 
down in Article 31. 


Such appropriate measures may only be taken in conformity with the procedures and under 
the conditions laid down by the General Agreement on Tariffs and Trade and any other relevant 
instrument negotiated under its auspices which are applicable between the Contracting Parties.</article>
      <article number="ARTICLE 24" name="Public Procurement" article_identifier="17585">1. The Contracting Parties consider the liberalization of their respective public procurement markets 
as an objective of this Agreement. 



2. The Contracting Parties shall progressively develop their respective regulations for public 
procurement with a view to grant suppliers of the other Contracting Party by the end of 1998, at the 
latest, access to contract award procedures on their respective public procurement markets according 
totheprovisionsoftheAgreementonGovernmentProcurementof12 April1979relatedtotheGeneral 
Agreement on Tariffs and Trade, as amended by a Protocol of Amendments of 2 February 1987. 



3. The Joint Committee shall examine developments related to the achievement of the objectives 
ofthis Articleandmayrecommend practical modalities ofimplementing theprovisionsofparagraph 2 
of this Article so as to ensure free access, transparency and full balance of rights and obligations. 


4. During the examination referred to in paragraph 3 of this Article, the Joint Committee may 
consider, especially in the light of developments in this area in international relations, the possibility 
of extending the coverage and/or the degree of the market opening provided for in paragraph 2. 



5. The Contracting Parties shall endeavour to accede to the relevant Agreements negotiated under 
the auspices of the General Agreement on Tariffs and Trade.</article>
      <article number="ARTICLE 25" name="Protection Of Intellectual Property" article_identifier="17586">1. The Contracting Parties shall grant and ensure protection of intellectual property rights on a 
non-discriminatory basis, including measures for the grant and enforcement of such rights. The 
protection shall be gradually improved and, before the end of the fifth year after the entry into force 
ofthisAgreement, ofa levelcorresponding tothesubstantivestandardsofthe multilateralagreements 
which are specified in Annex V. 



2. For the purpose of this Agreement "intellectual property protection" includes in particular 
protectionofcopyright, comprisingcomputerprogramsand databases,andneighboring rights, trade 
marks,geographical indications, industrialdesigns, patents,topographiesofintegratedcircuits, aswell 
as undisclosed information on know-how. 



3. Protection of topographies of integrated circuits ensured by any Contracting Party shall be 
granted on reciprocal basis. 



4. The Contracting Parties shall co-operate in matters of intellectual property. They shall hold, 
uponrequestofanyContractingParty,expertconsultationsonthesematters, inparticularonactivities 
relating to the existing or to future international conventions on harmonization, administration and 
enforcement of intellectual property and on activities in international organizations, such as the General 
Agreement on Tariffs and Trade, World Intellectual Property Organization, as well as relations of 
Contracting Parties with third countries on matters concerning intellectual property.</article>
      <article number="ARTICLE 26" name="Dumping" article_identifier="17587">If a Contracting Party finds that dumping within the meaning of Article VI of the General 
Agreement on Tariffs and Trade is taking place in trade relations governed by this Agreement, it may 
takeappropriatemeasuresagainstthatpractice inaccordancewithArticle VIoftheGeneralAgreement 
on Tariffs and Trade and agreements related to that Article, under the conditions and in accordance 
with the procedure laid down in Article 31.</article>
      <article number="ARTICLE 27" name="General Safeguards" article_identifier="17588">Where any product is being imported in such increased quantities and under such conditions 
as to cause or threaten to cause: 



(a) 	serious injury to domestic producers of like or directly competitive products in the 
territory of the importing Contracting Party; or 



(b) 	serious disturbances in any related sector of the economy or difficulties which could 
bring about serious deterioration in the economic situation of a region, 

theContractingPartyconcernedmay takeappropriatemeasuresundertheconditionsand inaccordance 
with the procedure laid down in Article 31.</article>
      <article number="ARTICLE 28" name="Structural Adjustment" article_identifier="17589">1. ExceptionalmeasuresoflimiteddurationwhichderogatefromtheprovisionsofArticle3may 
be taken by any of the Contracting Parties in the form of increased customs duties. 



2. These measures may only concern infant industries, or certain sectors undergoing restructuring 
or facing serious difficulties, particularly where these difficulties produce important social problems. 



3. CustomsdutiesonimportsapplicableintheContractingPartyconcernedtoproductsoriginating 
in the other Contracting Party introduced by these measures may not exceed 25 per cent ad valorem 
and shall maintain an element of preference for products originating in the Contracting Parties. The 
total value of imports of the products which are subject to these measures may not exceed 15 per cent 
oftotal imports of industrial products from the other Contracting Party as defined in Chapter I, during 
the last year for which statistics are available. 



4. These measures shall be applied for a period not exceeding five years unless a longer duration 
is authorized by the Joint Committee. 



5. Nosuchmeasurescanbeintroducedinrespectofaproductifmorethanfiveyearselapsed 
since the elimination of all duties and quantitative restrictions or charges or measures having an equivalent 
effect concerning that product. 



6. The Contracting Party concerned shall inform the other Contracting Party of any exceptional 
measures it intends to take and, at the request of the other Contracting Party, consultations shall be 
held within the Joint Committee on such measures and the sectors to which they apply before they 
are applied. When taking such measures the Contracting Party concerned shall provide the Joint 
Committee with a schedule for the elimination of the customs duties introduced under this Article. 
This schedule shall provide for a phasing out of these duties starting at the latest two years after their 
introduction, at equal annual rates. The Joint Committee may decide on a different schedule.</article>
      <article number="ARTICLE 29" name="Re-Export And Serious Shortage" article_identifier="17590">Where compliance with the provisions of Articles 7 and 9 leads to: 



(a) 	re-export towards a third country against which the exporting Contracting Party 
maintains for the product concerned quantitative export restrictions, export duties or 
measures or charges having equivalent effect; or 



(b) 	aseriousshortage,orthreatthereof,ofaproductessentialtotheexportingContracting 
Party, and where the situations referred to above give rise or are likely to give rise to major difficulties for 
the exporting Contracting Party, that Contracting Party may take appropriate measures under the 
conditions and in accordance with the procedures laid down in Article 31.</article>
      <article number="ARTICLE 30" name="Fulfilment Of Obligations" article_identifier="17591">1. The Contracting Parties shall take any general or specific measures required to fulfil their 
obligations under this Agreement. They shall see to it that the objectives set out in this Agreement 
are attained. 



2. IfaContractingPartyconsidersthattheotherContractingPartyhasfailedtofulfilanobligation 
under this Agreement, the Contracting Party concerned may take appropriate measures under the 
conditions and in accordance with the procedure laid down in Article 31.</article>
      <article number="ARTICLE 31" name="Procedure For The Application Of Safeguard Measures" article_identifier="17592">1. Beforeinitiatingtheprocedurefortheapplicationofsafeguardmeasuressetoutinthefollowing 
paragraphs of the present Article, the Contracting Parties shall endeavour to solve any differences 
between them through direct consultations. 



2. In the event of a Contracting Party subjecting imports of products liable to give rise to the 
situationreferredtoinArticle 27toanadministrativeprocedurehavingas itspurposetherapidprovision 
of information on the trend of trade flows, it shall inform the other Contracting Party. 



3. Without prejudice to paragraph 7 of the present Article, a Contracting Party which considers 
resorting to safeguard measures shall promptly notify the other Contracting Party thereof and supply 
all relevant information. Consultations between the Contracting Parties shall take place without delay 
in the Joint Committee with a view to finding a solution. 



4. 	(a) As regards Articles 26, 27 and 29, the Joint Committee shall examine the case or the 
situation and may take any decision needed to put an end to the difficulties notified 
bytheContractingPartyconcerned. Inthecaseoftheabsenceofsuchdecisionwithin 
thirty days of the matter being referred to the Joint Committee, the Contracting Party 
concerned may adopt the measures necessary in order to remedy the situation. 



(b) 	AsregardsArticle30,theContractingPartyconcernedmaytakeappropriatemeasures 
after the consultations have been concluded or a period of three months has elapsed 
from the date of first notification to the other Contracting Party. 



(c) 	As regards Articles 22 and 23, the Contracting Party concerned shall give the Joint 
Committee ail the assistance required in order to examine the case and, where 
appropriate, eliminate the practice objected to. If the Contracting Party in question 
fails to put an end to the practice objected to within the period fixed by the Joint 
CommitteeoriftheJointCommittee failstoreachanagreementwithinthirtyworking 
days of the matter being referred to it, the Contracting Party concerned may adopt 
the appropriate measures to deal with the difficulties resulting from the practice in 
question. 


5. The safeguard measures taken shall be notified immediately to the other Contracting Party. 
They shall be restricted with regard to their extent and to their duration to what is strictly necessary 
in order to rectify the situation giving rise to their application and shall not be in excess of the injury 
caused by the practice or the difficulty in question. Priority shall be given to such measures as will 
least disturb the functioning of this Agreement. 



6. The safeguard measures taken shall be the subject of periodic consultations within the Joint 
Committee with a view to their relaxation as soon as possible, or abolition when conditions no longer 
justify their maintenance. 



7. Where exceptional circumstances requiring immediate action make prior examination impossible, 
the Contr. ting Party concerned may, in the cases of Articles 26, 27 and 29, apply forthwith the 
provisional measures strictly necessary to remedy the situation. The measures shall be notified without 
delay and consultations between the Contracting Parties shall take place as soon as possible within the 
Joint Committee.</article>
      <article number="ARTICLE 32" name="Balance Of Payments Difficulties" article_identifier="17593">1. The Contracting Parties shall endeavour to avoid the imposition of restrictive measures including 
measures relating to imports for balance of payments purposes. 



2. Where one of the Contracting Parties is in serious balance of payments difficulties, or under 
imminent threat thereof, the Contracting Party concerned may, in accordance with the conditions 
established under the General Agreement on Tariffs and Trade, adopt restrictive measures, including 
measures related toimports,whichshallbeoflimiteddurationandmaynotgobeyondwhat isnecessary 
to remedy the balance of payments situation. The measures shall be progressively relaxed as balance 
of payments conditions improve and they shall be eliminated when conditions no longer justify their 
maintenance. The Contracting Party concerned shall inform the other Contracting Party forthwith 
of their introduction and, whenever practicable, of a time schedule for their removal.</article>
      <article number="ARTICLE 33" name="Evolutionary Clause" article_identifier="17594">1. Where a Contracting Party considers that it would be useful in the interests of the economies 
ofthe Contracting Parties todevelop anddeepen the relations established by this Agreementbyextending 
them to fields not covered thereby, it shall submit a reasoned request to the other Contracting Party. 
The Contracting Parties may instruct the Joint Committee to examine such a request and, where 
appropriate, to make recommendations, particularly with a view to opening negotiations. 



2. Agreementsresultingfromtheprocedurereferredtoinparagraph 1willbesubjecttoratification 
or approval by the Contracting Parties in accordance with their national legislation.</article>
      <article number="ARTICLE 34" name="The Joint Committee" article_identifier="17595">1. The Contracting Parties agree to set up the Joint Committee composed of representatives of 
the Contracting Parties. 



2. The implementation of this Agreement shall be supervised and administered by the Joint 
Committee. 



3. For the purpose of the proper implementation ofthis Agreement, the Contracting Parties shall 
exchangeinformationand, attherequestofanyContracting Party, shallholdconsultationswithinthe 
Joint Committee. The Joint Committee shall keep under review the possibility of further removal of 
the obstacles to trade between the Contracting Parties. 



4. The Joint Committee may take decisions in the cases provided for in this Agreement. Onother 
matters the Joint Committee may make recommendations.</article>
      <article number="ARTICLE 35" name="Procedures Of The Joint Committee" article_identifier="17596">1. For the proper implementation of this Agreement the Joint Committee shall meet whenever 
necessary but at least once a year. Each Contracting Party may request that a meeting be held. 



2. The Joint Committee shall act by common agreement. 



3. If a representative in the Joint Committee of a Contracting Party to this Agreement has, under 
thereservation,acceptedadecisionsubjecttothefulfilmentofconstitutionalrequirements, thedecision 
shall enter into force, if no later date is contained therein, on the day the lifting of the reservation is 
notified. 



4. ForthepurposeofthisAgreementtheJointCommitteeshalladoptitsrulesofprocedurewhich 
shall, inter alia, contain provisions for convening meetings and for the designation of the Chairman 
and his term of office. 



5. The Joint Committee may decide to set up such sub-committees and working parties as it 
considers necessary to assist it in accomplishing its tasks.</article>
      <article number="ARTICLE 36" name="Trade Relations Governed By This And Other Agreements" article_identifier="17597">1. This Agreement shall apply to trade relations between the Czech Republic and the Republic 
of Slovenia. 



2. This Agreement shall not prevent the maintenance or establishment of customs unions, free-trade 
areas or arrangements for frontier trade to the extent that these do not negatively affect the trade regime 
and in particular the provisions concerning rules of origin provided for by this Agreement.</article>
      <article number="ARTICLE 37" name="Annexes And Protocols" article_identifier="17598">The Annexes I-V and the Protocols 1-3 to this Agreement are an integral part of it. The Joint 
Committee may decide to amend the Annexes and Protocols in accordance with the provisions of 
paragraph 3 of the Article 35.</article>
      <article number="ARTICLE 38" name="Amendments" article_identifier="17599">Amendments tothisAgreementotherthanthosereferredto inparagraph 4ofArticle 34which 
are approved by the Joint Committee shall be submitted to the Contracting Parties to this Agreement 
for acceptance and shall enter into force if accepted by both Contracting Parties in accordance with 
their national legislation. 


Amendments shall enter into force on the date of a receipt of a last diplomatic note confirming 
that all procedures required by the national legislations for the entry into force of the amendments by 
each Contracting Party have been completed.</article>
      <article number="ARTICLE 39" name="Entry Into Force" article_identifier="17600">1 . ThisAgreementshallenterintoforceon 1January1994providedthatbothContractingParties 
have notified each other before this date confirming that all procedures required by national legislations 
for entry into force of this Agreement have been completed. 



2. In the event that this Agreement has not entered into force in accordance with the provision 
ofparagraph 1, itshallenterintoforceonthedateofthelastnotificationofaContractingPartythat 
the procedures referred to in the paragraph 1 have been completed. 



3. Contracting Parties shall apply this Agreement provisionally from 1 January 1994 if this 
Agreement cannot enter into force by 1 January 1994.</article>
      <article number="ARTICLE 40" name="Validity Of Termination" article_identifier="17601">Each Contracting Party may terminate this Agreement including the provisional application 
by means of a written notification to the other Contracting Party. The termination shall take effect 
six months after the date on which the notification was received by the other Contracting Party.</article>
    </chapter>
    <chapter name="Conclusion" chapter_identifier="2097">
      <article article_identifier="17602">IN WITNESS WHEREOF the undersigned plenipotentiaries, being duly authorized thereto, 
have signed the present Agreement. 


Done in the Duplication at Ljubljana on this day of December 1993 in the English language. 


For the Czech Republic For the Republic of Slovenia</article>
    </chapter>
  </body>
</treaty>
