<?xml version="1.0" encoding="UTF-8"?>
<treaty>
  <meta>
    <name>Kyrgyz Republic - Armenia</name>
    <type>Free Trade Agreement</type>
    <wto_rta_id>90</wto_rta_id>
    <treaty_identifier>81</treaty_identifier>
    <status>In Force</status>
    <notification>GATT Art. XXIV</notification>
    <date_signed>1994-07-04</date_signed>
    <date_into_force>1995-10-27</date_into_force>
    <date_notification>2000-12-12</date_notification>
    <end_implementation>1995-12-31</end_implementation>
    <date_inactive/>
    <parties_original>
      <partyisocode n="1">ARM</partyisocode>
      <partyisocode n="2">KGZ</partyisocode>
    </parties_original>
    <parties>
      <partyisocode n="1">ARM</partyisocode>
      <partyisocode n="2">KGZ</partyisocode>
    </parties>
    <composition>Bilateral</composition>
    <region>Commonwealth of Independent States (CIS)</region>
    <parties_wto>Yes</parties_wto>
    <crossregional>No</crossregional>
    <language>en</language>
    <source lang="en" type="full text">http://docsonline.wto.org/imrd/gen_redirectsearchdirect.asp?RN=0&amp;searchtype=browse&amp;query=@meta_Symbol"WT/REG114/1"&amp;language=1&amp;ct=DDFEnglish</source>
    <source lang="es" type="full text">http://docsonline.wto.org/imrd/gen_redirectsearchdirect.asp?RN=0&amp;searchtype=browse&amp;query=@meta_Symbol"WT/REG114/1"&amp;language=3&amp;ct=DDFSpanish</source>
    <source lang="fr" type="full text">http://docsonline.wto.org/imrd/gen_redirectsearchdirect.asp?RN=0&amp;searchtype=browse&amp;query=@meta_Symbol"WT/REG114/1"&amp;language=2&amp;ct=DDFFrench</source>
  </meta>
  <body>
    <chapter chapter_identifier="98">
      <article article_identifier="8364">AGREEMENT FREE TRADE BETWEEN THE CABINET OF MINISTERS OF 
THE KYRGYZ REPUBLIC AND THE GOVERNEMENT OF THE REPUBLIC OF ARMENIA 


The Cabinet of Ministers of the Kyrgyz Republic and the Government of the Republic of Armenia, further referred to as "Contracting Parties", 

Aspiring for the development of trade economic cooperation between the Republic of Armenia and the Kyrgyz Republic on the basis of equality and mutual benefit, 

Proceeding from the sovereign right of either Contracting Party to carry out an independent foreign economic policy and provide the fulfilment of the relevant international obligations and implementation of declared intentions, 

Intending to assist in the creation of a single market of goods, services, capitals and manpower, 

Hereby agreed as follows:</article>
    </chapter>
    <chapter chapter_identifier="99">
      <article number="ARTICLE 1" article_identifier="8365">1. The Contracting Parties shall not apply customs duties, taxes, and levies which have equivalent effect, with respect to exportation or importation of goods originated from the customs territory of one of the Contracting Parties and intended for the customs territory of the other Contracting Party.  Features of using the trade regime between both countries shall be in the form of annual documents which are integral par hereof. 


2. For the purposes of this Agreement and for the period it is effective, goods originated from the territory of the Contracting Parties shall be goods: 


(a) 	fully manufactured on the territory of the Contracting Parties, 


(b) 	which were subject to processing on the territory of the Contracting Parties with the use of raw material, materials and parts originated from third countries, and which changed (because of that) the belonging based on the classification of the Harmonized Commodity Description and Coding System proceeding from the first four digits. 
(c) 	manufactured with the use of raw material, materials and parts mentioned in paragraph (b), provided that their total cost does not exceed a fixed share of export price for saleable goods.</article>
      <article number="ARTICLE 2" article_identifier="8366">The Contracting Parties will not: 

-directly or indirectly impose on goods, subject to this Agreement, domestic taxes or levies which exceed the relevant taxes or levies imposed on similar domestically produced goods or similar goods originated from third countries. 

-with respect to importation or exportation of goods, subject to this Agreement, introduce any special restrictions or requirements which are not similarly applied to similar domestically produced goods or similar goods originated from third countries. 

-with respect to warehousing, transhipping, storing and transporting goods originated from the Contracting Parties, and with respect to payments and transfer of payments, apply rules other than those which are similarly applied with respect to their own goods or goods originated from third countries.</article>
      <article number="ARTICLE 3" article_identifier="8367">1. The Contracting Parties will refrain from applying quantitative restrictions or measures which are equivalent with them with respect to exportation and importation of goods under this Agreement. 


2. The quantitative restrictions mentioned in paragraph 1 of this Article may be unilaterally established in reasonable limits and for a strictly certain period only: 


• 	in cases of acute deficit of this product in the domestic market until the market situation is stabilized; 


• 	in cases of acute deficit of balance of payments until the situation with balance of payments is stabilized; 


• 	for the purposes of carrying out the measures provided by Article 4 hereof. 

3. The quantitative restrictions of this Article may also be established on the basis of Parties' mutual agreement and shall be included in yearly documents mentioned in paragraph 1 of Article 1 hereof. 


4. A Contracting Party that applies quantitative restrictions in compliance with paragraph 2 of the Article shall be obliged, upon inquiry of the other Contracting Party, to present necessary information concerning the reasons for the introduction, forms and possible terms of applying the mentioned restrictions. 


5. The Contractions Parties will aspire to solve all the issues arising in connection with the application of the quantitative restrictions in compliance with paragraph 2 of this Article by way consultations.</article>
      <article number="ARTICLE 4" article_identifier="8368">Either Contracting Party will not allow re-exportation of goods with respect to exportation of which the other Contracting Party, where these goods originate from, applies measures of tariff and/or non-tariff regulation. 

Re-exportation of these goods to third countries can be carried out only by written consent and on terms determined by the authorized body of a State which is the country of origin of these goods.  In the event that this provision is not implemented, a Contracting Party, whose interests have been violated, shall have the right to unilaterally introduce measures, for the regulation of exportation of goods to the territory of the State which allowed non-sanctioned re-export.  And the latter pay the whole currency earning of such re-export to the country of origin of the relevant goods. 

Re-exportation shall mean that goods originated from the customs territory of one of the Contracting Parties, as defined in paragraph 2 of Article 1 hereof, are exported by the other Contracting Party outside the customs territory of the latter with the aim of exporting them to a third country.</article>
      <article number="ARTICLE 5" article_identifier="8369">The Contracting Parties will, on a regular basis, exchange information on customs issues, as well as customs statistics.  The relevant authorized bodies of the Contracting Parties shall coordinate the order and volume of such information. 

The Contracting Parties will inform each other of all exceptions to the current customs tariff which are unilaterally applied.</article>
      <article number="ARTICLE 6" article_identifier="8370">The Contracting Parties shall consider unfair business practice incompatible with the objectives of this Agreement.  The unfair business practice is expressed in particular in the following: 

-

in concluding agreements between enterprises and their associations aimed at impeding or restricting competition or violating conditions for the competition on the territories of the Contracting Parties; 
-

in carrying out actions with the help of which one or several enterprises use their dominant position restricting competition on the entire or considerable part of the territory of the Contracting Parties.</article>
      <article number="ARTICLE 7" article_identifier="8371">In carrying out measures of tariff and non-tariff regulation of bilateral economic relations, for exchanging statistical information and carrying out customs procedures, the Contracting Parties have agreed to apply a single 9-digit Goods Nomenclature of Foreign Economic Activity (GN FEA) based on the Harmonized Commodity Description and Coding System and the Combined Tariff Statistical Nomenclature of the European Economic Community.  And the Contracting Parties shall, for their own needs, if necessary, carry out the development of the Goods Nomenclature beyond 9-digits.</article>
      <article number="ARTICLE 8" article_identifier="8372">The Contracting Parties have agreed not to use the national aid in the form of subsidies to enterprises or in any other form, if such national aid might cause violation of normal economic conditions on the territory of the other Contracting Party.</article>
      <article number="ARTICLE 9" article_identifier="8373">The Contracting Parties have agreed that the observance of a principle of transit freedom shall be the most important condition for achieving the objectives of this Agreement and shall be an essential element of the process of their attachment to the system of international division of labor and cooperation. 

In this connection, either Contracting Party shall provide a free transit, via its territory, of goods originated from the customs territory of the other Contracting Party and/or third countries and intended for the customs territory of the other Contracting Party or any third country.  Either Contracting Party shall provide exporters, importers or carriers with all means and services available and necessary to provide transit on terms not worse than those on which the same means and services are provided to its own exporters, importers or carriers, or to exporters, importers or carriers of any third country. 

The Contracting Parties have agreed that tariffs on transit by any kind of transport, including tariffs on loading and unloading works, will be economically substantiated. 

The Contracting Parties will conclude a special agreement on transit issues.</article>
      <article number="ARTICLE 10" article_identifier="8374">Nothing herein must prevent a Contracting Party from taking measures which it considers necessary to protect its vital interests or which are undoubtedly necessary for the implementation of the international agreements of which it intends to become a signatory, if these measures concern: 


• information affecting interests of the national defense; 


• trade in weapons, ammunition and military equipment; 


• investigations or production connected with needs of defense; 


• deliveries of materials and equipment used in nuclear industry; 


• defense of public moral and public order; 


• protection of industrial or intellectual property; 


• gold, silver or other precious metals and stones; 


• health protection of people, animals and plants.</article>
      <article number="ARTICLE 11" article_identifier="8375">The provisions of this Agreement shall replace provisions of the agreements concluded earlier between the Contracting Parties, if the latter is either not compatible with the former or identical to it. The Contracting Parties will instruct bodies to prepare a relevant Protocol on this issue.</article>
      <article number="ARTICLE 12" article_identifier="8376">This Agreement shall not affect the effectiveness of other Agreements earlier concluded by the Contracting Parties with third countries.</article>
      <article number="ARTICLE 13" article_identifier="8377">Nothing herein shall prevent the Contracting Parties from carrying out relations, which do not contradict the objectives and terms hereof, with States which are not Parties to this Agreement and with their associations and international organizations.</article>
      <article number="ARTICLE 14" article_identifier="8378">Disputes between the Contracting Parties regarding the interpretation or application of the provisions hereof will be settled by way of negotiations.</article>
      <article number="ARTICLE 15" article_identifier="8379">To carry out the objectives hereof and work out recommendations on improving trade economic cooperation between the two countries, the Countries Parties have agreed to establish a joint Kyrgyz-Armenian Commission.</article>
      <article number="ARTICLE 16" article_identifier="8380">The Contracting Parties have agreed that the Republic of Armenia may establish its trade representative office in the Kyrgyz Republic, and the Kyrgyz Republic may establish its trade representative office in the Republic of Armenia. The legal status of these trade representative offices and their functions and location shall be additionally coordinated by the Contracting Parties.</article>
      <article number="ARTICLE 17" article_identifier="8381">Any state may, provided that the Contracting Parties approve this, join this Agreement on terms which will be coordinated between a joining state and the Contracting Parties.</article>
      <article number="ARTICLE 18" article_identifier="8382">Protocol on Exceptions to Free Trade Regime to be signed by the Parties within one month period from the date this Agreement is signed shall be integral part hereof.1</article>
      <article number="ARTICLE 19" article_identifier="8383">This Agreement shall come into force from the date of exchanging notifications on the fulfilment of all legal procedures necessary for this. 

The Agreement shall terminate on the expiration of 12 months from the date of a written notification of one of the Contracting Parties concerning the termination of the Agreement. 

This Agreement will, after its termination, be applied to contracts between enterprises and organizations of both countries which are concluded but not implemented in the period when it is effective.</article>
    </chapter>
    <chapter chapter_identifier="100">
      <article article_identifier="8384">Done in Erevan, on 4 July 1994, in two originals.  Each is in the Kyrgyz, Armenian and Russian languages, and all the texts shall be equally valid. 

1 The Protocol is reproduced in the Annex.</article>
    </chapter>
  </body>
</treaty>
