<?xml version="1.0" encoding="UTF-8"?>
<treaty>
  <meta>
    <name>Turkey - Morocco</name>
    <type>Free Trade Agreement</type>
    <wto_rta_id>29</wto_rta_id>
    <treaty_identifier>25</treaty_identifier>
    <status>In Force</status>
    <notification>GATT Art. XXIV</notification>
    <date_signed>2004-04-07</date_signed>
    <date_into_force>2006-01-01</date_into_force>
    <date_notification>2006-02-10</date_notification>
    <end_implementation>2015-12-31</end_implementation>
    <date_inactive/>
    <parties_original>
      <partyisocode n="1">MAR</partyisocode>
      <partyisocode n="2">TUR</partyisocode>
    </parties_original>
    <parties>
      <partyisocode n="1">MAR</partyisocode>
      <partyisocode n="2">TUR</partyisocode>
    </parties>
    <composition>Bilateral</composition>
    <region>Africa; Europe</region>
    <parties_wto>Yes</parties_wto>
    <crossregional>Yes</crossregional>
    <language>en</language>
    <source lang="en" type="full text">http://docsonline.wto.org/imrd/gen_redirectsearchdirect.asp?RN=0&amp;searchtype=browse&amp;query=@meta_Symbol"WT/REG209/1"&amp;language=1&amp;ct=DDFEnglish</source>
    <source lang="es" type="full text">http://docsonline.wto.org/imrd/gen_redirectsearchdirect.asp?RN=0&amp;searchtype=browse&amp;query=@meta_Symbol"WT/REG209/1"&amp;language=3&amp;ct=DDFSpanish</source>
    <source lang="fr" type="full text">http://docsonline.wto.org/imrd/gen_redirectsearchdirect.asp?RN=0&amp;searchtype=browse&amp;query=@meta_Symbol"WT/REG209/1"&amp;language=2&amp;ct=DDFFrench</source>
    <source lang="en" type="annex">http://rtais.wto.org/rtadocs/29/AnnexAndRelatedDocs/English/Turkey - Morocco Annexes.zip</source>
  </meta>
  <body>
    <chapter name="Preamble" chapter_identifier="368">
      <article article_identifier="3260">FREE TRADE AGREEMENT BETWEEN THE REPUBLIC OF TURKEY AND  
THE KINGDOM OF MOROCCO* 


PREAMBLE 


The Republic of Turkey and the Kingdom of Morocco (hereinafter referred to as «the Parties»), 

Recalling their intention to participate actively in the process of economic integration in Europe and in the Mediterranean Basin expressing their preparedness to co-operate in seeking ways and means to strengthen this process; 

Having regard to Agreement Establishing an Association between Turkey and the European Economic Community and the Euro-Mediterranean Agreement Establishing an Association between the European Communities and Morocco; 

Having regard to the experience gained from the co-operation developed between the Parties to this Agreement as well as between them and their main trading partners; 

Declaring their willingness to take action with a view to promoting harmonious development of their trade as well as to expanding and diversifying their mutual co-operation in the fields of common interest, thus creating a framework and supportive environment based on equality, non discrimination, and a balance of rights and obligations; 

Recalling the membership of the Parties in World Trade Organization (hereinafter “WTO”) and their commitment to comply with the rights and obligations arising from the Agreement establishing the WTO, including the principles of most-favoured-nation and of national treatment; 

Resolved to lay down for this purpose provisions aimed at the progressive abolition of the obstacles to trade between the Parties in accordance with the provisions of these instruments, in particular those concerning the establishment of free trade areas; 


Resolved to contribute to the strengthening of the multilateral trading system and to develop their relations towards free trade in compliance with WTO rules; 

Declaring their readiness to examine, in the light of any relevant factor, the possibility of developing and deepening their economic relations in order to extend them to fields not covered by this Agreement; 

Also convinced that this Agreement will create conditions encouraging economic, trade and investment relations between them; 

Have decided, in pursuance of these objectives, to conclude the following Agreement (hereinafter referred to as "this Agreement").</article>
    </chapter>
    <chapter number="CHAPTER I" name="Industrial Products" chapter_identifier="369">
      <article number="ARTICLE 3" name="Scope" article_identifier="3261">The provisions of this Chapter shall apply to products falling within Chapters 25 to 97 of Harmonised Commodity Description and Coding System with the exception of the products listed in Annex I.</article>
      <article number="ARTICLE 4" name="Customs Duties On Imports And Charges Having Equivalent Effect" article_identifier="3262">1. No new customs duties on imports or charges having equivalent effect shall be introduced, in trade between the Parties from the date of entry into force of this Agreement.  


2. Customs duties and any charges having equivalent effect to customs duties on imports shall be abolished in accordance with the provisions of Protocol I to this Agreement.</article>
      <article number="ARTICLE 5" article_identifier="3263">Customs Duties Of A Fiscal Nature The provisions of Article 4 shall also apply to customs duties of a fiscal nature.</article>
      <article number="ARTICLE 6" name="Customs Duties On Exports And Charges Having Equivalent Effect" article_identifier="3264">1. No new customs duties on exports or charges having equivalent effect shall be introduced nor shall those existing be made more restrictive in trade between the Parties from the date of entry into force of this Agreement. 


2. Customs duties on exports and any charges having equivalent effect shall be abolished between the Parties upon the entry into force of this Agreement.</article>
      <article number="ARTICLE 7" name="Quantitative Restrictions On Imports And Measures Having Equivalent Effect" article_identifier="3265">1. No new quantitative restriction on imports or measure having equivalent effect shall be introduced nor shall those existing be made more restrictive in trade between the Parties from the date of entry into force of this Agreement. 


2. Quantitative restrictions on imports shall be abolished between the Parties upon the entry into force of this Agreement. 
Quantitative Restrictions On Exports And Measures Having Equivalent Effect 


1. No new quantitative restriction on exports or measure having equivalent effect shall be introduced, nor shall those existing be made more restrictive in trade between the Parties from the date of entry into force of this Agreement. 


2. Quantitative restrictions on exports and any measures having equivalent effect shall be abolished between the Parties upon the entry into force of this Agreement.</article>
    </chapter>
    <chapter number="CHAPTER II" name="Agricultural Products" chapter_identifier="370">
      <article number="ARTICLE 9" name="Scope And Exchange Of Concessions" article_identifier="3266">1. The provisions of this Chapter shall apply to agricultural products falling within Chapters 1 to 24 of the Harmonised Commodity Description and Coding System and the products listed in Annex I originating in the Parties. 


2. The Parties grant each other the concessions specified in Protocol II, providing for measures to facilitate trade in agricultural products. 


3. 	Taking into account of: 


-	the role of agriculture in their economies, 


-	the development of trade in agricultural products between the Parties, 


-	the particular sensitivity of the agricultural products, 


-	the rules of their agricultural policies, 


-	the consequences of the multilateral trade negotiations under the GATT and the WTO, 
the Parties shall examine the possibilities of granting each other further concessions.</article>
      <article number="ARTICLE 10" name="Improvement Of Concessions" article_identifier="3267">1. The Parties to this Agreement declare their readiness to foster, in so far as their agricultural policies allow, the harmonious development of trade in basic agricultural, processed agricultural and fishery products and to discuss this issue periodically in the Joint Committee. 


2. The Parties to this Agreement committed themselves to monitor the flow of bilateral trade in agricultural products with the aim to explore the possibilities of improving the current concessions contained in the Protocol II and further extending them to processed agricultural products and fishery products.</article>
      <article number="ARTICLE 11" name="Concessions And Agricultural Policies" article_identifier="3268">1. Without prejudice to the concessions granted under Article 9, the provisions of this Chapter shall not restrict in any way the pursuance of the respective agricultural policies of the Parties or application of any measures under such policies, including the implementation of the provisions of the Agreement on Agriculture negotiated under the auspices of the GATT 1994 and the Agreement establishing WTO. 


2. The Parties shall notify to the Joint Committee changes in their respective agricultural policies pursued or measures applied which may affect the conditions of agricultural trade among them as provided for in this Agreement. On the request of a Party prompt consultations within the Joint Committee shall be held to examine the situation.</article>
      <article number="ARTICLE 12" name="Specific Safeguards" article_identifier="3269">Without prejudice to the other provisions of this Agreement and, in particular Article 22, and given the particular sensitivity of the agricultural products as referred to in Article 9, if imports of products originating in a Party, which are subject to concessions granted under this Agreement, cause serious disturbances to the markets of the other Party, the Party concerned may take appropriate measures under the conditions and in accordance with the procedures laid down in Article 22 of this Agreement.</article>
      <article number="ARTICLE 13" name="Sanitary And Phytosanitary Measures" article_identifier="3270">1. The Parties shall not apply their regulations in veterinary, plant health and public health matters in an arbitrary, unjustifiable and discriminatory way and shall not introduce any new measures that have effect of unduly obstructing trade. 


2. The parties shall apply their sanitary and phytosanitary measures in accordance with the provisions of the GATT 1994 and the other relevant WTO Agreements.</article>
    </chapter>
    <chapter number="CHAPTER III" name="Right Of Establishment And Supply Of Services" chapter_identifier="371">
      <article number="ARTICLE 14" article_identifier="3271">1. The Parties recognise the growing importance of certain areas, such as services and investments. In their efforts to gradually develop and broaden their cooperation, in particular in the context of Euro-Mediterranean integration, they will cooperate with the aim of further promoting investments and achieving a gradual liberalisation and mutual opening of markets for trade in services, taking into account relevant provisions of the General Agreement on Trade and Services (GATS). 


2. The Parties shall review developments in the services sectors with a view to considering liberalisation measures between themselves. 


3. The Parties shall discuss this cooperation in the Joint Committee with the aim of developing and deepening their relations under this Agreement. 


4. The Parties shall seek to widen the scope of the Agreement to cover the right of establishment of firms of one Party in the territory of the other Party.</article>
    </chapter>
    <chapter number="CHAPTER IV" name="Common Provisions" chapter_identifier="372">
      <article number="ARTICLE 15" name="Internal Taxation" article_identifier="3272">1. The Parties to this Agreement shall refrain from any measure or practice of an internal fiscal nature establishing, whether directly or indirectly, discrimination between the products of one Party and like products originating in the other Party. 


2. Products exported to one of the Parties may not benefit from repayment of internal taxes in excess of the amount of direct or indirect taxes imposed on them.</article>
      <article number="ARTICLE 16" name="Trade Relations Governed By Other Agreements" article_identifier="3273">1. This Agreement shall not prevent the maintenance or establishment of customs unions, free trade areas or arrangements for frontier trade to the extent that these do not negatively affect the trade regime and in particular the provisions concerning rules of origin provided for by this Agreement. 


2. Exchange of information between the Parties shall take place, on request, within the Joint Committee concerning agreements establishing such customs unions or free trade areas.</article>
      <article number="ARTICLE 17" name="Transitional Adjustment Measures" article_identifier="3274">1. Transitional adjustment measures of limited duration which derogate from the provisions of Article 4 may be taken by the Parties in the form of increased customs duties. 


2. These measures may only concern infant industries, or certain industries undergoing restructuring or facing serious difficulties, particularly where these difficulties produce important social problems. 


3. Customs duties on imports applicable in the Parties to products originating in each Party introduced by these measures may not exceed 25% ad valorem and shall maintain an element of preference for products originating in each Party. The total value of imports of the products which are subject to these measures may not exceed 15% of total imports of industrial products from the other Party as defined in Article 3, during the last year for which statistics are available.  


4. These measures shall be applied for a period not exceeding five years unless a longer duration is authorised by the Joint Committee. They shall cease to apply at the latest 3 years after the expiry of the transitional period. 


5. No such measures can be introduced in respect of a product if more than three years have elapsed since the elimination of all duties and quantitative restrictions or charges or measures having an equivalent effect concerning that product. 


6. The Parties shall inform the Joint Committee of any exceptional measures they intend to take and, at the request of either Party, consultations shall be held in the Joint Committee on such measures and the sectors to which they apply before they are applied. When taking such measures the Parties shall provide the Joint Committee with a schedule for the elimination of the customs duties introduced under this Article. This schedule shall provide for a phasing-out of these duties starting at the latest two years after their introduction, at equal rates. The Joint Committee may decide on a different schedule.</article>
      <article number="ARTICLE 18" name="Antidumping And Countervailing Measures" article_identifier="3275">If a Party finds that dumping, within the meaning of the WTO Agreement on Implementation of Article VI of the GATT 1994, or subsidisation, within the meaning of the WTO Agreement on Subsidies and Countervailing Measures, practices are taking place in the trade relations governed by this agreement, it may take appropriate measures against these practices in accordance with the rules and disciplines of the WTO Agreement on Implementation of Article VI of the GATT 1994, for the dumping practices, and the WTO Agreement on Subsidies and Countervailing Measures, for the subsidisation practices and in accordance with the procedures laid down in Article 22.</article>
      <article number="ARTICLE 19" name="Safeguard Measures" article_identifier="3276">1. Each Party retains its rights and obligations under XIX of GATT 1994 and the WTO Agreement on Safeguard Measures. This Agreement does not confer any additional rights or obligations on the Parties with regard to safeguard measures. 


2. Notwithstanding provisions of paragraph 1 of this Article, the procedures laid down in Article 22 shall apply with regard to safeguard measure taken by any Party.</article>
      <article number="ARTICLE 20" name="Re-Export And Serious Shortage" article_identifier="3277">1. 	Where compliance with the provisions of Articles 6 and 8 leads to: 


(a) 	Re-export towards a third country against which the exporting Party to this Agreement maintains for the product concerned quantitative export restrictions, export duties or measures or charges having equivalent effect; or 


(b) 	A serious shortage, or threat thereof, of a product essential to the exporting Party; and where situations referred to above give rise or are likely to give rise to major difficulties for the exporting Party, that Party may take appropriate measures under the conditions and in accordance with the procedures laid down in Article 22. 
2. The measures taken as a result of the situation referred to in paragraph 1 shall be applied in a non-discriminatory manner and be eliminated when conditions no longer justify their maintenance.</article>
      <article number="ARTICLE 21" name="State Monopolies" article_identifier="3278">1. The Parties shall progressively adjust any state monopoly of a commercial character so as to ensure that by the end of the year following the entry into force of this Agreement, no discrimination regarding the conditions under which goods are procured and marketed will exist between nationals of the Parties. 


2. The Joint Committee shall be informed about the measures adopted to implement this objective.</article>
      <article number="ARTICLE 22" name="Notifications And Consultations Procedure For The Application Of Measures" article_identifier="3279">1. Before initiating the procedure for the application of the measures specified in Articles 12, 17, 18, 19, 20 and 25, the Parties to this Agreement shall endeavour to reach appropriate solution between themselves through direct consultations, and shall inform the other Party thereof. 


2. A Party which is considering to resort to a measure set out above mentioned articles, shall promptly notify the Joint Committee thereof. The Party concerned shall provide the Joint Committee with all relevant information and give it the assistance required to examine the case. Consultations between the Parties shall take place without delay in the Joint Committee with a view to finding a commonly acceptable solution. 


3. If, within one month of the matter being referred to the Joint Committee, the Party in question fails to put an end to the practice objected to or to the difficulties notified and in the absence of a decision by the Joint Committee in the matter, the concerned Party may adopt the measure it considers necessary to remedy the situation. 


4. The measures taken shall be notified immediately to the Joint Committee. They shall be restricted, with regard to their extent and to their duration, to what is strictly necessary in order to rectify the situation giving rise to their application and shall not be in excess of the damage caused by the practice or the difficulty in question.  Priority shall be given to such measures that will least disturb the functioning of this Agreement. 


5. The measures taken shall be the subject of regular consultations within the Joint Committee with a view to their relaxation, or abolition when conditions no longer justify their maintenance.  


6. Where exceptional circumstances, requiring immediate action make prior examination impossible, the Party concerned may apply the measures, on provisional basis, strictly necessary to remedy the situation. The measures shall be notified without delay to the Joint Committee and consultations between the Parties to this Agreement shall take place within the Joint Committee.</article>
      <article number="ARTICLE 23" name="Rules Of Origin And Cooperation In Customs Administration" article_identifier="3280">Protocol III lays down the rules of origin and methods of administrative cooperation.</article>
      <article number="ARTICLE 24" name="Payments" article_identifier="3281">The Parties undertake to authorize, in freely convertible currency, the making of payments and transfers for current international transactions without delay consistently with Article VIII of the Articles of the Agreement of the International Monetary Fund.</article>
      <article number="ARTICLE 25" name="Rules Of Competition Concerning Undertakings, Public Aid" article_identifier="3282">1. The followings are incompatible with the proper functioning of this Agreement, in so far as they affect trade between the Parties: 


(a) 	all agreements between undertakings, decisions by associations of undertakings and concerted practices between undertakings which have as their object or effect the prevention, restriction or distortion of competition; 


(b) 	abuse by one or more undertakings of dominant position in the territories of the Parties as a whole or in a substantial part thereof; 


(c) 	any state aid which distorts or threatens to distort competition by favouring certain undertakings or the production of certain goods. 

2. Each Party shall ensure transparency in the area of public aid inter alia by reporting annually to the other Party on the total amount and the distribution of the aid given and by providing, upon request, information on aid schemes. Upon request by one Party, the other Party shall provide information on particular individual cases of public aid. 


3. For the purpose of applying the provisions of paragraph 1 of this Article, the Parties will take the measures in conformity with the procedures and under the conditions laid down in their respective Agreements with the European Communities. In case of any change in those procedures and/or conditions these changes will be applicable between the Parties. 


4. If the Parties consider that a particular practice is incompatible with the terms of the first paragraph of this Article, and: 


(a) 	is not adequately dealt with under the implementing rules referred to in paragraph 3 of this Article, or 


(b) 	in the absence of such rules, and if such practice causes or threatens to cause serious prejudice to the interest of the other Party or material injury to its domestic industry, including its services industry, it may take appropriate measures after consultation within the Joint Committee or after thirty working days following referral for such consultation. 

5. In the case of practices incompatible with paragraph 1.c) of this Article, such appropriate measures may, where the WTO/GATT 1994 applies thereto, only be adopted in conformity with the procedures and under the conditions laid down by the WTO/GATT 1994 and any other relevant instrument negotiated under its auspices which are applicable between the Parties.  


6. Notwithstanding any provisions to the contrary adopted in conformity with this Article, the Parties shall exchange information taking into account the limitations imposed by the requirements of professional and business secrecy.</article>
      <article number="ARTICLE 26" name="Balance Of Payments Difficulties" article_identifier="3283">Where either Party is in a serious balance of payment difficulties or under threat thereof, the Party concerned may, in accordance with the conditions laid down within the framework of WTO/GATT 1994 and with Article VIII of the Articles of Agreement of International Monetary Fund, adopt restrictive measures, which shall be of limited duration and may not go beyond what is necessary to remedy the balance of payment situation. The Party concerned shall inform the other Party forthwith and present to the other Party, as soon as possible, of a time schedule of their removal.</article>
      <article number="ARTICLE 27" name="Protection Of Intellectual Property Rights" article_identifier="3284">1. The Parties to this Agreement shall grant and ensure adequate, effective and non-discriminatory protection of intellectual property rights, including measures for the enforcement of such rights against infringement thereof, counterfeiting and piracy, in accordance with the provisions of this Article and the relevant international agreements. 


2. The Parties to this Agreement shall accord to each other’s nationals treatment no less favourable than that they accord to their own nationals. Exemptions from this obligation must be in accordance with the substantive provisions of Article 3 of the TRIPS Agreement. 


3. The Parties to this Agreement shall grant to each others' nationals treatment no less favourable than that accorded to nationals of any other State. Exemptions from this obligation must be in accordance with the substantive provisions of the TRIPS Agreement, in particular Articles 4 and 5 thereof. 


4. The Parties to this Agreement agree, upon request of each Party, to review the provisions on the protection of intellectual property rights contained in the present Article, with a view to further improve levels of protection and to avoid or remedy trade distortions caused by actual levels of protection of intellectual property rights.</article>
      <article number="ARTICLE 28" name="Public Procurement" article_identifier="3285">1. The Parties consider the opening up of the award of public contracts on the basis of non-discrimination and reciprocity, to be desirable objective.  


2. As of the entry into force of this Agreement, both Parties shall grant each other’s companies access to contract award procedures a treatment no less favourable than that accorded to companies of any other country. 


3. The Joint Committee, acting in accordance with Articles 30 and 31, shall periodically examine the practical modalities for the implementation of paragraph 1 and 2 above. The Joint Committee shall lay down the necessary scope, timetable and rules as soon as possible taking into account the solutions agreed upon within the WTO/GATT 1994.</article>
      <article number="ARTICLE 29" name="General Exceptions" article_identifier="3286">This Agreement shall not preclude prohibitions or restrictions on imports, exports or goods in transit that are consistent with Article XX of the GATT 1994 and its interpretative notes or are necessary to implement commitments of the each Party under other multilateral agreement. However, such prohibitions or restrictions shall not constitute, a mean of arbitrary discrimination or a disguised restriction on trade between the Parties.</article>
      <article number="ARTICLE 30" name="Establishment Of The Joint Committee" article_identifier="3287">1. A Joint Committee is hereby established in which each Party shall be represented. The Joint Committee shall be responsible for the administration of this Agreement and shall ensure its proper implementation. 


2. For the purpose of the proper implementation of this Agreement, the Parties shall exchange information and, at the request of any Party, shall hold consultations within the Joint Committee. The Joint Committee shall keep under review the possibility of further removal of the obstacles to trade between the Parties. 


3. The Joint Committee may take decisions in the cases provided for in this Agreement. On other matters the Joint Committee may take recommendations.</article>
      <article number="ARTICLE 31" name="Procedures Of The Joint Committee" article_identifier="3288">1. For the proper implementation of this Agreement, the Joint Committee shall meet at an appropriate level whenever necessary upon request but at least once a year. Either Party may request a meeting be held. 


2. The Joint Committee shall act by common agreement. 


3. If a representative in the Joint Committee of a Party to this Agreement has accepted a decision subject to the fulfilment of constitutional requirements the decision shall enter into force, if no later date is contained therein, on the day the lifting of the reservation is notified. 


4. The Joint Committee shall adopt its rules of procedure which shall, inter alia, contain provisions for convening meetings and for the designation of the Chairman and his/her term of office. 


5. The Joint Committee may decide to set up such sub-committees and working groups as it considers necessary to assist it in accomplishing its tasks.</article>
      <article number="ARTICLE 32" name="Security Exceptions" article_identifier="3289">Nothing in this Agreement shall prevent a Party from taking any measures which it considers necessary to its essential security interests as long as these measures are consistent with Article XXI of the GATT 1994.</article>
      <article number="ARTICLE 33" name="Dispute Settlement" article_identifier="3290">1. The Parties shall take all necessary measures to ensure the achievement of the objectives of this Agreement and the fulfilment of their obligations under this Agreement. 


2. If either Party considers that the other Party has failed to fulfil an obligation under this Agreement or in the case of a dispute relating to interpretation of the provisions of this Agreement, the complaining Party may refer the dispute to the Joint Committee. If the Joint Committee settle the dispute referred to it, it shall take a decision on the matter and the Parties shall be bound to take the necessary measures involved in carrying out this decision. 


3. If the dispute referred to the Joint Committee has not been settled within 60 days after the dispute was referred to it or within such longer period as the Joint Committee has agreed upon, the complaining Party may notify the other Party to refer the matter to a dispute settlement panel. 


4. The panel shall be composed of three members. Each Party shall appoint one member within 40 days and the two appointees shall choose, within 30 days after their nomination, a third who will serve as the chairman. 


5. The panel shall, within 90 days after the third member is appointed, present to the Parties an initial report. The panel shall base its report on the relevant provisions of this Agreement and the arguments of the Parties and shall make recommendations for the resolution of the dispute. 


6. After considering any comments by the Parties on the initial report, if necessary, the panel may modify its report and make any further examination it considers appropriate. The panel shall present the final report to the Joint Committee within 30 days of the presentation of the initial report. 


7. The Joint Committee shall take a decision to settle the dispute on the basis of the final report of the panel and the Parties shall be bound to take the necessary steps required to implement this decision. 


8. If the Party complained against fail to implementing the decision mentioned in paragraph 7 of this article, the complaining Party shall be entitled to take measures in line with the decision of the Joint Committee. 


9. The Parties shall also enter into discussion with a view to developing rules for the selection and conduct of members of panels and model rules of procedure for panels at the first Joint Committee meeting.</article>
      <article number="ARTICLE 34" name="Technical Barriers To Trade" article_identifier="3291">1. The Parties to this Agreement shall co-operate in the field of technical regulations, standards and conformity assessment; and through appropriate measures promote in particular European-wide solutions. The Joint Committee shall establish guidelines for the implementation of this paragraph. 


2. The Parties to this Agreement agree to hold immediate consultations in the framework of the Joint Committee in case a Party considers that another Party has taken measures which are likely to create, or have created, a technical obstacle to trade, in order to find an appropriate solution. 


3. The Parties to this Agreement confirm the obligation to notify draft technical regulations in accordance with the provisions on the WTO Agreement on Technical Barriers to Trade.</article>
      <article number="ARTICLE 35" name="Evolutionary Clause" article_identifier="3292">1. Where either Party considers that it would be useful and in the interest of the economies of the Parties to develop the relations established by this Agreement by extending them to fields not covered thereby, it shall submit a reasoned request to the other Party. The Parties may instruct the Joint Committee to examine this request and, where appropriate, to make recommendations to them, particularly with a view to opening negotiations. 


2. Agreements resulting from the procedure referred to in paragraph 1 will be subject to ratification or approval by the Parties to this Agreement in accordance with their internal legal procedures.</article>
      <article number="ARTICLE 36" name="Amendments" article_identifier="3293">Amendments to this Agreement, as well as to its Protocols and Annexes shall enter into force on the date of a receipt of the latter diplomatic note confirming that all internal legal procedures required by each Party for the entry into force have been completed.</article>
      <article number="ARTICLE 37" name="Protocols And Annexes" article_identifier="3294">Protocols and Annexes to this Agreement shall form an integral part thereof. The Joint Committee may decide to amend Protocols and Annexes.</article>
      <article number="ARTICLE 38" name="Territorial Application" article_identifier="3295">This Agreement shall apply to the territories of the Parties.</article>
      <article number="ARTICLE 39" name="Expiration" article_identifier="3296">1. This Agreement is concluded for an indefinite period of time. 


2. Each Party may denounce this Agreement by means of a written notification to the  other Party. This Agreement shall terminate on the first day of the seventh month following the date of such notification.</article>
      <article number="ARTICLE 40" name="Entry Into Force" article_identifier="3297">This Agreement shall enter into force on the first day of the second month, following the date of the receipt of the latter diplomatic note, by which the Parties have notified each other through diplomatic channels, that their internal legal requirements for the entry into force of this Agreement have been fulfilled.</article>
    </chapter>
    <chapter name="Conclusion" chapter_identifier="373">
      <article article_identifier="3298">IN WITNESS WHEREOF the undersigned plenipotentiaries, being duly authorised thereto, have signed this Agreement. 

DONE at -----------------, this ---------- day of -------------------------- in two originals, in the English, Turkish and Arabic language, all texts being equally authentic. In case of differences of interpretation, the English text shall prevail. 

For the Republic of Turkey For the Kingdom of Morocco</article>
    </chapter>
  </body>
</treaty>
