<?xml version="1.0" encoding="UTF-8"?>
<treaty>
  <meta>
    <name>EC - Czech and Slovak Federal Republic Interim Agreement</name>
    <type>Free Trade Agreement</type>
    <wto_rta_id>238</wto_rta_id>
    <treaty_identifier>211</treaty_identifier>
    <status>Inactive</status>
    <notification>GATT Art. XXIV</notification>
    <date_signed>1991-12-16</date_signed>
    <date_into_force>1992-03-01</date_into_force>
    <date_notification>1992-04-03</date_notification>
    <end_implementation/>
    <date_inactive>1995-02-01</date_inactive>
    <parties_original>
      <partyisocode n="1">BEL</partyisocode>
      <partyisocode n="2">CZE</partyisocode>
      <partyisocode n="3">DEU</partyisocode>
      <partyisocode n="4">DNK</partyisocode>
      <partyisocode n="5">ESP</partyisocode>
      <partyisocode n="6">FRA</partyisocode>
      <partyisocode n="7">GBR</partyisocode>
      <partyisocode n="8">GRC</partyisocode>
      <partyisocode n="9">IRL</partyisocode>
      <partyisocode n="10">ITA</partyisocode>
      <partyisocode n="11">LUX</partyisocode>
      <partyisocode n="12">NLD</partyisocode>
      <partyisocode n="13">PRT</partyisocode>
      <partyisocode n="14">SVK</partyisocode>
    </parties_original>
    <parties>
      <partyisocode n="1"/>
    </parties>
    <composition>Plurilateral</composition>
    <region>Europe</region>
    <parties_wto>Yes</parties_wto>
    <crossregional>No</crossregional>
    <language>en</language>
    <source lang="en" type="full text">http://sul-derivatives.stanford.edu/derivative?CSNID=91610090&amp;mediaType=application/pdf</source>
  </meta>
  <body>
    <chapter name="Preamble" chapter_identifier="2154">
      <article number="ARTICLE 1" article_identifier="17989">1. The Community and the CSFR shall gradually establish a free-trade area 
in a transitional period lasting a maximum of ten years starting from the 
entry into force of this Agreement (hereinafter called 'the Agreement") in 
accordance with the provisions of the present agreement and in conformity 
with those of the General Agreement on Tariffs and Trade. 



2. The Combined Nomenclature of goods shall be applied to the 
classification of gcods in trade between the two parties. 



3. For each product the basic duty to which the successive reductions set 
out In this Agreement are to be applied shall be that actually applied 
erga ones on the day preceding the date of entry into force of the 
Agreement. 



4. If, after entry into force of the Agreement, any tariff reduction is 
applied on an erga omnes basis, in particular reductions resulting from the 
tariff agreement concluded as a result of the GATT Uruguay Round, such 
reduced duties shall replace the basic duties referred to in paragraph 3 as 
from the date when such reductions are applied. 



5. The Community and the CSFR shall communicate to each other their 
respective basic duties.</article>
    </chapter>
    <chapter number="CHAPTER I" name="Industrial Products" chapter_identifier="2155">
      <article number="ARTICLE 2" article_identifier="17990">1. The provisions of this Chapter shall apply to products originating in 
the Community and in the CSFR listed in chapters 25 to 97 of the Combined 
Ncmenclature with the exception of the products listed in Annex I. 



2. The provisions of Articles 3 to 7 included do not apply to products 
mentioned in Articles 9 and 10.</article>
      <article number="ARTICLE 3" article_identifier="17991">1. Customs duties on imports applicable in the Community to products 
originating in the CSFR other than those listed in Annexes II(a), II(b) and 
III shall be abolished on the entry into force of the Agreement. 



2. Customs duties on imports applicable in the Community to products 
originating in the CSFR which are listed in Annex II(a) shall be 
progressively abolished in accordance with the following timetable: 

-on the date of entry into force of this Agreement each duty shall 
be reduced to 50 per cent of the basic duty. 


-one year after the date of entry into force of this Agreement the 
remaining duties shall be eliminated. 


Customs duties on imports applicable in the Community to products 
originating in the CSFR listed in Annex II(b) shall be progressively
reduced, from the date of entry into force of this Agreement, by annual 
reductions of 20 per cent of the basic duty, so as to arrive at a total 
abolition by the end of the fourth year after the date of entry into iForce 
of the Agreement. 


3. The products of the CSFR origin listed in Annex III shall benefit from 
a suspension of customs duties on imports within the limits of annual 
Community tariff quotas or ceilings increasing progressively in accordance 
with the conditions defined in that Annex so as to arrive at a complete 
abolition of customs duties on imports of the products concerned at the end 
of the fifth year at the latest. 


At the same time, customs duties on imports applicable to import
quantities in excess of the quotas or ceilings provided for above shall be 
progressively dismantled from the entry into force of the Agreement by
annual reductions of 15 per cent. By the end of the fifth year, remaining 
duties shall be abolished. 


4. Quantitative restrictions and measures having an equivalent effect to 
quantitative restrictions on imports to the Community shall be abolished on 
the date of entry into force of the Agreement with regard to the products 
originating in the CSFR.</article>
      <article number="ARTICLE 4" article_identifier="17992">1. Customs duties on imports applicable in the CSFR to products originating
in the Community listed in Annex IV shall be abolished on the date of entry 
into force of the Agreement. 



2. Customs duties on imports applicable in the CSFR to products originating
in the Community which are listed in Annex V shall be progressively reduced 
in accordance with the following timetable: 

-on the date of entry into force of the Agreement each duty shall 
be reduced to 80 per cent of the basic duty; 


-three years after the date of entry into force of the Agreement 
each duty shall be reduced to 40 per cent of the basic duty; 


-five years after the date of entry into force of the Agreement 
the remaining duties shall be eliminated. 


3. Customs duties on imports applicable in the CSFR to products 
originating in the Community which are listed in Annex VI shall be 
progressively reduced according to the following timetable: 


-three years after the date of entry into force of the Agreement 
each duty shall be reduced to 80 per cent of the basic duty; 


-five years after the date of entry into force of the Agreement 
each duty shall be reduced to 60 per cent of the basic duty; 


-seven years after the date of entry into force of the Agreement 
each duty shall be reduced to 40 per cent of the basic duty; 


-nine years after the date of entry into force of the Agreement 
the remaining duties shall be eliminated. 


4. Customs duties on imports applicable in the CSFR to products 
originating in the Community which are listed in Annex VII shall be 
progressively reduced in accordance with the following timetable: 


-on the date of entry into force of the Agreement each duty shall 
be reduced to 80 per cent of the basic duty; 


-three years after the date of entry into force of the Agreement 
each duty shall be reduced to 60 per cent of the basic duty; 


-five years after the date of entry into force of the Agreement 
each duty shall be reduced to 40 per cent of the basic duty; 


-seven years after the date of entry into force of the Agreement 
each duty shall be reduced to 20 per cent of the basic duty; 


-nine years after the date of entry into force of the Agreement 
the remaining duties shall be eliminated. 



5. Quantitative restrictions on imports into the CSFR of products 
originating in the Community shall be abolished on entry into force of the 
Agreement except for those listed in Annex VIII, which shall be 
progressively abolished by the end of the transitional period. 



6. Measures having an effect equivalent to quantitative restrictions on 
imports into the CSFR of products originating in the Community shall be 
abolished upon entry into force of the Agreement.</article>
      <article number="ARTICLE 5" article_identifier="17993">The provisions concerning the abolition of customs duties on imports 
shall also apply to customs duties of a fiscal nature.</article>
      <article number="ARTICLE 6" article_identifier="17994">The Community and the CSFR shall abolish upon entry into force of this 
Agreement in trade between themselves, any charges having an effect 
equivalent to customs duties on imports.</article>
      <article number="ARTICLE 7" article_identifier="17995">1. The Community and the CSFR shall progressively abolish between them at 
the latest by the end of the fifth year after entry into force of the 
Agreement any customs duties on exports and charges having equivalent 
effect. 



2. Quantitative restrictions on exports to the CSFR and any measures 
having equivalent effect shall be abolished by the Community on the entry 
into force of the Agreement. 



3. Quantitative restrictions on exports to the Community and any measures 
having equivalent effect shall be abolished by the CSFR upon entry into 
force of the Agreement, except for those restrictions listed in Annex IX 
which shall be abolished at the latest by the end of the fifth year after 
the entry into force of the Agreement.</article>
      <article number="ARTICLE 8" article_identifier="17996">Each party declares its readiness to reduce its customs duties in 
trade with the other party more rapidly than ie provided for in Articles 3 
and 4 if its general economic situation and the situation of the economic 
sector concerned so permit. 


The Joint Committee referred to in Article 37 (hereinafter referred to 
as 'the Joint Committee') may make recommendations to this effect.</article>
      <article number="ARTICLE 9" article_identifier="17997">Protocol No. 1 lays down the arrangements applicable to the textile 
products referred to therein.</article>
      <article number="ARTICLE 10" article_identifier="17998">Protocol No. 2 lays down the arrangements apDlicable to products 
covered by the Treaty establishing the European Coal and Steel Community.</article>
      <article number="ARTICLE 11" article_identifier="17999">1. The provisions of the prenenit Chapter do not preclude the retention by 
the Conmunity of an agricultural component in the duties applicable to 
products Listed in Annex X in respect of products originating in the CSFR. 


2. The provisions of the present Chapter do not preclude the introduction 
of an agricultural component by the CSFR in the duties applicable to the 
products listed in Annex X in respect of products originating in the 
Community.</article>
    </chapter>
    <chapter number="CHAPTER II" name="Agriculture" chapter_identifier="2156">
      <article number="ARTICLE 12" article_identifier="18000">1. The provision of this Chapter shall apply to agricultural products 
originating in the Community and in the CSFR. 



2. The term 'agricultural products' mear.s the products listed in 
Chapters 1 to 24 of the Combined Nomenclacure and the products listed in 
Annex I, but excluding fishery products a.s defined by Regulation (EEC) 
No. 3687/91.</article>
      <article number="ARTICLE 13" article_identifier="18001">Protocol No. 3 lays down the trade arrangements for processed 
agricultural products which are listed in such protocol.</article>
      <article number="ARTICLE 14" article_identifier="18002">1. The Comunity shall abolish at the date of entry into force of the 
Agreement the quantitative restrictions on imports of agricultural products 
originating in the CSFR maintained by virtue of Council Regulation (EEC) 
No. 3420/83 in the form existing on the date of signature hereof. 



2. The agricultural products originating in the CSFR listed in Annex XI 
shall benefit, upon the date of entry into force of this Agreement, from 
the reduction of levies within the limit of Community quotas or from the 
reduction of customs duties and upon the conditions provided in the same 
Annex. 



3. The CSFR shall gradually abolish quantitative restrictions on imports 
of agricultural products originating in the Community listed Annex XII in 
accordance with the conditions established in that Annex. 



4. The Community and the CSFR shall grant each other the concessions 
referred to in Annexes XIII(a), XIII'b) and XIV on a harmonious and 
reciprocal basis, in accordance with the conditions laid down therein. 



5. Taking account of the volume of trade in agricultural products between 
them, of their particular sensitivity, of the rules of the Common 
Agricultural Policy of the Community, of the rules of the agricultural 
policy of the CSFR and of the consequences of the multilateral trade 

negotiations under the General Agreement on Tariffs and Trade, the 
Community and the CSFR shall examine in the Joint Committee, product by 
product and on an orderly and reciprocal basis, the possibilities of 
granting each other further concessions.</article>
      <article number="ARTICLE 15" article_identifier="18003">Notwithstanding other provisions of this Agreement and in particular 
Article 24, if, given the particular sensitivity of the agricultural 
markets, imports of products originating in one Party, which are the 
subject of concessions granted in Article 14, cause serious disturbance to 
the markets in the other party, both party shall enter into consultations 
immediately to find an appropriate solution. Pending such solution, the 
party concerned may take the measures it deems necessary.</article>
    </chapter>
    <chapter number="CHAPTER III" name="Fisheries" chapter_identifier="2157">
      <article number="ARTICLE 16" article_identifier="18004">The provisions of this Chapter shall apply to fishery products 
originating in the Community and the CSFR, which are covered by Regulation 
(EEC) No. 3687/91 on the common organization of the market in the sector of 
fishery products.</article>
      <article number="ARTICLE 17" article_identifier="18005">The fishery products originating in the CSFR listed in Annex XV shall 
benefit upon the date of entry into force of this Agreement from the 
reduction of customs duties provided in that Annex. The provisions of 
Article 14, paragraph 5 shall apply mutatis mutandis to fishery products.</article>
    </chapter>
    <chapter number="CHAPTER IV" name="Common Provisions" chapter_identifier="2158">
      <article number="ARTICLE 18" article_identifier="18006">The provisions of this Chapter shall apply to trade in all products 
except where otherwise provided herein or in Protocols Nos. 1, 2 or 3.</article>
      <article number="ARTICLE 19" article_identifier="18007">1. No new customs duties on imports or exports or charges having 
equivalent effect shall be introduced, nor shall those already applied be 
increased, in the trade between the Community and the CSFR from the date of 
entry into force of the Agreement. 



2. No new quantitative restriction on imports or exports or measure 
having equivalent effect shall be introduced nor shall those existing be 
made more restrictive in the trade between the Community and the CSFR from 
the date of entry into force of the Agreement. 



3. Without prejudice to the concessions granted under Article 14, the 

provisions of paragraph 1 and 2 of this Article shall not restrict in any 
way the pursuance of the respective agricultural policies of the CSFR and 
the Community or the taking of any measures under such policies.</article>
      <article number="ARTICLE 20" article_identifier="18008">1. The two parties shall refrain from any measure or practice of an 
internal fiscal nature establishing, whether directly or indirectly, 
discrimination between the products of one party and like products 
originating in the territory of the other party. 



2. Products exported to the territory of one of the two parties may not 
benefit from repayment of internal taxation in excess of the amount of 
direct or indirect taxation imposed on them.</article>
      <article number="ARTICLE 21" article_identifier="18009">1. This Agreement shall not preclude the maintenance or establishment of 
customs unions, free-trade areas or arrangements for frontier trade except 
in so far as they alter the trade arrangements provided for in this 
Agreement. 



2. Consultations between the Parties shall take place within the Joint 
Committee concerning agreements establishing such customs unions or free-
trade areas and, where requested, on other major issues related to their 
respective trade policy with third countries. In particular in the event 
of a third country acceding to the Community, such consultations shall take 
place so as to ensure that account can be taken of the mutual interests of 
the Community and the CSFR stated in this Agreement.</article>
      <article number="ARTICLE 22" article_identifier="18010">Exceptional measures of limited duration which derogate from the 
provisions of Article 4 and Article 19(1) may be taken by the CSFR in the 
form of increased customs duties. 


These measures may only concern infant industries, or certain sectors 
undergoing restructuring or facing serious difficulties, particularly where 
these difficulties produce important social problems. 


Customs duties on imports applicable in the CSFR to products 
originating in the Community introduced by these measures may not exceed 
25 per cent ad valorem and shall maintain an element of preference for 
products originating in the Community. 


The total value of imports of the products which are subject to these 
measures may not exceed 15 per cent of total imports of industrial products 
from the Community as defined in Chapter I, during the last year for which 
statistics are available. 


These measures shall be applied for a Deriod not exceeding five years 
unless a longer duration is authorized by the Joint Committee. They shall 
cease to apply at the latest at the expiration of the transitional period. 


No such measures can be introduced in respect of a product if more 
than three years have elapsed since the elimination of all duties and 
quantitative restrictions or charges or measures having an equivalent 
effect concerning that product. 


The CSFR shall inform the Joint Committee of any exceptional measures 
it intends to take and, at the request of the Community, consultations 
shall be held in the Joint Committee on such measures and the sectors to 
which they apply before they are applied. When taking such measures the 
CSFR shall provide the Joint Committee with a schedule for the elimination 
of the customs duties introduced under this Article. This schedule shall 
provide for a phasing out of these duties starting at the latest two years 
after their introduction at equal annual rates. The Joint Committee may 
decide on a different schedule.</article>
      <article number="ARTICLE 23" article_identifier="18011">If one of the Parties finds that dumping is taking place in trade with 
the other Party within the meaning of Article VI of the General Agreement 
on Tariffs and Trade, it may take appropriate measures against this 
practice in accordance with the Agreement relating to the application of 
Article VI of the General Agreement on Tariffs and Trade, with related 
internal legislation and with the conditions and procedures laid down in 
Article 27.</article>
      <article number="ARTICLE 24" article_identifier="18012">Where any product is being imported in such increased quantities and 
under such conditions as to cause or threaten to cause: 


-serious injury to domestic producers of like or directly 
competitive products in the territory of one of the PartiLes, or 


-serious disturbances in any sector of the economy or difficulties 
which could bring about serious deterioration in the economic 
situation of a region. 


The Community or the CSFR, which ever is concerned, may take 
appropriate measures under the conditions and in accordance with the 
procedures laid down in Article 27.</article>
      <article number="ARTICLE 25" article_identifier="18013">Where compliance with the provisions of Articles 7 and 19 leads to: 



(i) 	re-export towards a third country against which the exporting 
party maintains, for the product concerned, quantitative export 
restrictions, export duties or measures having equivalent effect, 
or 



(ii) 	a serious shortage, or threat thereof, of a product essential to 
the exporting party, 

and where the situations above referred to give rise, or are likely to give 
rise to major difficulties for the exporting party, that party may take 
appropriate measures under the conditions and in accordance with the 
procedures laid down in Article 27. The measures shall be 
non-discriminatory and be eliminated when conditions no longer justify 
their maintenance.</article>
      <article number="ARTICLE 26" article_identifier="18014">The Member States and the CSFR shall progressively adjust any State 
monopolies of a commercial character so as to ensure that, by the end of 
the fifth year following the entry into force of this Agreement, no 
discrimination regarding the conditions under which goods are procured and 
marketed exists between nationals of the Member States and of the CSFR. 
The Joint Committee will be informed about the measures adopted to 
implement this objective.</article>
      <article number="ARTICLE 27" article_identifier="18015">1. In the event of the Community or the CSFR subjecting imports of 
products liable to give rise to the difficulties referred to in Article 24 
to an administrative procedure having as its purpose the rapid provision of 
information on the trend of trade flows, it shall inform the other party. 



2. In the cases specified in Articles 23, 24 and 25, before taking the 
measures provided for therein or, in cases to which paragraph 3(d) applies, 
as soon as possible, the Community or the CSFR, as the case may be, shall 
supply the Joint Committee with all relevant information with a view to 
seeking a solution acceptable to the two parties. 

In the selection of measures, priority must be given to those which 
least disturb the functioning of the Agreement. 


The safeguard measures shall be notified immediately to the Joint 
Committee and shall be the subject of periodic consultations within that 
body, particularly with a view to establishing a timetable for their 
abolition as soon as circumstances permit. 


3. For the implementation of paragraph 2, the following provisions shall 
apply: 


(a) 	As regards Article 24, the difficulties arising from the 
situation referred to in that Article shall be referred for 
examination to the Joint Committee, which may take any decision 
needed to put an end to such difficulties. 


If the Joint Committee or the exporting party has not taken a 
decision putting an end to the difficulties or no other 
satisfactory solution has been reached within thirty days of the 
matter being referred, the importing party may adopt the 
appropriate measures to remedy the problem. 'These measures must 
not exceed the scope of what is necessary to remedy the 
difficulties which have arisen. 



(b) 	As regards Article 23, the Joint Committee shall be informed of 
the dumping case as soon as the authorities of the importing 
party have initiated an investigation. When no end has been put 
to the dumping within the meaning of Article VI of the GATT or no 
other satisfactory solution has been reached within thirty days 
of the matter being referred to the Jcint Committee, the 
importing party may adopt the appropriate measures. 



(c) 	As regards Article 25, the difficulties arising from the 
situations referred to in that Article shall be referred for 
examination to the Joint Committee. 

The Joint Committee may take any decision needed -o put an end to 
the difficulties. If it has not taken such a decision within 
thirty days of the matter being referred to it, the exporting 
party may apply appropriate measures on the exportation of the 
product concerned. 


(d) 	Where exceptionEl circumstances requiring immediate action make 
prior information or examination, as the case may be, impossible, 
the Community or the CSFR whichever is concerned may, in the 
situations specified in Articles 23, 24 and 25, apply forthwith 
the precautionary measures strictly necessary to deal with the 
situation, and the Joint Committee will be informed immediately.</article>
      <article number="ARTICLE 28" article_identifier="18016">Protocol No. 4 lays down rules of origin, for the application of 
tariff preferences foreseen in this Agreement.</article>
      <article number="ARTICLE 29" article_identifier="18017">The Agreement shall not preclude prohibitions or restrictions on 
imports, exports or goods in transit justified on grounds of public 
morality, public policy or public security; the protection of health and 


life of humans, animals or plants; the protection of national treasures olartistic, historic or archaeological value or the protection of intellectual, 
industrial and commercial property or rules relating to gold and silver. 
Such prohibitions or restrictions shall not, however, constitute a means of 
arbitrary discrimination or a disguised restriction on trade between the 
Parties.</article>
      <article number="ARTICLE 30" article_identifier="18018">Protocol No. 5 lays down the specific provisions to apply to trade 
between the CSFR of the one part and Spain and Portugal of the other part.</article>
    </chapter>
    <chapter number="TITLE II" name="Payments, Competition And Other Economic Provisions" chapter_identifier="2159">
      <article number="ARTICLE 31" article_identifier="18019">The Parties undertake to authorize, in freely convertible currency, 
any payments on the current account of balance of payments to the extent 
that the transaction underlying the payments concern movement of goods 
between the Parties which have been liberalized pursuant to the present 
Agreement.</article>
      <article number="ARTICLE 32" article_identifier="18020">With reference to the provisions of this Chapter, and notwithstanding 
the provisions of Article 34, until a full convertibility of the CSFR 
currency in the meaning of Article VIII of the International Monetary Fund 
is introduced, the CSFR may in exceptional circumstances apply exchange 
restrictions connected with the granting or taking up of short and 
medium-term credits to the extent that such restrictions are imposed on the 
CSFR for the granting of such credits and are permitted according to _he 
CSFR's status under the IM. 


The CSFR shall apply these restrictions in a non-discriminatory 
manner. They shall be applied in such a manner as to cause the least 
possible disruption to this Agreement. The CSFA' shall inform the Joint 
Committee promptly of the introduction of such measures and of any changes 
therein.</article>
      <article number="ARTICLE 33" article_identifier="18021">1. The following are incompatible with the proper functioning of the 
Agreement, in so far as they may affect trade between the Community and the 
CSFR: 



(i) 	all agreements between undertakings, decisions by associations 
of undertakings and concerted practices between undertakings
Wica have as their object or effect the prevention, restriction 
or distortion of competition; 



(ii) 	abuse by one or more undertakings of a dominant position in the 
territories of the Comurnity or of the CSFR as a wVqole or in a 
substantial part thereof; 

(iii) 	any public aid which distorts or threatens to distort 
competition by favoring certain undertakings or the production 
of certain goods. 



2. Any practices contrary to this Article shall be assessed on the basis 
of criteria arising from the application of the rules of Articles.e 85, 86 
and 92 of the Treaty establishing ;he European Economic Conmi~rfty. 



3. The Joint Committee shall, within three years of the entvy into force 
of the Agreement, adopt by decision the necessary rules for the 
implementation of paragraphs 1 and 2. 

Until the implementing rules are adopted, practices incompatible with 
the paragraph 1 of Article 3 shall be dealt with by the Parties on their 
respective territories according to their respective legislations. This is 
without prejudice to Article 33, paLagraph 6 of this Agreement. 


4. 	(a) For the purposes of applying the provisions of paragraph 1, 
point (iii), the Parties recognize that during the first five 
years after the entry into force of the Agreement, any public aid 
granted by the CSFR shall be assessed taking into account the 
fact that the CSFR shall be regarded as an area identical to 
those areas of the Community described in Article 92.3(a) of the 
Treaty establishing the European Economic Community. The Joint 
Committee shall, taking into account the economic situation of 
the CSFR, decide whether that period should be extended by 
further periods of five years. 


(b) 	Each party shall ensure transparency in the area of public aid, 
inter alia by reporting annually to the other party on the total 
amount and the distribution of the aid given and by providing, upon 
request, information on aid schemes. Upon request by one party, the 
other party shall provide information on particular individual cases 
of public aid. 


5. With 	regard to products referred to in Chapters II and III of Title I: 


-	the provision of paragraph 1(iii) does not apply. 


-any practices contrary to paragraph 1(i) should be assessed 
according to the criteria established by tL-Community on the 
basis of Articles 42 and 43 of the Treaty establishing the 
European Economic Community and in particular of those 
established in Council Regulation No. 2611962. 



6. If the Community or the CSFR considers that a particular practice is 
incompatible with the terms of the first paragraph of this Article, and: 


-

is not adequately dealt with under the implementing rules referred to in paragraph 3, or 
-

in the absence of such rules, and if such practice causes or threatens to cause serious prejudice to the interest of the other Party or material injury to its domestic industry, including its services industry. 
it may take appropriate measures after consultation within the Joint 
Committee or after thirty working days following referral for such 
consultation. 


In the case of practices incompatible with paragraph i(iii) of this 
Article, such appropriate measures may, where the General Agreement on 
Tariffs and Trade applies thereto, only be adopted in conformity with the 
procedures and under the conditions laid down by the General Agreement on 
Tariffs and Trade and any other relevant instrument negotiated under its 
auspices which are applicable between the Parties. 



7. Notwithstanding any provisions to the contrary adopted in conformity 
with paragraph 3, the parties shall exchange information taking into 
account the limitations imposed by the requirements of professional and 
business secrecy. 



8. This Article shall not apply to the products covered by the Treaty 
establishing the European Coal and Steel Community which are the subject of 
Protocol No. 2.</article>
      <article number="ARTICLE 34" article_identifier="18022">1. Where one or more Member States of the Community or the CSFR is in 
serious balance-of-payments difficulties, or under imminent threat thereof, 
the Coamunity or the CSFR, as the case may be, may, in accordance with the 
conditions established under the General Agreement on Tariffs and Trade 
adopt restrictive measures, including measures relating to imports, which 
shall be of limited duration and may not go beyond what is necessary to 
remedy the balance-of-payments situation. The measures shall be 
progressively relaxed as balance-of-payments conditions improve and they 
shall be eliminated when conditions no longer justify their maintenance. 
The Community or the CSFR, as the case may be, shall inform the other party 
forthwith of their introduction and, whenever practicable, of a time 
schedule for their removal. 



2. The Parties shall nevertheless endeavour to avoid the imposition of 
restrictive measures for the balance-of-payments purposes.</article>
      <article number="ARTICLE 35" article_identifier="18023">With regard to public undertakings, and undertakings to which special 
or exclusive rights have been granted, the Joint Committee shall ensure_ 


that as from the third year following the date of entry into force of the 


Agreement, the principles of the Treaty establishing the European Economic 


Community, notably Article 90, and the principles of the concluding 


document of the April 1990 Bonn meeting of the Conference on Security and 


Co-operation in Europe, notably entrepreneurs' freedom of decision, are 


upheld.</article>
      <article number="ARTICLE 36" article_identifier="18024">1. The CSFR shall continue to improve the protection of intellectual, 
industrial and commercial property rights in order to provide, by the end 
of the fifth year after the entry into force of the Agreement, a level of 
protection similar to that provided in the Community by Community Acts, in 
particular the ones referred to in Annex XVII, including comparable means 
of enforcing such rights. 



2. Mutual assistance between administrative authorities in customs 
matters of the Parties shall take place in accordance with the provisions 
of Protocol No. 6.</article>
    </chapter>
    <chapter number="TITLE III" name="Institutional, General And Final Provisions" chapter_identifier="2160">
      <article number="ARTICLE 37" article_identifier="18025">The Joint Committee, set up by the Agreement on Trade and Commercial 
and Economic Co-operation signed between the European Economic Community 
and the CSFR on 7 May 1990, shall perform the duties assigned to it by this 
Agreement until the Association Council provided for in Article 103 of the 
European Agreement is established.</article>
      <article number="ARTICLE 38" article_identifier="18026">The Joint Committee shall, for the purposes of attaining the 
objectives of the Agreement, have the power to take decisions in the cases 
provided for therein. The decisions taken shall be binding on the Pr Uies 
which shall take the measures necessary to implement the decisions taken. 
The Joint Committee may also make appropriate recommendations. 


It shall draw up its decisions and recommendations by agreement 
between the two Parties.</article>
      <article number="ARTICLE 39" article_identifier="18027">1. Each of the two parties may refer to the Joint Committee any dispute 
relating to the application or interpretation of this Agreement. 



2. The Joint Committee may settle the dispute by means of a decision. 


3. Each party shall be bound to take the measures involved in carrying 
out the decision referred to in paragraph 2. 



4. In the event of it not being possible to settle the dispute in 
accordance with paragraph 2 of this Article, either party may notify the 
other of the appointment of an arbitrator; the other party must then 
appoint a second arbitrator within two months. 

The Joint Committee shall appoint a third arbitrator. 


The arbitrators' decisions shall be taken by majority vote. 


Each party to the dispute must take the steps required to implement 
the decision of the arbitrators.</article>
      <article number="ARTICLE 40" article_identifier="18028">Within the scope of this Agreement, each party undertakes to ensure 
that natural and legal persons of the other party have access free of 
discrimination in relation to its own nationals to the competent courts and 
administrative organs of the Community and the CSFR to defend their 
individual rights and their property rights, including those concerning 
intellectual, industrial and commercial property.</article>
      <article number="ARTICLE 41" article_identifier="18029">Nothing in the Agreement shall prevent a Party from taking any 
measures: 



(a) 	which it considers necessary to prevent the disclosure of 
information contrary to its essential security interests; 



(b) 	which relate to the production of, or trade in, arms, mrnitions 
or war materials or to research, development or production 
indispensable for defence purposes, provided that such measures 
do not impair the conditions of competition in respect of 
products not intended for specifically military purposes; 



(c) 	which it considers essential to its own security in the event of 
serious internal disturbances affecting the maintenance of law 
and order, in time of war or serious international tension 
constituting threat of war or in order to carry out obligations 
it has accepted for the purpose of maintaining peace and 
international security.</article>
      <article number="ARTICLE 42" article_identifier="18030">In the fields covered by this Agreement and without prejudice to any 
special provisions contained therein: 


-the arrangements applied by the CSFR in respect of the Communnity 
shall not give rise to any discrimination between the Member 
States, their nationals, or their companies or firms; 


-the arrangements applied by the Community in respect of the CSFR 
shall not give rise to any discrimination between CSFR nationals 
or its companies or firms.</article>
      <article number="ARTICLE 43" article_identifier="18031">Products originating in the CSFR shall not enjoy more favourable 
treatment ashen imported into the Community than that applied by Member 
States among themselves.</article>
      <article number="ARTICLE 44" article_identifier="18032">1. The Parties shall take any general or specific measures required to 
fulfil their obligations under the Agreement. They shall see to it that 
the objectives set out in the Agreement are attained. 



2. If either Party considers that the other Party has failed to fulfil an 
obligation under the Agreement, it may take appropriate measures. Before 
so doing, it shall supply the Joint Committee with all relevant information 
required for a thorough examination of the situation with a view to seeking 
a solution acceptable to the Parties. 

In the selection of measures, priority must be give;: to those which 
least disturb the functioning of the Agreement. These Measures shall be 
notified immediately to the Joint Committee and shall be the subject of 
consultations within the Joint Committee if the other Party so requests.</article>
      <article number="ARTICLE 45" article_identifier="18033">Protocols Nos. 1, 2, 3, 4, 5, 6 and 7 and Annexes I to XV and XVII 
shall form an integral part of this Agreement.</article>
      <article number="ARTICLE 46" article_identifier="18034">1. This Agreement shall be applicable until the entry into force of the 
Europe Agreement signed on 16 December 1991 and at the latest until 
31 December 1992. 



2. Either party may denounce this Agreement by notifying the other party. 
This Agreement shall cease to apply six months after the date of such 
notification.</article>
      <article number="ARTICLE 47" article_identifier="18035">This Agreement shall apply, on the one hand, to the territories in 
which the Treaties establishing the European Economic Community and the 
European Coal and Steel Community are applied and under the conditions laid 
down in those Treaties and, on the other hand, to the territory of the 
CSFR.</article>
      <article number="ARTICLE 48" article_identifier="18036">This Agreement is drawn up in duplicate in the Danish Dutch, English, 
French, Gerrwn, Greek, Italian, Portuguese, Spanish and Czech languages, 
each of these texts being equally authentic.</article>
      <article number="ARTICLE 49" article_identifier="18037">This Agreement will be approved by the Parties in accordance with 
their own procedures. 


This Agreement shall enter into force on the first day of the month 
following the date on which the Parties notify each other that the 
procedures referred to in the first paragraph have been completed. 


Upon entry into force of this Agreement, Articles 2 and 3, 
paragraphs 2 to 17 of the Agreement between the European Economic Community 
and the Czech and Slovak Federal Republic on trade and economic and 
commercial co-operation signed in Brussels on 7 May 1990 and the 
corresponding provisions of the Protocol between the European Coal and 
Steel Community and the Czech and Slovak Federal Republic initialled in 
Brussels on 28 June 1991, if they have entered into force, shall be 
suspended.</article>
      <article number="ARTICLE 50" article_identifier="18038">1. In the event that this Agreement enters into force after 1 January but 
before 30 June 1992 for the purposes of Titles I and II of this Agreement 
and Protocols Nos. 1, 2, 3, 4, 5, 6 and 7 hereto, the terms "date of entry 
into force of the Agreement' shall mean: 


-the date of entry into force in relation to obligations taking 
erfiect on that date, and 


-1 January 1992 in relation to obligations taking effect after the 
date of entry into force by reference to the date of entry into 
force. 


2. In the case of entry into force after 1 January, the provisions of 
Protocol No. 7 shall apply.</article>
    </chapter>
  </body>
</treaty>
