<?xml version="1.0" encoding="UTF-8"?>
<treaty>
  <meta>
    <name>Hungary - Lithuania</name>
    <type>Free Trade Agreement</type>
    <wto_rta_id>320</wto_rta_id>
    <treaty_identifier>271</treaty_identifier>
    <status>Inactive</status>
    <notification>GATT Art. XXIV</notification>
    <date_signed>1998-11-13</date_signed>
    <date_into_force>2000-03-01</date_into_force>
    <date_notification>2000-01-12</date_notification>
    <end_implementation/>
    <date_inactive>2004-05-01</date_inactive>
    <parties_original>
      <partyisocode n="1">HUN</partyisocode>
      <partyisocode n="2">LTU</partyisocode>
    </parties_original>
    <parties>
      <partyisocode n="1"/>
    </parties>
    <composition>Bilateral</composition>
    <region>Europe</region>
    <parties_wto>Yes</parties_wto>
    <crossregional>No</crossregional>
    <language>en</language>
    <source lang="en" type="full text">http://docsonline.wto.org/imrd/gen_redirectsearchdirect.asp?RN=0&amp;searchtype=browse&amp;query=@meta_Symbol"WT/REG83/1"&amp;language=1&amp;ct=DDFEnglish</source>
    <source lang="es" type="full text">http://docsonline.wto.org/imrd/gen_redirectsearchdirect.asp?RN=0&amp;searchtype=browse&amp;query=@meta_Symbol"WT/REG83/1"&amp;language=3&amp;ct=DDFSpanish</source>
    <source lang="fr" type="full text">http://docsonline.wto.org/imrd/gen_redirectsearchdirect.asp?RN=0&amp;searchtype=browse&amp;query=@meta_Symbol"WT/REG83/1"&amp;language=2&amp;ct=DDFFrench</source>
  </meta>
  <body>
    <chapter name="Preamble" chapter_identifier="408">
      <article number="ARTICLE 1" name="Objectives" article_identifier="20792">1. The Parties shall gradually establish during a transitional period ending on the 31 December 2000 at the latest a free-trade area in accordance with the provisions of this Agreement and in conformity with Article XXIV and with the Understanding on the Interpretation of Article XXIV of the General Agreement on Tariff and Trade 1994. 


2. 	The objectives of this Agreement are: 


(a) 	to promote through the expansion of mutual trade the harmonious development of the economic relations between the Parties, 


(b) 	to provide fair conditions of competition for trade between the Parties, 


(c) 	to contribute in this way, by the removal of barriers to trade, to the harmonious development and expansion of world trade, 


(d) 	to enhance co-operation between the Parties.</article>
    </chapter>
    <chapter number="CHAPTER I" name="Industrial Products" chapter_identifier="409">
      <article number="ARTICLE 2" name="Scope" article_identifier="20793">The provisions of this Chapter shall apply to industrial products originating in the Parties. The term "industrial products" for the purpose of this Agreement means the products falling within Chapters 25 to 97 of the Harmonized Commodity Description and Coding System excluding the products listed in Annex I.</article>
      <article number="ARTICLE 3" name="Customs Duties On Imports And Charges Having Equivalent Effect" article_identifier="20794">1. No new customs duty on imports or charge having equivalent effect shall be introduced in trade between the Parties. 


2. The Parties shall abolish on their imports from each other all charges having equivalent effect to customs duties on imports from the date of entry into force of this Agreement. 


3. Customs duties on imports applicable in Hungary to products originating in Lithuania which are listed in Annex II(a) and (b) shall be abolished on the date of entry into force of this Agreement. 


4. 	(a) Customs duties on imports applicable in Hungary to products originating in Lithuania which are listed in Annex II(a) shall be reduced progressively. 
-  on the date of entry into force of this Agreement - to 45 per cent of the basic duty, -  on 1 January 1999 - to 30 per cent of the basic duty, -  on 1 January 2000 - to 15 per cent of the basic duty, -  on 1 January 2001 - to 0 per cent of the basic duty. 

(b) 	Customs duties on imports applicable in Hungary to products originating in Lithuania which are listed in Annex II(b) shall be abolished on 1 January 2001. 


5. Customs duties on imports applicable in Lithuania to products originating in Hungary which are not listed in Annex III(a) and (b) shall be abolished on the date of entry into force of this Agreement. 


6. 	(a) Customs duties on imports applicable in Lithuania to products originating in Hungary which are listed in Annex III(a) shall be reduced progressively: 
-  on the date of entry into force of this Agreement - to 45 per cent of the basic duty, -  on 1 January 1999 - to 30 per cent of the basic duty, -  on 1 January 2000 - to 15 per cent of the basic duty, -  on 1 January 2001 - to 0 per cent of the basic duty. 

(b) 	Customs duties on imports applicable in Lithuania to products originating in Hungary which are listed in Annex III(b) shall be abolished on 1 January 2001.</article>
      <article number="ARTICLE 4" name="Basic Duties" article_identifier="20795">1. For each product the basic duty to which successive reductions set out in this Agreement are to be applied shall be: 

-for products originating in Hungary, the MFN duty that was in force on 1 April 1997 in Lithuania, 

-for products originating in Lithuania, the MFN duty that was in force on 29 February 1992 in Hungary. 


2. If after entry into force of this Agreement, any tariff reduction is applied on an erga omnes basis such reduced duties shall replace the basic duties referred to in paragraph 1 as from that date when such reductions are applied. 


3. The reduced duties calculated in accordance with Article 3 and paragraph 2 of Article 4 shall be applied rounded to the first decimal place. 


4. For commercial exchanges covered by this Agreement, the Hungarian Customs Tariffs shall be applied to the classification of goods for imports into Hungary. The Lithuanian Customs Tariffs shall be applied to the classification of goods for imports into Lithuania.</article>
      <article number="ARTICLE 5" name="Fiscal Duties" article_identifier="20796">The provisions of Article 3 shall also apply to customs duties of a fiscal nature.</article>
      <article number="ARTICLE 6" name="Customs Duties On Exports And Charges Having Equivalent Effect" article_identifier="20797">1. No new customs duty on exports or charge having equivalent effect shall be introduced in trade between the Parties. 


2. All existing customs duties on exports and any charges having equivalent effect shall be abolished on the date of entry into force of this Agreement except as provided for in Annex IV.</article>
      <article number="ARTICLE 7" name="Quantitative Restrictions On Imports And Measures Having Equivalent Effect" article_identifier="20798">1. No new quantitative restriction on imports or measure having equivalent effect shall be introduced in trade between the Parties from the date of entry into force of this Agreement. 


2. All quantitative restrictions and measures having equivalent effect on imports of products originating in the Parties shall be abolished on the date of entry into force of this Agreement, except as provided for in Annex V.</article>
      <article number="ARTICLE 8" name="Quantitative Restrictions On Exports And Measures Having Equivalent Effect" article_identifier="20799">1. No new quantitative restriction on exports or measure having equivalent effect shall be introduced in trade between the Parties. 


2. All quantitative restrictions and measures having equivalent effect on exports of products originating in the Parties shall be abolished on the date of entry into force of this Agreement except those that might be required for the administration of international obligations.</article>
    </chapter>
    <chapter number="CHAPTER II" name="Agricultural Products" chapter_identifier="410">
      <article number="ARTICLE 9" name="Scope" article_identifier="20800">The provisions of this Chapter shall apply to agricultural products originating in the Parties. The term "agricultural products" for the purpose of this Agreement means the products falling within Chapters 1 to 24 of the Harmonized Commodity Description and Coding System and the products listed in Annex I.</article>
      <article number="ARTICLE 10" name="Exchange Of Concessions" article_identifier="20801">The Parties grant each other the concessions, specified in Protocol 1 in accordance with provisions of this Chapter and those laid down in this Protocol.</article>
      <article number="ARTICLE 11" name="Concessions And Agricultural Policies" article_identifier="20802">1. Without prejudice to the concessions granted under Protocol 1 to this Agreement, the provisions of this Chapter shall not restrict in any way the pursuance of the respective agricultural policies of the Parties or the taking of any measures under such policies, including the implementation of the respective provisions of the Agreement on Agriculture within the framework of the World Trade Organization. 


2. The Parties shall notify each other of changes in their respective agricultural policies pursued or measures applied which may affect the conditions of agricultural trade between them as provided for in this Agreement.  Prompt consultations shall be held, upon request of any Party, to examine the situation.</article>
      <article number="ARTICLE 12" name="Specific Safeguards" article_identifier="20803">Notwithstanding other provisions of this Agreement and, in particular, Article 25, if, given the particular sensitivity of the agricultural markets, imports of products originating in a Party, which are subject to concessions granted under this Agreement, cause serious disturbance to the markets of the other Party, the Party concerned shall enter into consultations immediately to find the appropriate solution.  Pending such solution, the Party concerned may take the measures it deems necessary.</article>
      <article number="ARTICLE 13" name="Veterinary, Sanitary And Phytosanitary Measures" article_identifier="20804">1. The Parties shall apply their regulations in sanitary and phytosanitary matters in a non-discriminatory fashion and shall not introduce any new measure that has the effect of unduly obstructing trade. 


2. The veterino-sanitary measures and the work of the veterinary services will be in accordance with the Office International des Epizoodies Codex and other international conventions in this field. 


3. The phytosanitary measures and the work of the plant protection service will be in accordance with the International Plant Protection Convention and other international conventions in this field.</article>
    </chapter>
    <chapter number="CHAPTER III" name="General Provisions" chapter_identifier="411">
      <article number="ARTICLE 14" name="Rules Of Origin And Co-Operation In Customs Administration" article_identifier="20805">1. Protocol 2 to this Agreement lays down the rules of origin and related methods of administrative co-operation. 


2. The Parties shall take appropriate measures, including regular reviews by the Joint Committee and arrangements for administrative co-operation, to ensure that the provisions of Protocol 2 to this Agreement and Article 3 (Customs duties on imports and charges having equivalent effect), Article 4 (Basic duties), Article 5 (Fiscal duties), Article 6 (Customs duties on exports and charges having equivalent effect), Article 7 (Quantitative restrictions on imports and measures having equivalent effect), Article 8 (Quantitative restrictions on exports and measures having equivalent effect), Article 15 (Internal taxation) and Article 26 (Structural adjustment) of this Agreement are effectively and harmoniously applied, and to reduce, as far as possible, the formalities imposed on trade, and to achieve mutually satisfactory solutions to any difficulties arising from the operation of those provisions.</article>
      <article number="ARTICLE 15" name="Internal Taxation" article_identifier="20806">1. The Parties shall refrain from any measure or practice of an internal fiscal nature establishing, whether directly or indirectly, discrimination between the products originating in the Parties. 


2. Products exported to the territory of one of the Parties may not benefit from repayment of internal taxation in excess of the amount of direct or indirect taxation imposed on them.</article>
      <article number="ARTICLE 16" name="General Exception" article_identifier="20807">This Agreement shall not preclude prohibitions or restrictions on imports, exports or goods in transit justified on the grounds of public morality, public policy or public security; the protection of human, animal or plant life or health;  the protection of environment; the protection of national treasures possessing artistic, historic or archaeological value;  the protection of intellectual property; the rules relating to gold or silver;  of the conservation of exhaustible natural resources if such measures are made effective in conjunction with restrictions on domestic production or consumption. Such prohibitions or restrictions shall not, however, constitute a means of arbitrary discrimination or a disguised restriction on trade between the Parties.</article>
      <article number="ARTICLE 17" name="Security Exceptions" article_identifier="20808">Nothing in this Agreement shall prevent a Party from taking any appropriate measure which it considers necessary: 


(a) to prevent the disclosure of information contrary to its essential security interests; 


(b) 	for the protection of its essential security interests or for the implementation of international obligations or national policies; 


(i) 	relating to the traffic in arms, ammunition and implements of war, provided that such measures do not impair the conditions of competition in respect of products not intended for specifically military purposes, and to such traffic in other goods, materials and services as is carried on directly or indirectly for the purpose of supplying a military establishment; or 


(ii) 	relating to the non-proliferation of biological and chemical weapons, nuclear weapons or other nuclear explosive devices; or 
(iii) 	taken in time of war or other serious international tension.</article>
      <article number="ARTICLE 18" name="State Monopolies" article_identifier="20809">1. The Parties shall adjust progressively any State monopoly of commercial character so as to ensure that by the end of the year following the entry into force of this Agreement, no discrimination regarding the conditions under which goods are procured and marketed exists between nationals of the Parties.  The Parties shall inform each other about the measures adopted to implement this objective. 


2. The provisions of this Article shall apply to any body through which the competent authorities of the Parties, in law or in fact, either directly or indirectly supervise, determine or appreciably influence imports or exports between the Parties.  These provisions shall likewise apply to monopolies delegated by a Party to other bodies.</article>
      <article number="ARTICLE 19" name="Payments" article_identifier="20810">1. Payments in freely convertible currencies relating to trade in goods between the Parties and the transfer of such payments to the territory of the Party where the creditor resides, shall be free from any restrictions. 


2. The Parties shall refrain from any exchange or administrative restrictions on the grant, repayment or acceptance of short- and medium-term credits related to trade in goods in which a resident of a Party participates. 


3. Notwithstanding the provisions of paragraph 2, any measures concerning current payments connected with the movement of goods shall be in conformity with the conditions laid down under Article VIII of the Articles of the Agreement of the International Monetary Fund.</article>
      <article number="ARTICLE 20" name="Rules Of Competition Concerning Undertakings" article_identifier="20811">1. The following are incompatible with the proper functioning of this Agreement insofar as they may affect trade between the Parties: 


(a) 	all agreements between undertakings, decisions by associations of undertakings and concerted practices between undertakings which have as their object or effect the prevention, restriction or distortion of competition; 


(b) 	abuse by one or more undertakings of a dominant position in the territories of the Parties as a whole or in substantial part thereof. 

2. The provisions of paragraph 1 of this Article shall apply to the activities of all undertakings including public undertakings and undertakings to which the Parties grant  special or exclusive rights. Undertakings entrusted with the operation of services of general economic interest or having the character of a revenue-producing monopoly, shall be subject to provisions of paragraph 1 insofar as the application of these provisions does not obstruct the performance, in law or in fact, of the particular public tasks assigned to them. 


3. With regard to products refered to in Chapter II the provisions stipulated in paragraph 1(a) of this Article shall not apply to such agreements, decisions and practices which form an integral part of a national market organization. 


4. If a Party considers that a given practice is incompatible with paragraphs 1, 2 and 3 of this Article and if such practice causes or threatens to cause serious prejudice to the interest of that Party or material injury to its domestic industry, it may take appropriate measures under the conditions and in accordance with the procedure laid down in Article 29 (Procedure for the application of safeguard measures).</article>
      <article number="ARTICLE 21" name="State Aid" article_identifier="20812">1. Any aid granted by a Party or through state resources in any form whatever, which distorts or threatens to distort competition by favouring certain undertakings or the production of certain goods shall, insofar as it may affect trade between the Parties, be incompatible with the proper functioning of this Agreement. 


2. The provisions of paragraph 1 of this Article shall not apply to products referred to in Chapter II. 


3. The Parties shall ensure transparency in the area of state aid, inter alia, by reporting annually to the Joint Committee on the total amount and the distribution of the aid given and by providing to the other Party, upon request, information on aid schemes and on particular individual cases of state aid. 


4. 	If a Party considers that a particular practice: 
-	is incompatible with the terms of paragraph 1, or 

-causes or threatens to cause serious prejudice to the interest of that Party or material injury to its domestic industry, 

it may take appropriate measures under the conditions of and in accordance with the provisions of Article 29 (Procedure for the application of safeguard measures). Such appropriate measures may only be taken in conformity with the procedures and under the conditions laid down by the General Agreement on Tariffs and Trade 1994 and by the Agreement Establishing the World Trade Organization and any other relevant instruments negotiated under their auspices which are applicable between the Parties.</article>
      <article number="ARTICLE 22" name="Public Procurement" article_identifier="20813">1. The Parties consider the liberalization of their respective public procurement markets as an objective of this Agreement. 


2. The Parties shall progressively develop their respective regulations for public procurement with a view to grant suppliers of the other Party, on 1 January 2001 at the latest, access to contract award procedures on their respective public procurement markets according to the provisions of the Agreement on Government Procurement in Annex IV of the Agreement Establishing the World Trade Organization. 


3. The Joint Committee shall examine developments related to the achievement of the objectives of this Article and may recommend practical modalities of implementing the provisions of paragraph 2 so as to ensure free access, transparency and full balance of rights and obligations. 


4. During the examination referred to in paragraph 3, the Joint Committee may consider, especially in the light of international developments and regulations in this area, the possibility of extending the coverage and/or the degree of the market opening provided for in paragraph 2. 


5. The Parties shall endeavour to accede to the relevant Agreements negotiated under the auspices of the General Agreement on Tariffs and Trade 1994 and the Agreement Establishing the World Trade Organization.</article>
      <article number="ARTICLE 23" name="Protection Of Intellectual Property" article_identifier="20814">1. The Parties shall grant and ensure the protection of intellectual property rights on a non-discriminatory basis, including measures for granting and enforcing such rights.  The protection shall be gradually improved on a level corresponding to the substantive standards of the multilateral agreements which are specified in Annex VI to this Agreement by 1 January 2001 at the latest. 


2. For the purposes of this Agreement "intellectual property protection" includes, in particular, protection of copyright, comprising computer programs and databases, and neighbouring rights, trademarks for goods and services, geographical indications including appellation of origin, industrial designs, patents, topographies of integrated circuits, as well as undisclosed information on know-how. 


3. The Parties shall co-operate in matters of intellectual property. They shall hold, upon request of any Party, expert consultations on these matters, in particular, on activities relating to the existing or to future international conventions on harmonization, administration and enforcement of intellectual property on activities in international organizations, such as the World Trade Organization and the World Intellectual Property Organization, as well as relations of the Parties with any third country on matters concerning intellectual property. 


4. The Parties may conclude further agreements exceeding the requirements of this Agreement which are not contrary to the TRIPS Agreement.</article>
      <article number="ARTICLE 24" name="Dumping" article_identifier="20815">If a Party finds that dumping within the meaning of Article VI of the General Agreement on Tariffs and Trade 1994 is taking place in trade relations governed by this Agreement, it may take appropriate measures against that practice in accordance with Article VI of the General Agreement on Tariffs and Trade 1994 under the conditions and in accordance with the procedure laid down in Article 29 (Procedure for the application of safeguard measures).</article>
      <article number="ARTICLE 25" name="General Safeguards" article_identifier="20816">Where any product is being imported in such increased quantities and under such conditions as to cause or threaten to cause: 


(a) 	serious injury to domestic producers of like or directly competitive products in the territory of the importing Party, or 


(b) 	serious disturbances in any related sector of the economy or difficulties which could bring about serious deterioration in the economic situation of a region, 
the Party concerned may take appropriate measures under the conditions and in accordance with the procedure laid down in Article 29 (Procedure for the application of safeguard measures).</article>
      <article number="ARTICLE 26" name="Structural Adjustment" article_identifier="20817">1. Exceptional measures of limited duration which derogate from the provisions of Article 3 (Customs duties on import and charges having equivalent effect) may be taken by any of the Parties in the form of increased customs duties. 


2. These measures may only concern infant industries, or certain sectors undergoing restructuring or facing serious difficulties, particularly where these difficulties produce important social problems. 


3. Customs duties on imports applicable in the Party concerned to products originating in the other Party introduced by these measures may not exceed 25 per cent ad valorem and shall maintain an element of preference for products originating in the other Party. The total value of imports of the products which are subject to these measures may not exceed 15 per cent of total imports of industrial products from the other Party as defined in Chapter I during the last year for which statistics are available. 


4. These measures shall be applied for a period not exceeding three years, unless longer duration is authorized by the Joint Committee.  They shall cease to apply on 1 January 2001 at the latest. 


5. No such measures can be introduced in respect of a product if more than three years have elapsed since the entry into force of this Agreement or elimination of all customs duties and quantitative restrictions or charges or measures having an equivalent effect concerning that product. 


6. The Party concerned shall inform the other Party of any exceptional measures it intends to take and, upon request of the other Party, consultations shall be held within the Joint Committee on such measures and the sectors to which they apply prior to their introduction.  When taking such measures the Party concerned shall provide the Joint Committee with a schedule for the elimination of the customs duties introduced under this Article. This schedule shall provide for a phasing out of these customs duties starting at the latest two years after their introduction, at equal annual rates.  The Joint Committee may decide on a different schedule.</article>
      <article number="ARTICLE 27" name="Re-Export And Serious Shortage" article_identifier="20818">When compliance with the provisions of Article 6 (Customs duties on exports and charges having equivalent effect) and Article 8 (Quantitative restrictions on exports and measures having equivalent effect) leads to: 


(a) 	re-export towards a third country against which the exporting Party maintains for the product concerned quantitative export restrictions, export duties or measures or charges having equivalent effect; or 


(b) 	a serious shortage, or threat thereof, of a product essential to the exporting Party; 
and where the situations referred to above give rise or are likely to give rise to major difficulties for the exporting Party, that Party may take appropriate measures under the conditions and in accordance with the procedure laid down in Article 29 (Procedure for the application of safeguard measures).</article>
      <article number="ARTICLE 28" name="Fulfilment Of Obligations" article_identifier="20819">1. The Parties shall take any general or specific measure required to fulfill their obligations under this Agreement.  They shall see to it that the objectives set out in this Agreement are attained. 


2. If a Party considers that the other Party has failed to fulfill an obligation under this Agreement, the Party concerned may take appropriate measures under the conditions and in accordance with the procedure laid down in Article 29 (Procedure for the application of safeguard measures).</article>
      <article number="ARTICLE 29" name="Procedure For The Application Of Safeguard Measures" article_identifier="20820">1. Before initiating the procedure for the application of safeguard measures set out in the following paragraphs of this Article, the Parties shall endeavour to solve any differences between them through direct consultations. 


2. In the event of a Party subjecting imports of products liable to give rise to the situation referred to in Article 25 (General safeguard) to an administrative procedure having as its purpose the rapid provision of information on the trend of trade flows, it shall inform the other Party. 


3. Without prejudice to paragraph 7 of this Article, a Party which considers resorting to safeguard measures shall promptly notify the other Party thereof and supply all relevant information. 

Consultations between the Parties shall take place without delay in the Joint Committee with a view to finding a solution. 

4. 	(a) With regard to Article 24 (Dumping), Article 25 (General safeguard) and Article 27 (Re-export and serious shortage), the Joint Committee shall examine the case or the situation and may take any decision needed to put an end to the difficulties notified by the Party concerned.  In the case of the absence of such decision within thirty days of the matter being referred to the Joint Committee, the Party concerned may adopt the measures necessary in order to remedy the situation 


(b) 	With regard to Article 28 (Fulfilment of obligations), the Party concerned may take appropriate measures after the consultations have been concluded or a period of three months has elapsed from the date of the first notification to the other Party. 


(c) 	With regard to Article 20 (Rules of competition concerning undertakings) and Article 21 (State aid), the Party concerned shall give the Joint Committee all the assistance required in order to examine the case and, where appropriate, eliminate the practice objected to.  If the Party in question fails to put an end to the practice objected to within the period fixed by the Joint Committee or if the Joint Committee fails to reach an agreement within sixty days of the matter being referred to it, the Party concerned may adopt the appropriate measures to deal with the difficulties resulting from the practice in question. 

5. The safeguard measures taken shall be immediately notified to the other Party.  They shall be restricted with regard to their extent and to their duration to what is strictly necessary in order to rectify the situation giving rise to their application and shall not be in excess of the injury caused by the practice or the difficulty in question.  Priority shall be given to such mesures which will least disturb the functioning of this Agreement. 


6. The safeguard measures taken shall be the subject of periodic consultations without the Joint Committee with a view to their relaxation as soon as possible, or abolition when conditions no longer justify their maintenance. 


7. Where exceptional circumstances requiring immediate action make prior examination impossible, the Party concerned may, in the case of Article 20 (Rules of competition concerning undertakings), Article 21 (State aid) and Article 30 (Balance-of-payments difficulties) apply forthwith the provisional measures strictly necessary to remedy the situation.  The measures shall be notified without delay and consultations between the Parties shall take place as soon as possible within the Joint Committee.</article>
      <article number="ARTICLE 30" name="Balance-Of-Payments Difficulties" article_identifier="20821">1. The Parties shall endeavour to avoid the imposition of restrictive measures including measures relating to imports for balance-of-payments purposes. 


2. Where one of the Parties is in serious balance-of-payments difficulties, or under imminent threat thereof, the Party concerned may, in accordance with the relevant provisions of the General Agreement on Tariffs and Trade 1994 and with Article VIII of Articles of the Agreement of International Monetary Fund adopt restrictive measures, including measures related to imports, which shall be of limited duration and may not go beyond what is necessary to remedy the balance-of-payments situation.  The measures shall be progressively relaxed as balance-of-payments 
conditions improve and they shall be eliminated when conditions no longer justify their maintenance. The Party concerned shall inform the other Party forthwith of their introduction and, whenever practicable, of a schedule for their removal.</article>
      <article number="ARTICLE 31" name="Evolutionary Clause" article_identifier="20822">1. When a Party considers that it would be useful in the interests of the economies of the Parties to develop and deepen the relations established by this Agreement by extending them to fields not covered thereby, it shall submit a reasonable request to the other Party.  The Parties may instruct the Joint Committee to examine such a request and, where appropriate, to make recommendations, particularly with a view to opening negotiations. 


2. Agreements resulting from the procedure referred to in paragraph 1 will be subject to the ratification or the approval by the Parties in accordance with their internal legal procedures.</article>
    </chapter>
    <chapter number="CHAPTER IV" name="Institutional And Final Provisions" chapter_identifier="412">
      <article number="ARTICLE 32" name="The Joint Committee" article_identifier="20823">1. A Joint Committee is hereby established in which each Party shall be represented.  The Joint Committee shall be responsible for the administration of this Agreement and shall ensure its proper implementation. 


2. For the purpose of the proper implementation of this Agreement, the Parties shall exchange information and upon the request of any Party, shall hold consultations within the Joint Committee. The Joint Committee shall keep under review the possibility of further removal of the obstacles to trade between the Parties. 


3. The Joint Committee may, in accordance with the provisions of paragraph 3 of Article 33 (Procedures of the Joint Committee), take decisions in the cases provided for in this Agreement. On other matters the Joint Committee may make recommendations.</article>
      <article number="ARTICLE 33" name="Procedures Of The Joint Committee" article_identifier="20824">1. For the proper implementation of this Agreement, the Joint Committee shall meet whenever necessary but at least once a year.  Each Party may request that a meeting be held. 


2. The Joint Committee shall act by common agreement. 


3. If a representative in the Joint Committee of a Party has, under the reservation, accepted a decision subject to the fulfilment of internal legal requirements, the decision shall enter into force, if no later date is contained therein, on the day the lifting of the reservation is notified. 


4. For the purpose of this Agreement, the Joint Committee shall adopt its rules of procedure which shall, inter alia, contain provisions for convening meetings and for the designation of the Chairman and the term of office. 


5. The Joint Committee may decide to set up such subcommittees and working groups as it considers necessary to assist it in accomplishing its tasks.</article>
      <article number="ARTICLE 34" name="Customs Unions, Free-Trade Areas And Frontier Trade" article_identifier="20825">This Agreement shall not prevent the maintenance or establishment of customs unions, free-trade areas or arrangements for frontier trade to the extent that these do not negatively affect the trade between the Parties and in particular the provisions concerning rules of origin provided for by this Agreement.</article>
      <article number="ARTICLE 35" name="Annexes, Protocols And Amendments" article_identifier="20826">1. Annex and Protocols to this Agreement are an integral part of it. 


2. The Joint Committee may decide to amend the Annexes and Protocols to this Agreement.  In this case the amendments shall enter into force on the first day of the second month following the receipt of the latter diplomatic note confirming that their internal legal requirements for the entry into force of the amendments have been fulfilled.</article>
      <article number="ARTICLE 36" name="Entry Into Force" article_identifier="20827">This Agreement shall enter into force on the first day of the third month following the date on which the Parties have notified each other through diplomatic channels that their internal legal requirements for the entry into force of this Agreement have been fulfilled.</article>
      <article number="ARTICLE 37" name="Validity And Termination" article_identifier="20828">1. This Agreement is concluded for an unlimited period of time. 


2. Either Party may terminate this Agreement by a written notification to the other Party. The termination shall take effect on the first day of the seventh month following the date on which the notification was received by the other Party.</article>
    </chapter>
    <chapter name="Conclusion" chapter_identifier="413">
      <article article_identifier="20829">IN WITNESS WHEREOF the undersigned plenipotentiaries, being duly authorized thereto, have signed this Agreement. 

DONE at Budapest, this thirteenth day of November one thousand nine hundred and ninety eight in two originals, each in the Hungarian, Lithuanian and English languages, all texts being equally authentic.  In case of differences in interpretation, the English text shall prevail. 

For The Republic of Hungary For the Republic of Lithuania</article>
    </chapter>
  </body>
</treaty>
