<?xml version="1.0" encoding="UTF-8"?>
<treaty>
  <meta>
    <name>Eurasian Economic Union (EAEU) - Accession of Armenia</name>
    <type>Customs Union &amp; Economic Integration Agreement</type>
    <wto_rta_id>910</wto_rta_id>
    <treaty_identifier>441</treaty_identifier>
    <status>In Force</status>
    <notification>GATT Art. XXIV &amp; GATS Art. V</notification>
    <date_signed>2014-10-10</date_signed>
    <date_into_force>2015-01-02</date_into_force>
    <date_notification>2014-12-29</date_notification>
    <end_implementation/>
    <date_inactive/>
    <parties_original>
      <partyisocode n="1">ARM</partyisocode>
      <partyisocode n="2">BLR</partyisocode>
      <partyisocode n="3">KAZ</partyisocode>
      <partyisocode n="4">RUS</partyisocode>
    </parties_original>
    <parties>
      <partyisocode n="1">ARM</partyisocode>
      <partyisocode n="2">BLR</partyisocode>
      <partyisocode n="3">KAZ</partyisocode>
      <partyisocode n="4">RUS</partyisocode>
    </parties>
    <composition>Plurilateral</composition>
    <region>Commonwealth of Independent States (CIS)</region>
    <parties_wto>No</parties_wto>
    <crossregional>No</crossregional>
    <related_agreement_wto_id n="1">909</related_agreement_wto_id>
    <related_agreement_wto_id n="2">922</related_agreement_wto_id>
    <language>en</language>
    <source lang="en" type="full text">http://rtais.wto.org/rtadocs/910/TOA/English/Accession Treaty_RF Jul 05.docx</source>
    <source lang="en" type="annex">http://rtais.wto.org/rtadocs/910/AnnexAndRelatedDocs/English/Annex 1 Accession Treaty_RF Jul 05.docx</source>
  </meta>
  <body>
    <chapter chapter_identifier="4524">
      <article article_identifier="39127">TREATYOn Accession of the Republic of Armenia to the
  Treaty on the Eurasian Economic Union dated 29 May 2014
  (Minsk, October 10, 2014)

  
    The Republic of Belarus, the Republic of Kazakhstan, and the Russian
    Federation, on the one hand, and the Republic of Armenia on the
    other (together hereinafter referred to as “the Parties”),
  
    Reaffirming the friendly ties connecting the Parties and their
    peoples, and the aspiration to ensure their prosperity
  Committed to giving a new impulse to the development of closer integration and to the rapprochement of the Parties’ economies with
a view to social progress and improving the well-being of the peoples;
    Confirming their interest in the development of the Eurasian
    integration process;
  
    Guided by the Statement of the heads of the Republic of Belarus, the
    Republic of Kazakhstan, the Russian Federation, and the Republic of
    Armenia dated 24 October 2013 about the participation of the
    Republic of Armenia in the Eurasian integration process;
  
    Taking into account that international treaties underlying the
    formation of the contractual-legal framework of the Customs Union
    and the Common Economic Space have become the basis of the Treaty on
    the Eurasian Economic Union dated 29 May 2014;
  
    Acknowledging the readiness of the Republic of Armenia to honor the
    obligations stipulated by the aforementioned international treaties;
    and
  
    Taking into account that the Republic of Armenia has implemented the
    measures necessary for the Republic of Armenia to accede to the
    Customs Union and the Common Economic Space of the Republic of
    Belarus, the Republic of Kazakhstan, and the Russian Federation,
  
    Have hereby agreed on the following:</article>
    </chapter>
    <chapter chapter_identifier="4525">
      <article number="ARTICLE 1" article_identifier="39128">Under this Treaty, the Republic of Armenia accedes to the Treaty on
    the Eurasian Economic Union dated 29 May 2014, as well as other
    international treaties concluded in the context of forming the
    contractual-legal framework of the Customs Union and the Common
    Economic Space, which are parts of the Eurasian Economic Union law,
    subject to the list included in Annex 1 to this Treaty, and shall
    become a member of the Eurasian Economic Union from the date of
    entry into force of this Treaty.
  
    In connection with the accession of the Republic of Armenia to the
    Treaty on the Eurasian Economic Union dated 29 May 2014 and to the
    international treaties specified in Annex 1 to this Treaty shall be
    amended as per Annex 2 to this Treaty.
  
    The application by the Republic of Armenia of certain provisions of
    the Treaty on the Eurasian Economic Union dated 29 May 2014 and of
    the international treaties specified in Annex 1 to this Treaty shall
    be performed in accordance with conditions and transitional clauses
    subject to Annex 3 to this Treaty, and taking into account the
    agreements reached on the application of the Common Customs Tariff
    of the Eurasian Economic Union in respect of goods listed in Annex 4
    to this Treaty.
  
    If, at any time prior to the entry into force of this Treaty, an
    international treaty is signed or enters into force between the
    Republic of Belarus, the Republic of Kazakhstan, and the Russian
    Federation on matters related to the functioning of the Customs
    Union and the Common Economic Space, but such treaty is not
    specified in Annex 1 to this Treaty, the Republic of Armenia hereby
    undertakes the obligation to accede to such international treaty as
    of the date of entry into force of such international treaty,
    subject to a separate protocol, but no earlier than the date of
    entry into force of the present Treaty.</article>
      <article number="ARTICLE 2" article_identifier="39129">Starting from the date of entry into force of the present Treaty,
    acts of the bodies of the Eurasian Economic Union, as well as
    decisions of the Supreme Eurasian Economic Council(the Interstate
    Council of the Eurasian Economic Community (the Supreme body of the
    Customs Union)) and decisions of the Eurasian Economic Commission
    (the Commission of the Customs Union), which were in effect on the
    date of entry into force of this Treaty, shall be subject to
    application in the territory of the Republic of Armenia with due
    respect for the provisions stipulated by Annex 3 to this Treaty.</article>
      <article number="ARTICLE 3" article_identifier="39130">Provisions regulating matters related to the membership of the
    Republic of Armenia in the World Trade Organization are defined in
    Annex 3 to this Treaty.</article>
      <article number="ARTICLE 4" article_identifier="39131">The peculiarities of the movement of goods and vehicles from the
    customs territory of the Eurasian Economic Union, including the
    territory of the Republic of Armenia, to the customs territory of
    the Eurasian Economic Union, including the territory of the Republic
    of Armenia, through territories that are not the customs territory
    of the Eurasian Economic Union shall be defined in accordance with
    Annex 5 to the present Treaty.</article>
      <article number="ARTICLE 5" article_identifier="39132">Disputes related to the interpretation and/or application of the provisions of the present Treaty shall be resolved in accordance with Article 112 of the Treaty on the Eurasian Economic Union
dated 29 May 2014.</article>
      <article number="ARTICLE 6" article_identifier="39133">The present Treaty is a part of the Eurasian Economic Union law.
  
    The present Treaty is subject to ratification and shall enter into
    force on the date on which the depositary receives, through
    diplomatic channels, the last written notification of the Parties
    completing the domestic procedures necessary for its entry into
    force, but no earlier than the date of entry into force of the
    Treaty on the Eurasian Economic Union dated 29 May 2014.</article>
    </chapter>
    <chapter chapter_identifier="4526">
      <article article_identifier="39134">Executed in the City of Minsk on 10 October 2014 in one counterpart
    in the Russian language.
  
    The original of the present Treaty shall be kept in the Eurasian
    Economic Commission, which, as a depositary of the present Treaty,
    shall send a certified copy hereof to each of the Parties.
  
            For the Republic of
        
            For the Republic of
        
            For the Russian
        
            Belarus
        
            Kazakhstan
        
            Federation
        
  For the Republic of Armenia</article>
    </chapter>
  </body>
</treaty>
