<?xml version="1.0" encoding="UTF-8"?>
<treaty>
  <meta>
    <name>Estonia - Sweden Free Trade Agreement</name>
    <type>Free Trade Agreement</type>
    <wto_rta_id>302</wto_rta_id>
    <treaty_identifier>259</treaty_identifier>
    <status>Inactive</status>
    <notification>GATT Art. XXIV</notification>
    <date_signed>1992-03-31</date_signed>
    <date_into_force>1992-07-01</date_into_force>
    <date_notification>1992-07-03</date_notification>
    <end_implementation/>
    <date_inactive>1995-01-01</date_inactive>
    <parties_original>
      <partyisocode n="1">EST</partyisocode>
      <partyisocode n="2">SWE</partyisocode>
    </parties_original>
    <parties>
      <partyisocode n="1"/>
    </parties>
    <composition>Bilateral</composition>
    <region>Europe</region>
    <parties_wto>Yes</parties_wto>
    <crossregional>No</crossregional>
    <language>en</language>
    <source lang="en" type="full text">http://sul-derivatives.stanford.edu/derivative?CSNID=91630143&amp;mediaType=application/pdf</source>
  </meta>
  <body>
    <chapter chapter_identifier="2459">
      <article article_identifier="20451">Preamble 


The Kingdom of Sweden and the Republic of Estonia, 


Recalling the importance of the traditional links between Sweden and 
Estonia and the common values they share, and recognizing their wish to 
strengthen these links and to establish close and lasting relations, 


Desiring to create favourable conditions for the development and 
diversification of trade between them and for the promotion of commercial 
and economic co-operation in areas of common interest on the basis of 
equality, mutual benefit and international law, 


Having regard to the Declaration signed by the EFTA States and Estonia 
on 10 December 1991, 


Having regard to the Trade Agreement between Sweden and Estonia signed 
on 28 October 1991, in particular to the provision contained therein that 
the Parties shall accord most-favoured-nation treatment to each other, and 
to the objective expressed in that Agreement to establish free trade 
between the two countries, 


Reaffirming their commitment to pluralistic democracy based on the 
rule of law, human rights and fundamental freedoms, and sharing the 
principles of the Final Act of the Helsinki Conference on Security and 
Co-operation in Europe, the Concluding Documents of the Madrid and Vienna 
meetings, the Document of the Bonn Conference on Economic Co-operation in 
Europe, and the Charter of Paris for a New Europe, 


Having regard to the emerging process of economic liberalization 
taking place in Estonia aimed at the establishment of a market economy, 
thus facilitating the integration of Estonia into the European and world 
economy, 


Resolved to develop further their relations in the field of trade in 
accordance with the principles of the General Agreement on Tariffs and 
Trade, 


Considering that no provision of this Agreement may be interpreted as 
exempting the Parties from their obligations under other international 
agreements, 


Having agreed as follows:</article>
    </chapter>
    <chapter chapter_identifier="2460">
      <article number="ARTICLE 1" name="Objectives" article_identifier="20452">The objectives of this Agreement are: 



(a) 	to promote, through the establishment of free trade according to 
the provisions of this Agreement, the harmonious development cf 
economic relations between Sweden and Estonia, and thus to foster 
the expansion of reciprocal trade, the advance of economic 
activity, the improvement of living and employment conditions, 
increased productivity, and financial stability; 



(b) 	to promote fair conditions of competition in the mutual trade 
between Sweden and Estonia; 



(c) 	to contribute, in this way, to European economic integration and 
the harmonious development and expansion of world trade.</article>
      <article number="ARTICLE 2" name="Scope Of The Agreement" article_identifier="20453">This Agreement shall apply to products falling within Chapters 25 to 
97 of the Harmonized Commodity Description and Coding System, which 
originate in Sweden or in Estonia.</article>
      <article number="ARTICLE 3" name="Rules Of Origin" article_identifier="20454">1. Protocol A¹ lays down the rules of origin and related methods of 
administrative co-operation. 



2. The Parties shall take appropriate measures, including arrangements 
for administrative co-operation, to ensure that the provisions of 
Articles 4 (Prohibition and abolition of customs duties and charges having 
equivalent effect), 5 (Prohibition and abolition of quantitative 
restrictions and measures having equivalent effect), 8 (Internal taxation), 
and 17 (Re-export and serious shortage), and Protocol A are effectively and 
harmoniously applied, and to reduce, as far as possible, the formalities 
imposed on trade, and to achieve mutually satisfactory solutions to any 
difficulties arising act of the operation of those provisions.</article>
      <article number="ARTICLE 4" name="Prohibition And Abolition Of Customs Duties And Charges Having Equivalent Effect" article_identifier="20455">1. No new customs duty on imports and exports or charges having 
equivalent effect shall be introduced in trade between Sweden and Estonia. 



2. Customs duties on imports and exports and charges having equivalent 
effect shall be abolished upon the entry into force of this Agreement. 



3. The provisions of this Article shall also apply to customs duties of a 
fiscal nature. 

¹Available for consultation in the secretariat (office 2078)</article>
      <article number="ARTICLE 5" name="Prohibition And Abolition Of Quantitative Restrictions And Measures Having Equivalent Effect" article_identifier="20456">1. No new quantitative restrictions on imports and exports or measures 
having equivalent effect shall be introduced in trade between Sweden and 
Estonia. 



2. Quantitative restrictions on imports and exports and measures having 
equivalent effect shall be abolished upon the entry into force of this 
Agreement except as provided for in Annex I.</article>
      <article number="ARTICLE 6" name="General Exceptions" article_identifier="20457">This Agreement shall not preclude prohibitions or restrictions on 
imports, exports, or goods in transit, justified on grounds of public 
morality, public policy, or public security; protection of the health and 
life of humans, animals, or plants; protection of the environment; 
protection of national treasures possessing artistic, historic, or 
archaeological value; protection of intellectual property; or rules 
relating to gold or silver. Such prohibitions or restrictions shall not, 
however, constitute a means of arbitrary discrimination or a disguised 
restriction on trade between the Parties.</article>
      <article number="ARTICLE 7" name="Trade In Agricultural Products" article_identifier="20458">1. The Parties declare their readiness to foster, in so far as their 
agricultural policies allow, the harmonious development of trade in 
agricultural products. 



2. In pursuance of this objective the Parties will conclude an 
arrangement providing for measures to facilitate trade in agricultural 
products and to establish free trade with respect to specific agricultural, 
specific processed agricultural, and specific fish products. 



3. The Parties shall apply their regulations in veterinary, plant health 
and health matters in a non-discriminatory fashion, and shall not introduce 
any new measures that unduly obstruct trade.</article>
      <article number="ARTICLE 8" name="Internal Taxation" article_identifier="20459">1. The Parties shall refrain from any measure or practice of an internal 
fiscal nature establishing, whether directly or indirectly, discrimination 
between products originating in one Party and like products originating in 
the other Party. 



2. Products exported to the territory of one of the Parties may not 
benefit from repayment of internal taxation in excess of the amount of 
direct or indirect taxation imposed on them.</article>
      <article number="ARTICLE 9" name="Payments" article_identifier="20460">1. Payments relating to trade in goods and the transfer of such payments 
to the territory of the Party where the creditor resides shall be free from 
any restrictions. Payments between the Parties shall be effected in freely 
convertible currencies, unless otherwise agreed by specific companies in 
specific cases. 



2. The Parties shall refrain from any currency exchange restrictions or 
administrative restrictions on the grant, repayment, or acceptance of short 
and medium-term credits covering commercial transactions in which a 
resident participates.</article>
      <article number="ARTICLE 10" name="State Aid, And Rules Of Competition And Public Procurement" article_identifier="20461">1. The Parties shall not maintain or introduce export aid as listed in 
Annex Il. 



2. The Parties shall make best endeavours to ensure fair competition in 
their mutual trade. Rules between the Parties concerning competition 
between enterprises, other State aid than export aid, and public 
procurement shall be elaborated and put into effect not later than 
31 December 1995. 



3. If a Party to this Agreement considers that a given practice is 
incompatible with paragraph 1, it may take appropriate measures under the 
conditions and in accordance with the procedures laid down in Article 19 
(Procedure for the application of safeguard measures).</article>
      <article number="ARTICLE 11" name="Protection Of Intellectual Property" article_identifier="20462">1. The Parties to this Agreement shall co-operate with the aim of 
gradually improving the non-discriminatory protection of intellectual 


property rights, including measures for the grant and enforcement of such 


rights. Rules between the Parties concerning the protection of 


intellectual property rights shall be elaborated and put into effect not 


later than 31 December 1995. These rules shall ensure a level of 


protection similar to that prevailing in the Member States of the European 


Communities and in the Member States of the European Free Trade 


Association. 


2. With respect to paragraph 1 of this Article, intellectual property 
rights shall include, in particular, protection of copyright, comprising 
computer programmes, databases, and neighboring rights; trademarks; 
geographical indications; industrial designs; patents; topographies of 
integrated circuits; as welI as undisclosed information on know-how.</article>
      <article number="ARTICLE 12" name="Promotion Of Trade And Economic Co-Operation" article_identifier="20463">The Parties shall promote trade and economic co-operation between 
them, including fostering a favourable climate for investments, joint 
ventures, and sub-contracting, and facilitating trade promotion activities.</article>
      <article number="ARTICLE 13" name="Evolutionary Clause" article_identifier="20464">The Parties undertake to examine, in the light of any relevant factor, 
the possibility of further developing and deepening the co-operation under 
this Agreement and to extend it to areas not covered therein.</article>
      <article number="ARTICLE 14" name="Dumping" article_identifier="20465">If a Party finds that dumping is taking place in trade relations 
governed by this Agreement, it may take the appropriate measures against 
that practice in accordance with Article VI of the General Agreement on 
Tariffs and Trade and agreements related to that Article, under the 
conditions and in accordance with the procedure laid down in Article 19 
(Procedure for the application of safeguard measures).</article>
      <article number="ARTICLE 15" name="Emergency Action On Imports Of Particular Products" article_identifier="20466">If an increase in imports of a given product originating in Sweden or 
Estonia occurs in quantities or under conditions which cause, or are likely 
to cause: 



(a) 	serious injury to domestic producers of like or directly 
competitive products in the territory of the other Party, or 



(b) 	serious disturbances in any related sector of the economy or 
difficulties which could bring about serious deterioration in the 
economic situation of a region, 

the Party concerned may take appropriate measures under the conditions 
and in accordance with the procedure laid down in Article 19 
(Procedure for the application of safeguard measures).</article>
      <article number="ARTICLE 16" name="Structural Adjustment" article_identifier="20467">1. Exceptional measures of limited duration which derogate from the 
provisions of Article 4 may be taken by Estonia in the form of customs 
duties. 



2. These measures may only concern infant industries, or certain sectors 
undergoing restructuring or facing serious difficulties, particularly where 
these difficulties produce important social problems. 



3. Customs duties on imports applicable in Estonia to products 
originating in Sweden, introduced by these measures, may not exceed 25 per 
cent ad valorem. Such customs duties shall maintain an element of 
preference for products originating in Sweden, and they may not exceed 
customs duties levied on the imports to Estonia of similar goods from any 
other country. The total value of imports of the products which are 
subject to these measures may not exceed 15 per cent of total imports of 
industrial products from Sweden, as defined in Article 2, during the last 
year for which statistics are available. 



4. These measures shall be applied for a period not exceeding five years 
unless a longer duration is authorized by the Joint Committee, and cannot 
be introduced later than five years after entry into force of this 
Agreement. 



5. Estonia shall inform the Joint Committee of any exceptional measures 
it intends to take and, at the request of Sweden, consultations shall be 
held in the Joint Committee on such measures and the sectors to which they 
apply before the measures are introduced. When taking such measures 
Estonia shall provide the Joint Committee with a schedule for the 
elimination of the customs duties introduced under this Article. The 
schedule shall provide for a phasing out of these duties starting at the 
latest two years after their introduction at equal annual rates. The Joint 
Committee may decide on a different schedule.</article>
      <article number="ARTICLE 17" name="Re-Export And Serious Shortage" article_identifier="20468">Where compliance with the provisions of Articles 4 and 5 leads to: 


(a) 	re-export towards a third country against which the exporting 
Party maintains, for the product concerned, quantitative export 


restrictions, export duties, or measures or charges having 


equivalent effect; or 


(b) 	a serious shortage, or threat thereof, of a product essential to 
the exporting Party; 


and where the situations referred to above give rise or are likely to 
give rise to major difficulties for the exporting Party, that Party 
may take the appropriate measures under the conditions and in 
accordance with the procedures laid down in Article 19 (Procedure for 
the application of safeguard measures).</article>
      <article number="ARTICLE 18" name="Balance-Of-Payments Difficulties" article_identifier="20469">1. Notwithstanding the provisions of Articles 4 and 5, a Party may, 
consistently with its other international obligations, introduce 
restrictive measures on trade if it is in serious balance-of-payments 
difficulties or under imminent threat thereof. Such measures shall be of a 
temporary nature. 



2. Measures taken in accordance with paragraph 1 of this Article shall be 
notified to the Joint Committee, if possible prior to their introduction. 
The Joint Committee shall, upon the request of the other Party, examine the 
need for maintaining the measures taken.</article>
      <article number="ARTICLE 19" name="Procedure For The Application Of Safeguard Measures" article_identifier="20470">1. Before initiating the procedure for the application of safeguard 
measures set out in this Article, the Parties shall endeavour to solve any 
differences between them through direct consultations. 



2. Without prejudice to paragraph 5 of this Article, a Party which 
considers resorting to safeguard measures shall promptly notify the Joint 
Committee thereof and supply all relevant information. Consultations shall 
take place without delay in the Joint Committee with a view to finding a 
mutually acceptable solution. 



(a) 	As regards Article 10 (State aid, and rules of competition and 
public procurement), the Party concerned shall give to the Joint 
Committee all the assistance required for the examination of the 
case and shall, where appropriate, eliminate the practice 
objected to. If the Party in question fails to put an end to the 
practice objected to within the period fixed by the Joint 
Committee or if the Joint Committee fails to reach an agreement 
within three months of the matter being referred to it, the Party 
concerned may adopt the appropriate measures to deal with the 
difficulties resulting from the practice in question. 



(b) 	As regards Articles 14 (Dumping), 15 (Emergency action on imports 
of particular products), and 17 (Re-export and serious shortage), 
the Joint Committee shall examine the situation and may take any 
decision needed to put an end to the difficulties notified by the 
Party concerned. In the absence of such decision within thirty 
days of the matter being referred to the Joint Committee, the 
Party concerned may adopt the measures necessary in order to 
remedy the situation. 



(c) 	As regards Article 22 (Fulfilment of obligations), the Party 
concerned may take appropriate measures after the consultations 
have been concluded or a period of three months has elapsed from 
the date of notification. 


3. The safeguard measures taken shall be notified immediately to the 
Joint Committee. They shall be restricted with regard to their extent and 
to their duration to what is strictly necessary in order to rectify the 
situation giving rise to their application and shall not be in excess of 
the injury caused by the practice or the difficulty in question. Priority 
shall be given to such measures as will least disturb the functioning of 
the Agreement. 



4. The safeguard measures taken shall be the object of regular 
consultations within the Joint Committee with a view to their relaxation, 
substitution, or abolition as soon as possible. 



5. Where exceptional circumstances requiring immediate action make prior 
examination impossible, the Party concerned may, in the cases of 
Articles 10 (State aid, and rules of competition and public procurement), 14 
(Dumping), 15 (Emergency action on imports of particular products), and 17 
(Re-export and serious shortage), apply forthwith the precautionary 
measures strictly necessary to remedy the situation. The measures shall be 
notified without delay, and consultations between the Parties shall take 
place as soon as possible within the Joint Committee.</article>
      <article number="ARTICLE 20" name="Security Exceptions" article_identifier="20471">Nothing in this Agreement shall prevent a Party from taking any 
measures which it considers necessary: 



(a) 	to prevent the disclosure of information contrary to its 
essential security interests; 



(b) 	for the protection of its essential security interests or for the 
implementation of international obligations or national policies: 

(i) 	relating to the traffic in arms, ammunition, and 
implements of war, provided that such measures do not 


impair the conditions of competition in respect of 
products not intended for specifically military purposes, 
and to such traffic in other goods, materials, and 
services as is carried on directly or indirectly for the 
purpose of supplying a military establishment; or 


(ii) relating to the non-proliferation of biological and 


chemical weapons, nuclear weapons, or other nuclear 
explosive devices; or 


(iii) 	taken in time of war or other serious international 
tension.</article>
      <article number="ARTICLE 21" name="The Joint Committee" article_identifier="20472">1. The implementation of this Agreement shall be supervised and 
administered by a Joint Committee. 



2. The Joint Committee shall consist of representatives of Sweden on the 
one hand, and of representatives of Estonia, on the other. It shall act by 
mutual agreement and shall meet whenever necessary but at least once a 
year. Each Party may request that a meeting be held. 



3. The Committee may decide to amend the Annexes I and II and the 
Protocol A to this Agreement. 



4. The Joint Committee may decide to set up such sub-committees and 
working parties as it considers necessary to assist it in accomplishing its 
tasks.</article>
      <article number="ARTICLE 22" name="Fulfilment Of Obligations" article_identifier="20473">1. The Parties to this Agreement shall take all necessary measures to 
ensure the achievement of the objectives of the Agreement and the 
fulfilment of their obligations under the Agreement. 



2. If either Party considers that the other Party has failed to fulfil an 
obligation under this Agreement, the Party concerned may take the 
appropriate measures under the conditions and in accordance with the 

procedures laid down in Article 19 (Procedure for the application of 
safeguard measures).</article>
      <article number="ARTICLE 23" name="Annexes And Protocols" article_identifier="20474">The Annexes I and II and the Protocol A to this Agreement are an 
integral part of it. A Memorandum of Understanding is attached to the 
Agreement.</article>
      <article number="ARTICLE 24" name="Entry Into Force" article_identifier="20475">This Agreement shall enter into force on the first day of the month 
following the day on which the Parties have notified each other through 
diplomatic channels that their national legal requirements for the entry 
into force of this Agreement have been fulfilled, and shall remain in force 
indefinitely. 


Article 25 


Denunciation 


Either Party may denounce this Agreement by means of a written 
notification to the other Party. The Agreement shall cease to be in force 
six months after the date on which the notification was received by the 
other Party.</article>
    </chapter>
    <chapter chapter_identifier="2461">
      <article article_identifier="20476">Done at Stockholm on 31 March 1992 in two originals in the English 
language. 


For the Government of the Kingdom For the Government of the 
of Sweden Republic of Estonia 


Carl Bildt Tiit Vähi</article>
    </chapter>
  </body>
</treaty>
