<?xml version="1.0" encoding="UTF-8"?>
<treaty>
  <meta>
    <name>Croatia - Serbia and Montenegro</name>
    <type>Free Trade Agreement</type>
    <wto_rta_id>222</wto_rta_id>
    <treaty_identifier>196</treaty_identifier>
    <status>Inactive</status>
    <notification>GATT Art. XXIV</notification>
    <date_signed>2004-01-14</date_signed>
    <date_into_force>2004-07-01</date_into_force>
    <date_notification>2005-09-22</date_notification>
    <end_implementation/>
    <date_inactive>2007-05-01</date_inactive>
    <parties_original>
      <partyisocode n="1">HRV</partyisocode>
      <partyisocode n="2">MNE</partyisocode>
      <partyisocode n="3">SRB</partyisocode>
    </parties_original>
    <parties>
      <partyisocode n="1"/>
    </parties>
    <composition>Plurilateral</composition>
    <region>Europe</region>
    <parties_wto>No</parties_wto>
    <crossregional>No</crossregional>
    <language>en</language>
    <source lang="en" type="full text">http://docsonline.wto.org/imrd/gen_redirectsearchdirect.asp?RN=0&amp;searchtype=browse&amp;query=@meta_Symbol"WT/REG205/1"&amp;language=1&amp;ct=DDFEnglish</source>
    <source lang="es" type="full text">http://docsonline.wto.org/imrd/gen_redirectsearchdirect.asp?RN=0&amp;searchtype=browse&amp;query=@meta_Symbol"WT/REG205/1"&amp;language=3&amp;ct=DDFSpanish</source>
    <source lang="fr" type="full text">http://docsonline.wto.org/imrd/gen_redirectsearchdirect.asp?RN=0&amp;searchtype=browse&amp;query=@meta_Symbol"WT/REG205/1"&amp;language=2&amp;ct=DDFFrench</source>
  </meta>
  <body>
    <chapter chapter_identifier="2057">
      <article article_identifier="17287">AGREEMENT BETWEEN THE REPUBLIC OF CROATIA AND SERBIA AND MONTENEGRO 
ON AMENDMENTS TO THE FREE TRADE AGREEMENT BETWEEN THE REPUBLIC OF 
CROATIA AND THE FEDERAL REPUBLIC OF YUGOSLAVIA


 The Republic of Croatia and Serbia and Montenegro (hereinafter referred to as “the Contracting Parties”) by this Agreement on Amendments to the Free Trade Agreement between the Republic of Croatia and the Federal Republic of Yugoslavia, signed in Belgrade on December 23rd, 2002 (hereinafter referred to as the “Agreement on Amendments”).</article>
    </chapter>
    <chapter chapter_identifier="2058">
      <article number="ARTICLE 1" article_identifier="17288">The name of the Contracting Party “Federal Republic of Yugoslavia” shall be amended throughout the Free Trade Agreement of December 23rd 2002 (hereinafter referred to as “the Agreement”), as well as its Annexes, Protocols and Appendices being, in accordance with Article 36, their integral part, shall be amended and reads: “Serbia and Montenegro”.</article>
      <article number="ARTICLE 2" article_identifier="17289">Article 2, paragraph 1 of the Agreement shall be amended and reads: 

“For each product the basic duty to which the successive reductions set out in this Agreement are to be applied shall be the Most Favoured Nation duty in force on August 15th 2003 or on the day of signing of this Agreement on Amendments, whichever being lower”.</article>
      <article number="ARTICLE 3" article_identifier="17290">Article 6, paragraph 2 of the Agreement shall be amended and reads: 

“All quantitative restrictions on imports and measures having equivalent effect shall be abolished on the date of the entry into force of this Agreement, with the exception of the products listed in Appendix I and Appendix II of this Agreement”.</article>
      <article number="ARTICLE 4" article_identifier="17291">Article 7, paragraph 2 of the Agreement shall be amended and reads: 

“All quantitative restrictions on exports and measures having equivalent effect shall be abolished on the date of the entry into force of this Agreement, with the exception of the products listed in Appendix III of this Agreement”.</article>
      <article number="ARTICLE 5" article_identifier="17292">Article 9, paragraph 2 of the Agreement shall be amended and reads: 

“As of the entering into force of this Agreement the duties to be applied to import of products originating in the Contracting Parties, listed in Annex I and Annex II of the Protocol 1 shall be successively reduced in accordance with the following schedule: 


-	as of the entry into force of this Agreement all duties shall be reduced to 60% of the  basic duty, 


-	as of January 1st 2005 all duties shall be reduced to 40% of the basic duty, 


-	as of January 1st 2006 all duties shall be reduced to 20% of the basic duty, 


-	as of January 1st 2007 the remaining duties shall be abolished.”</article>
      <article number="ARTICLE 6" article_identifier="17293">Annex I of the Agreement (from Article 6 paragraph 2) shall be amended and the provisions of the amended Annex I shall be an integral part of the Agreement.</article>
      <article number="ARTICLE 7" article_identifier="17294">After the Annex I of the Agreement, in accordance with Article 3 of the Agreement on Amendments the Annex II of the Agreement shall be added, being an integral part of it.</article>
      <article number="ARTICLE 8" article_identifier="17295">Annex II from Article 7, paragraph 2 of the Agreement, becomes, in accordance to Article 4 of the Agreement on Amendments, Annex III of Agreement, being its integral part.</article>
      <article number="ARTICLE 9" article_identifier="17296">Protocol 1 of Article 9, paragraph 2 of the Agreement shall be amended and the provisions of the amended Protocol 1 shall be an integral part of the Agreement.</article>
      <article number="ARTICLE 10" article_identifier="17297">Protocol 2 from paragraph 1, Article 11 to the Agreement shall be amended and the provisions of the amended Protocol shall be an integral part of the Agreement.</article>
      <article number="ARTICLE 11" article_identifier="17298">As an integral part of the Agreement on Amendments shall be understood: 


-	Appendix I (from Article 6 paragraph 2) to the Agreement – Quantitative restrictions on imports in Serbia and Montenegro, 


-	Appendix II (from Article 6, paragraph 2) to the Agreement – Quantitative restrictions on imports in the Republic of Croatia, 


-	Appendix III (from Article 7, paragraph 2) to the Agreement – Quantitative restrictions on exports from the Republic of Croatia, 

-	Protocol 1 Annex I (from Article 9) to the Agreement – List of sensitive industrial products originating in Serbia and Montenegro, 


-	Protocol 1 Annex II (from Article 9) to the Agreement – List of sensitive industrial products originating in the Republic of Croatia, 


-	Protocol 2 (from Article 11) to the Agreement – Exchange of agricultural concessions between the Republic of Croatia and Serbia and Montenegro, 

-	Annex A to the Protocol 2, 


-	Annex B to the Protocol 2, 


-	Annex C to the Protocol 2.</article>
      <article number="ARTICLE 12" article_identifier="17299">The Agreement on Amendments shall enter into force on the first day of the second month following the date of the receipt of the last written notification by which the Contracting Parties inform each other through diplomatic channels that the internal legal requirements for entry into force of this Agreement have been fulfilled.</article>
    </chapter>
    <chapter chapter_identifier="2059">
      <article article_identifier="17300">Done at .......................................... on ....................................... in two originals each in Croatian, Serbian and English languages, all three texts being equally authentic. In case of divergence in interpretation the English text shall prevail. 

FOR THE REPUBLIC OF CROATIA FOR SERBIA AND MONTENEGRO</article>
    </chapter>
  </body>
</treaty>
