<?xml version="1.0" encoding="UTF-8"?>
<treaty>
  <meta>
    <name>Czech Republic - Romania Free Trade Agreement</name>
    <type>Free Trade Agreement</type>
    <wto_rta_id>228</wto_rta_id>
    <treaty_identifier>202</treaty_identifier>
    <status>Inactive</status>
    <notification>GATT Art. XXIV</notification>
    <date_signed>1994-10-24</date_signed>
    <date_into_force>1995-01-01</date_into_force>
    <date_notification>1996-06-07</date_notification>
    <end_implementation/>
    <date_inactive>1997-04-12</date_inactive>
    <parties_original>
      <partyisocode n="1">CZE</partyisocode>
      <partyisocode n="2">ROU</partyisocode>
    </parties_original>
    <parties>
      <partyisocode n="1"/>
    </parties>
    <composition>Bilateral</composition>
    <region>Europe</region>
    <parties_wto>Yes</parties_wto>
    <crossregional>No</crossregional>
    <language>en</language>
    <source lang="en" type="full text">http://docsonline.wto.org/imrd/gen_redirectsearchdirect.asp?RN=0&amp;searchtype=browse&amp;query=@meta_Symbol"WT/REG26/1"&amp;language=1&amp;ct=DDFEnglish</source>
    <source lang="es" type="full text">http://docsonline.wto.org/imrd/gen_redirectsearchdirect.asp?RN=0&amp;searchtype=browse&amp;query=@meta_Symbol"WT/REG26/1"&amp;language=3&amp;ct=DDFSpanish</source>
    <source lang="fr" type="full text">http://docsonline.wto.org/imrd/gen_redirectsearchdirect.asp?RN=0&amp;searchtype=browse&amp;query=@meta_Symbol"WT/REG26/1"&amp;language=2&amp;ct=DDFFrench</source>
  </meta>
  <body>
    <chapter name="Preamble" chapter_identifier="2083">
      <article number="ARTICLE 1" name="Objectives" article_identifier="17511">1. The Parties shall gradually establish a free trade area in a transitional period ending 1 January 1998 at the latest in accordance with the provisions of the present Agreement and in conformity with Article XXIV of the General Agreement on Tariffs on Trade. 


2. 	The objectives of the present Agreement are: 


(a) 	to promote through the expansion of trade the harmonious development of the economic relations between the Parties and thus to foster in the Parties the advance of economic activity, the improvement of living and employment conditions, and increased productivity and financial stability, 


(b) 	to provide fair conditions of competition for trade between the Parties, 


(c) 	to contribute in this way, by removal of barriers to trade, to the harmonious development and expansion of world trade.</article>
    </chapter>
    <chapter number="CHAPTER I" name="Industrial Products" chapter_identifier="2084">
      <article number="ARTICLE 2" name="Scope" article_identifier="17512">The provisions of this Chapter shall apply to industrial products originating in the Parties. The term "industrial products" means for the purpose of this Agreement the products falling within Chapters 25 to 97 of the Harmonized Commodity Description and Coding System, with the exception of the products listed in Annex Ia and including the products listed in Annex Ib.</article>
      <article number="ARTICLE 3" name="Customs Duties On Imports" article_identifier="17513">1. 	No new customs duty on imports shall be introduced in trade between the Parties. 


2. Customs duties on imports shall be abolished in accordance with the provisions of Protocol 1 of this Agreement.</article>
      <article number="ARTICLE 4" name="Basic Duties" article_identifier="17514">1. For each product the basic duty to which the successive reductions set out in this Agreement are to be applied shall be the Most Favoured Nation rate of duty in force on 1 January 1993. 


2. If, after entry into force of this Agreement, any tariff reduction is applied on an erga omnes basis, such reduced duties shall replace the basic duties referred to in paragraph 1 as from that date when such reductions are applied. 


3. The reduced duties calculated in accordance with paragraph 2 shall be applied rounded to the first decimal place. 


4. The Parties shall communicate to each other their respective national basic rates of duties in accordance with the provisions of paragraph 2.</article>
      <article number="ARTICLE 5" name="Charges Equivalent To Duties" article_identifier="17515">1. No new charge having an effect equivalent to a customs duty on imports shall be introduced in trade between the Parties. 


2. All charges having an effect equivalent to customs duties on imports shall be abolished on the date of entry into force of this Agreement, except as provided for in Annex II.</article>
      <article number="ARTICLE 6" name="Fiscal Duties" article_identifier="17516">The provisions of Article 3 shall also apply to customs duties of a fiscal nature.</article>
      <article number="ARTICLE 7" name="Customs Duties On Exports And Charges Having Equivalent Effect" article_identifier="17517">1. No new customs duty on exports or charge having equivalent effect shall be introduced in trade between the Parties. 


2. The Parties shall abolish between them on the date of entry into force of this Agreement all 
customs duties on exports and charges having equivalent effect, except as provided for in Annex III.</article>
      <article number="ARTICLE 8" name="Quantitative Restrictions On Imports And Measures Having Equivalent Effect" article_identifier="17518">1. No new quantitative restrictions on imports or measures having equivalent effect shall be introduced in trade between the Parties. 


2. All quantitative restrictions and measures having equivalent effect on imports of products originating in the Parties shall be abolished on the date of entry into force of this Agreement, except as provided for in Annex IV.</article>
      <article number="ARTICLE 9" name="Quantitative Restrictions On Exports And Measuring Having Equivalent Effect" article_identifier="17519">1. No new quantitative restrictions on exports or measures having equivalent effect shall be introduced in trade between the Parties. 


2. All quantitative restrictions on exports from the Parties and measures having equivalent effect shall be abolished in accordance with the provisions of Annex Va and Annex Vb.</article>
      <article number="ARTICLE 10" name="Information Procedure On Draft Technical Regulations" article_identifier="17520">1. The Parties shall notify each other at the earliest practicable stage and in accordance with the provisions as set out in Annex VI on draft technical regulations and draft amendments thereto, which they intend to issue. 


2. 	The Joint Committee shall decide on the date for implementing the provisions in paragraph 1.</article>
    </chapter>
    <chapter number="CHAPTER II" name="Agricultural Products" chapter_identifier="2085">
      <article number="ARTICLE 11" name="Scope" article_identifier="17521">The provisions of this Chapter shall apply to agricultural products originating in the Parties. The term "agricultural products" means for the purpose of this Agreement the products falling within Chapters 1 to 24 of the Harmonized Commodity Description and Coding System, with the exception of the products listed in Annex Ib and including the products listed in Annex Ia.</article>
      <article number="ARTICLE 12" name="Exchange Of Concessions" article_identifier="17522">1. The Parties grant each other the concessions, specified in the Protocol 2 in accordance with the provisions of this Chapter. 


2. 	Taking account of: -the role of agriculture in their economies, 
-the development of trade in agricultural products between Parties, 


-the particular sensitivity of the agricultural products, 

-the rules of their agricultural policies, 

-the consequences of the Uruguay Round of Multilateral Trade Negotiations under the General Agreement on Tariffs and Trade, 

the Parties shall examine the possibilities of granting each other further concessions.</article>
      <article number="ARTICLE 13" name="Concessions And Agricultural Policies" article_identifier="17523">1. Without prejudice to the concessions granted under Article 12, the provisions of this Chapter shall not restrict in any way the pursuance of the respective agricultural policies of the Parties or the taking of any measures under such policies, including the implementation of the results of the Uruguay Round of Multilateral Trade Negotiations. 


2. The Parties shall notify each other changes in their respective agricultural policies pursued or measures applied which may affect the conditions of agricultural trade between them as provided for in this Agreement. Prompt consultations shall be held, upon request of any Party, to examine the situation.</article>
      <article number="ARTICLE 14" name="Specific Safeguards" article_identifier="17524">Notwithstanding other provisions of this Agreement and, in particular, Article 27, if, given the particular sensitivity of the agricultural markets, imports of products originating in a Party, which are the subject to concessions granted under this Agreement, cause serious disturbance to the markets of the other Party, the Party concerned shall enter into consultations immediately to find the appropriate solution. Pending such solution, the Party concerned may take the measure it deems necessary.</article>
      <article number="ARTICLE 15" name="Veterinary, Health And Phytosanitary Measures" article_identifier="17525">1. Measures concerning phytosanitary control of plants and phytopharmaceutical preparations will be harmonized with European Union legislation and between the Parties. 


2. The veterino-sanitary measures and the work of the veterinary services will be in accordance with the Office International des Epizoodies Codex and other international conventions in this field. 


3. ThePartiescommitthemselvesnottointroducediscriminatoryorotherunusualmeasureswhich would limit the flow of information, animals, plants or products.</article>
    </chapter>
    <chapter number="CHAPTER III" name="General Provisions" chapter_identifier="2086">
      <article number="ARTICLE 16" name="Rules Of Origin And Co-Operation In Customs Administration" article_identifier="17526">1. Protocol 3 lays down the rules of origin and related methods of administrative co-operation. 


2. The Parties shall take appropriate measures, including regular reviews by the Joint Committee and arrangements for administrative co-operation, to ensure that the provisions of Protocol 3 and Articles 3 to 9, 12, 17 and 28 of this Agreement are effectively and harmoniously applied, and to reduce, as far as possible, the formalities imposed on trade, and to achieve mutually satisfactory solutions to any difficulties arising from the operation of those provisions. 


3. The mutual assistance between administrative authorities in customs matters of the Parties shall take place in accordance with the provisions of Protocol 4.</article>
      <article number="ARTICLE 17" name="Internal Taxation" article_identifier="17527">1. The Parties shall refrain from any measure or practice of an internal fiscal nature establishing, whether directly or indirectly, discrimination between the products originating in the Parties. 


2. Products exported to the territory of one of the Parties may not benefit from repayment of internal taxation in excess of the amount of direct or indirect taxation imposed on them.</article>
      <article number="ARTICLE 18" name="General Exceptions" article_identifier="17528">This Agreement shall not preclude prohibitions or restrictions on imports, exports or goods in transit justified on grounds of public morality, public policy or public security; the protection of human, animal or plant life or health; the protection of national treasures possessing artistic, historic or archaeological value; protection of intellectual property or rules relating to gold or silver or the conservation of exhaustible natural resources if such measures are made effective in conjunction with restrictions on domestic production or consumption. Such prohibitions or restrictions shall not, however, constitute a means of arbitrary discrimination or a disguised restriction on trade between the Parties.</article>
      <article number="ARTICLE 19" name="Security Exceptions" article_identifier="17529">Nothing in this Agreement shall prevent a Party from taking any appropriate measure which it considers necessary: 


(a) to prevent the disclosure of information contrary to its essential security interests; 


(b) 	for the protection of its essential security interests or for the implementation of international obligations or national policies; 


(i) 	relating to the traffic in arms, ammunition and implements of war, provided that such measures do not impair the conditions of competition in respect of products not intended for specifically military purposes, and to such traffic in other goods, materials and services as is carried on directly or indirectly for the purpose of supplying a military establishment; or 


(ii) 	relating to the non-proliferation of biological and chemical weapons, nuclear weapons or other nuclear explosive devices; or 
(iii) 	taken in time of war or other serious international tension.</article>
      <article number="ARTICLE 20" name="State Monopolies" article_identifier="17530">1. The Parties shall adjust progressively any State monopoly of commercial character so as to ensure that by the end of the fifth year after entry into force of this Agreement, no discrimination regarding the conditions under which goods are procured and marketed exists between nationals of the Parties. 


2. The provisions of this Article shall apply to any body through which the competent authorities of the Parties, in law or in fact, either directly or indirectly supervise, determine or appreciably influence imports or exports between the Parties. The provisions shall likewise apply to monopolies delegated by a Party to other bodies.</article>
      <article number="ARTICLE 21" name="Payments" article_identifier="17531">1, Payments in freely convertible currencies relating to trade in goods between the Parties and the transfer of such payments to the territory of the Party to this Agreement, where the creditor resides, shall be free from any restrictions. 


2. The Parties shall refrain from any exchange or administrative restrictions on the grant, repayment or acceptance of short and medium term credits related to trade in goods in which a resident participates. 


3. Notwithstanding the provisions of paragraph 2, until Article VIII of the Articles of the Agreement of the International Monetary Fund become applicable for the Parties, the Parties reserve the right to apply exchange restrictions on the grant or acceptance of short and medium term credits related to trade in goods to the extent permitted according to their status under the International Monetary Fund, provided that these restrictions are applied in a non-discriminatory manner with regard to the origin of the products and that they are not applied only to specific products or kind of products. The restrictions shall be of limited duration and shall be eliminated when conditions no longer justify their maintenance. A Party shall inform the other Party promptly of the introduction of such measures and of any changes therein.</article>
      <article number="ARTICLE 22" name="Rules Of Competition Concerning Undertakings" article_identifier="17532">1. The following are incompatible with the proper functioning of this Agreement in so far as they may affect trade between the Parties: 


(a) 	all agreements between undertakings, decisions by associations of undertakings and concerted practices between undertakings which have as their object or effect the prevention, restriction or distortion of competition; 


(b) 	abuse by one or more undertakings of a dominant position in the territories of the Parties as a whole or in substantial part thereof. 

2. The provisions of paragraph 1 shall apply to the activities of all undertakings including public undertakings and undertakings to which the Parties grant special or exclusive rights. Undertakings entrusted with the operation of services of general economic interest or having the character of a revenue-producing monopoly, shall be subject to provisions of paragraph 1 in so far as the application of these provisions does not obstruct the performance, in law or fact, of the particular public tasks assigned to them. 


3. With regard to products referred to in Chapter II the provisions stipulated in paragraph 1(a) shall not apply to such agreements, decisions and practices which form an integral part of a national market organization. 


4. If a Party considers that a given practice is incompatible with paragraphs 1, 2 and 3 and if such practice causes or threatens to cause serious prejudice to the interest of that Party or material injury to its domestic industry, it may take appropriate measures under the conditions and in accordance with the procedure set out in Article 31.</article>
      <article number="ARTICLE 23" name="State Aid" article_identifier="17533">1. Any aid granted by a State being a Party to this Agreement or through State resources in any form whatever which distorts or threatens to distort competition by favouring certain undertakings or the production of certain goods shall, in so far as it may affect trade between the Parties, be incompatible with the proper functioning of this Agreement. 


2. 	The provisions of paragraph 1 shall not apply to products referred to in Chapter II. 


3. The Joint Committee shall, within three years from entry into force of this Agreement, adopt the criteria on the basis of which the practices contrary to paragraph 1 shall be assessed, as well as the rules for their implementation. 


4. The Parties shall ensure transparency in the area of State aid, inter alia, by reporting annually to each other on the total amount and the distribution of the aid given and by providing to the other Party, upon request, information on aid schemes and on particular individual cases of State aid. 


5. 	If a Party considers that a particular practice, including that in agriculture: 
-is incompatible with the terms of paragraph 1, and is not adequately dealt with under the implementing rules referred to in paragraph 3, or 

-in the absence of such rules, and if such practice causes or threatens to cause serious prejudice to the interest of that Party or material injury to its domestic industry, 

it may take appropriate measures under the conditions of and in accordance with the provisions of Article 31. Such appropriate measures may only be taken in conformity with the procedures and under the conditions of the General Agreement on Tariffs and Trade and any other relevant instrument negotiated under its auspices which are applicable between the Parties.</article>
      <article number="ARTICLE 24" name="Public Procurement" article_identifier="17534">1. The Parties consider the liberalization of their respective public procurement markets as an objective of this Agreement. 


2. The Parties shall progressively develop their respective regulations for public procurement with a view to grant suppliers of the other Party by the end of 1998, at the latest, access to contract award procedures on their respective public procurement markets according to the provisions of the Agreement on Government Procurement of 12 April 1979 related to the General Agreement on Tariffs and Trade, as amended by a Protocol of Amendments of 2 February 1987. 


3. The Joint Committee shall examine developments related to the achievement of the objectives of this Article and may recommend practical modalities of implementing the provisions of paragraph 2 so as to ensure free access, transparency and full balance of rights and obligations. 


4. During the examination referred to in paragraph 3, the Joint Committee may consider, especially in the light of developments in this area in international relations, the possibility of extending the coverage and/or the degree of the market opening provided for in paragraph 2. 


5. The Parties shall endeavour to accede to the relevant Agreements negotiated under the auspices of the General Agreement on Tariffs and Trade.</article>
      <article number="ARTICLE 25" name="Protection Of Intellectual Property" article_identifier="17535">1. The Parties shall grant and ensure the protection of intellectual property rights on a non-discriminatory basis, including measures for granting and enforcing such rights. The protection shall be gradually improved, before the end of the fifth year after entry into force of this Agreement, on a level corresponding to the substantive standards of the multilateral agreements which are specified in Annex VII. 


2. For the purposes of this Agreement "intellectual property protection" includes, in particular, protection of copyright, comprising computer programs and databases, and neighbouring rights, trade marks, geographical indications, industrial designs, patents, topographies of integrated circuits, as well as undisclosed information on know-how. 


3. The Parties shall co-operate in matters of intellectual property. They shall hold, upon request of any Party, expert consultations on these matters, in particular, on activities relating to the existing or to future international conventions on harmonization, administration and enforcement of intellectual property and on activities in international organizations, such as the General Agreement on Tariffs and Trade, World Intellectual Property Organization, as well as relations of Parties with third countries on matters concerning intellectual property.</article>
      <article number="ARTICLE 26" name="Dumping" article_identifier="17536">If a Party finds that dumping within the meaning of Article VI of the General Agreement on Tariffs and Trade is taking place in trade relations governed by this Agreement, it may take appropriate measures against that practice in accordance with Article VI of the General Agreement on Tariffs and Trade and agreements related to that Article, under the conditions and in accordance with the procedure laid down in Article 31.</article>
      <article number="ARTICLE 27" name="General Safeguards" article_identifier="17537">Where any product is being imported in such increased quantities and under such conditions as to cause or threaten to cause: 


(a) 	serious injury to domestic producers of like or directly competitive products in the territory of the importing Party, or 


(b) 	serious disturbances in any related sector of the economy or difficulties which could bring about serious deterioration in the economic situation of a region, 
the Party concerned may take appropriate measures under the conditions and in accordance with the procedure laid down in Article 31.</article>
      <article number="ARTICLE 28" name="Structural Adjustment" article_identifier="17538">1. Exceptional measures of limited duration which derogate from the provisions of Article 3 may be taken by any of the Parties in the form of increased customs duties. 


2. These measures may only concern infant industries, or certain sectors undergoing restructuring or facing serious difficulties, particularly where these difficulties produce important social problems. 


3. Customs duties on imports applicable in the Party concerned to products originating in the other Party introduced by these measures may not exceed 25% ad valorem and shall maintain an element of preference for products originating in the Parties. The total value of imports of the products which are subject to these measures may not exceed 15% of total imports of industrial products from the other Party as defined in Chapter I during the last year for which statistics are available. 


4. These measures shall be applied for a period not exceeding five years unless a longer duration is authorized by the Joint Committee. 


5. No such measures can be introduced in respect of a product if more than five years elapsed since the elimination of all duties and quantitative restrictions or charges or measures having an equivalent effect concerning that product. 


6. The Party concerned shall inform the other Party of any exceptional measures it intends to take and, upon request of the other Party, consultations shall be held within the Joint Committee on such measures and the sectors to which they apply prior to their introduction. When taking such measures the Party concerned shall provide the Joint Committee with a calendar for the elimination of the customs duties introduced under this Article. This calendar shall provide for a phasing out of these duties starting at the latest two years after their introduction, at equal annual rates. The Joint Committee may decide on a different calendar.</article>
      <article number="ARTICLE 29" name="Re-Export And Serious Shortage" article_identifier="17539">Where compliance with the provisions of Articles 7 and 9 leads to: 


(a) 	re-export towards a third country against which the exporting Party maintains for the product concernedquantitative export restrictions, export duties ormeasures or charges having equivalent effect; or 


(b) 	a serious shortage, or threat thereof, of a product essential to the exporting Party; 
and where the situations referred to above give rise or are likely to give rise to major difficulties for the exporting Party, that Party may take appropriate measures under the conditions and in accordance with the procedures laid down in Article 31.</article>
      <article number="ARTICLE 30" name="Fulfilment Of Obligations" article_identifier="17540">1. The Parties shall take any general or specific measures required to fulfil their obligations under this Agreement. They shall see to it that the objectives set out in this Agreement are attained. 


2. If a Party considers that the other Party has failed to fulfil an obligation under this Agreement, the Party concerned may take appropriate measures under the conditions and in accordance with the procedure laid down in Article 31.</article>
      <article number="ARTICLE 31" name="Procedure For The Application Of Safeguard Measures" article_identifier="17541">1. Before initiating the procedure for the application of safeguard measures set out in the following paragraphs of this Article, the Parties shall endeavour to solve any differences between them through direct consultations. 


2. In the event of a Party subjecting imports of products liable to give rise to the situation referred to in Article 27 to an administrative procedure having as its purpose the rapid provision of information on the trend of trade flows, it shall inform the other Party. 


3. Without prejudice to paragraph 7, a Party which considers resorting to safeguard measures shall promptly notify the other Party thereof and supply all relevant information. Consultations between the Parties shall take place without delay in the Joint Committee with a view to finding a solution. 


4. 	(a) With regard to Articles 26, 27 and 29, the Joint Committee shall examine the case or the situation and may take any decision needed to put an end to the difficulties notified by the Party concerned. In the case of the absence of such decision within 30 days of the matter being referred to the Joint Committee, the Party concerned may adopt the measures necessary in order to remedy the situation. 


(b) 	With regard to Article 30, the Party concerned may take appropriate measures after consultations have been concluded or a period of three months has elapsed from the date of first notification to the other Party. 


(c) 	With regard to Articles 22 and 23, the Party concerned shall give the Joint Committee allthe assistancerequired inorder to examinethe case and,where appropriate, eliminate the practice objected to. If the Party in question fails to put an end to the practice objected to within the period fixed by the Joint Committee or if the Joint Committee fails to reach an agreement within 30 working days of the matter being referred to it, the Party concerned may adopt the appropriate measures to deal with the difficulties resulting from the practice in question. 

5. The safeguard measures taken shall be immediately notified to the other Party. They shall be restricted with regard to their extent and to their duration to what is strictly necessary in order to rectify the situation giving rise to their application and shall not be in excess of the injury caused by the practice or the difficulty in question. Priority shall be given to such measures which will least disturb the functioning of this Agreement. 


6. The safeguard measures taken shall be the subject of periodic consultations within the Joint Committee with a view to their relaxation as soon as possible, or abolition when conditions no longer justify their maintenance. 


7. Where exceptional circumstances requiring immediate action make prior examination impossible, thePartyconcernedmay,inthecasesofArticles 26,27and29,applyforthwiththeprovisionalmeasures strictlynecessarytoremedythesituation. Themeasuresshallbenotifiedwithoutdelayandconsultations between the Parties shall take place as soon as possible within the Joint Committee.</article>
      <article number="ARTICLE 32" name="Balance Of Payments Difficulties" article_identifier="17542">1. The Parties shall endeavour to avoid the imposition of restrictive measures including measures relating to imports for balance of payments purposes. 


2. Where one of the Parties is in serious balance of payments difficulties, or under imminent threat thereof, the Party concerned may, in accordance with the relevant provisions of the General Agreement on Tariffs and Trade, adopt restrictive measures, including measures related to imports, which shall be of limited duration and may not go beyond what is necessary to remedy the balance of payments situation. The measures shall be progressively relaxed as balance of payments conditions improve and they shall be eliminated when conditions no longer justify their maintenance. the Party concerned shall inform the other Party forthwith of their introduction and, whenever practicable, of a calendar for their removal.</article>
      <article number="ARTICLE 33" article_identifier="17543">1. Where a Party considers that it would be useful in the interests of the economies of the Parties to develop and deepen the relations established by this Agreement by extending them to fields not covered thereby, it shall submit a reasoned request to the other Party. The Parties may instruct the Joint Committee to examine such a request and, where appropriate, to make recommendations, particularly with a view to opening negotiations. 


2. Agreementsresultingfromtheprocedurereferredtoinparagraph 1willbesubjecttoratification or approval by the Parties in accordance with their national legislation.</article>
      <article number="ARTICLE 34" name="The Joint Committee" article_identifier="17544">1. The Parties agree to set up the Joint Committee composed of representatives of the Parties. 


2. The implementation of this Agreement shall be supervised and administered by the Joint Committee. 


3. For the purpose of the proper implementation of this Agreement, the Parties shall exchange information and, upon request of any Party, shall hold consultations within the Joint Committee. The Joint Committee shall keep under review the possibility of further removal of the obstacles to trade between the Parties. 


4. The Joint Committee may take decisions in the cases provided for in this Agreement. On other matters the Joint Committee may make recommendations.</article>
      <article number="ARTICLE 35" name="Procedures Of The Joint Committee" article_identifier="17545">1. For the proper implementation of this Agreement the Joint Committee shall meet whenever necessary but at least once a year. Each Party may request that a meeting be held. 


2. The Joint Committee shall act by common agreement. 


3. If a representative in the Joint Committee of a Party has, under the reservation, accepted a decision subject to the fulfilment of constitutional requirements, the decision shall enter into force, if no later date is contained therein, on the day the lifting of the reservation is notified. 


4. For the purpose of this Agreement the Joint Committee shall adopt its rules of procedure which shall, inter alia, contain provisions for convening meetings and for the designation of the Chairman and his term of office. 


5. The Joint Committee may decide to set up such subcommittees and working groups as it considers necessary to assist it in accomplishing its tasks.</article>
      <article number="ARTICLE 36" name="Trade Relations Governed By This And Other Agreements" article_identifier="17546">1. This Agreement shall apply to trade relations between the Czech Republic and Romania. 


2. This Agreement shall not prevent the maintenance or establishment of customs unions, free trade areas or arrangements for frontier trade to the extent that these do not negatively affect the trade regime and, in particular, the provisions concerning rules of origin provided for by this Agreement.</article>
      <article number="ARTICLE 37" name="Annexes And Protocols" article_identifier="17547">1. The Annexes Ia to VII and the Protocols 1 to 4 to this Agreement are hereby made an integral part of this Agreement. 


2. The Joint Committee may decide to modify or amend the Annexes and Protocols. In this case the modifications or amendments shall enter into force on the date of a receipt of the latter diplomatic note confirming their approval by the Government of a respective Party.</article>
      <article number="ARTICLE 38" name="Amendments" article_identifier="17548">Amendments to this Agreement other than those referred to in paragraph 2 of Article 37 shall enter into force on the date of a receipt of a last diplomatic note confirming that all procedures required by the national legislations of each Party for entry into force of the amendments have been completed.</article>
      <article number="ARTICLE 39" name="Entry Into Force" article_identifier="17549">1. This Agreement is subject to the ratification and shall enter into force on the date of exchange of the instruments of ratification. 


2. The exchange of the instruments of ratification shall take place in Bucharest.</article>
      <article number="ARTICLE 40" name="Validity And Termination" article_identifier="17550">Each Party may terminate this Agreement by a written notification to the other Party. The termination shall take effect on the first day of the seventh month following the date on which the notification was received by the other Party.</article>
    </chapter>
    <chapter name="Conclusion" chapter_identifier="2087">
      <article article_identifier="17551">IN WITNESS WHEREOF the undersigned plenipotentiaries, being duly authorized thereto, have signed the present Agreement. 

Done at Prague this 24th day of October one thousand nine hundred and ninety-four, in two originals, each in the Czech, Romanian and English languages, all texts being equally authentic. In case of differences in interpretation, the English text shall prevail. 

For the Czech Republic For Romania 

RECORD OF UNDERSTANDINGS 


1. With regard to paragraph 2 of Article 4, the Parties agree that where a reduction of duties is effected by way of a suspension of duties made for a particular period of time, such reduced duties shall replace the basic duties only for the period of such suspension; and that whenever a partial suspension of duties is made, the preferential margin between the Parties will be preserved. 


2. When elaborating the criteria and rules indicated in paragraph 3 of Article 23, the Parties: 
-shall aim at ensuring their greatest possible conformity with the relevant criteria and rules used under the Agreements between each of the Parties of this Agreement and the European Union; 

-shall define the conditions and/or situations when temporary derogations from the provisions of paragraph 1 of Article 23 may be applicable; 

-shall review the conditions under which actions against State aid practices may be taken. 


3. Concerning paragraph 4 of Article 23 the Joint Committee shall within one year following the entry force of this Agreement discuss and adopt the necessary rules for the implementation of transparency measures. 


4. With regard to paragraph 2 of Article 24, should the situation in the Czech Republic enable it the full liberalization of the public procurement market would be introduced in the relation between the Czech Republic and Romania before the end of 1998. 


5. With regard to paragraph 2 of Article 37, the Government shall act in accordance with the legal procedures required by the national law in force. 


6. With regard to Article 9, the Parties took into account that quantitative restrictions on exports and measures having equivalent effect are applied by the Parties. The Parties shall inform each other on actual amount of these restrictions through their respective bodies not later than 31 March of each year.</article>
    </chapter>
  </body>
</treaty>
