<?xml version="1.0" encoding="UTF-8"?>
<treaty>
  <meta>
    <name>Slovenia - Croatia</name>
    <type>Free Trade Agreement</type>
    <wto_rta_id>354</wto_rta_id>
    <treaty_identifier>304</treaty_identifier>
    <status>Inactive</status>
    <notification>GATT Art. XXIV</notification>
    <date_signed>1997-12-12</date_signed>
    <date_into_force>1998-01-01</date_into_force>
    <date_notification>1998-03-30</date_notification>
    <end_implementation/>
    <date_inactive>2004-05-01</date_inactive>
    <parties_original>
      <partyisocode n="1">HRV</partyisocode>
      <partyisocode n="2">SVN</partyisocode>
    </parties_original>
    <parties>
      <partyisocode n="1"/>
    </parties>
    <composition>Bilateral</composition>
    <region>Europe</region>
    <parties_wto>Yes</parties_wto>
    <crossregional>No</crossregional>
    <language>en</language>
    <source lang="en" type="full text">http://docsonline.wto.org/imrd/gen_redirectsearchdirect.asp?RN=0&amp;searchtype=browse&amp;query=@meta_Symbol"WT/REG55/1"&amp;language=1&amp;ct=DDFEnglish</source>
    <source lang="es" type="full text">http://docsonline.wto.org/imrd/gen_redirectsearchdirect.asp?RN=0&amp;searchtype=browse&amp;query=@meta_Symbol"WT/REG55/1"&amp;language=3&amp;ct=DDFSpanish</source>
    <source lang="fr" type="full text">http://docsonline.wto.org/imrd/gen_redirectsearchdirect.asp?RN=0&amp;searchtype=browse&amp;query=@meta_Symbol"WT/REG55/1"&amp;language=2&amp;ct=DDFFrench</source>
  </meta>
  <body>
    <chapter name="Preamble" chapter_identifier="2650">
      <article number="ARTICLE 1" name="Objectives" article_identifier="22079">1. The Parties shall gradually establish a free trade area on substantially all their bilateral trade in a transitional period ending on January 1, 2001, in accordance with the provisions of this Agreement and in conformity with  Article XXIV of the GATT 1994 and the WTO. 


2. 	The objectives of this Agreement are: 


(a) 	to promote through the expansion of mutual trade the harmonious development of economic relations between the Parties and thus to foster in the Parties the advance of economic activity; 


(b) 	to provide fair conditions of competition for trade between the Parties; 


(c) 	to contribute by the removal of barriers to trade to the harmonious development and expansion of world trade.</article>
    </chapter>
    <chapter number="CHAPTER I" name="Industrial Products" chapter_identifier="2651">
      <article number="ARTICLE 2" name="Scope" article_identifier="22080">1. The provisions of this Chapter shall apply to industrial products originating in one of the Parties. 


2. The term "industrial products" means for the purpose of this Agreement the products falling within Chapters 25 to 97 of the Harmonized Commodity Description and Coding System, with the exception of the products listed in Annex I to this Agreement.</article>
      <article number="ARTICLE 3" name="Basic Duties" article_identifier="22081">1. For each product the basic duty to which the successive reductions set out in this Agreement are to be applied shall be the Most Favoured Nation rate of duty in force on  January 1, 1998. 


2. If, after entry into force of this Agreement, any tariff reduction is applied on an erga omnes basis, in particular reductions resulting from the tariff agreement concluded as a result of the GATT Uruguay Round of multilateral trade negotiations, such reduced duties shall replace the basic duties referred to in paragraph 1 as from that date when such reductions are applied. 


3. The reduced duties calculated in accordance with paragraph 2 shall be applied rounded to the first decimal place. 


4. 	The Parties shall notify each other their respective customs duties.</article>
      <article number="ARTICLE 4" name="Customs Duties On Imports" article_identifier="22082">1. No new customs duty on imports shall be introduced in trade between the Parties as of the date of entry into force of this Agreement. 


2. All customs duties on imports shall be abolished in accordance with the provisions of the Protocol 1 to this Agreement (hereinafter “Protocol 1").</article>
      <article number="ARTICLE 5" name="Charges Equivalent To Customs Duties" article_identifier="22083">1. No new charge having an effect equivalent to a customs duty on imports shall be introduced in trade between the Parties as of the date of entry into force of this Agreement. 


2. All charges having an effect equivalent to customs duties on imports shall be abolished on the date of the entry into force of this Agreement.</article>
      <article number="ARTICLE 6" name="Fiscal Duties" article_identifier="22084">1. The provisions of Article 4 shall also apply to customs duties of a fiscal nature.</article>
      <article number="ARTICLE 7" name="Customs Duties On Exports And Charges Having Equivalent Effect" article_identifier="22085">1. No new customs duty on exports or charge having equivalent effect shall be introduced in trade between the Parties as of the date of entry into force of this Agreement. 


2. All customs duties on exports and charges having equivalent effect  shall be abolished on the date of entry into force of this Agreement.</article>
      <article number="ARTICLE 8" name="Quantitative Restrictions On Imports And Measures Having Equivalent Effect" article_identifier="22086">1. No new quantitative restriction on imports or measure having equivalent effect shall be introduced in trade between the Parties as of the date of entry into force of this Agreement. 


2. All quantitative restrictions on imports and measures having equivalent effect shall be abolished on the date of entry into force of this Agreement.</article>
      <article number="ARTICLE 9" name="Quantitative Restrictions On Exports And Measures Having Equivalent Effect" article_identifier="22087">1. No new quantitative restriction on exports or measure having equivalent effect shall be applied in trade between the Parties as of the date of entry into force of this Agreement. 


2. All quantitative restrictions on exports and measures having equivalent effect shall be abolished on the date of entry into force of this Agreement, except as provided for in Annex II to this Agreement.</article>
      <article number="ARTICLE 10" name="Elimination Of Technical Barriers To Trade" article_identifier="22088">1. The rights and obligations of the Parties relating to technical barriers to trade shall be governed by the WTO Agreement on Technical Barriers to Trade. 


2. The Parties shall co-operate and exchange information in the field of standardization, metrology, conformity assessment and accreditation with the aim of reducing technical barriers to trade. 


3. In order to eliminate technical barriers and effectively implement this Agreement, the Parties may on the basis hereof conclude an agreement on mutual recognition of test reports, certificates of conformity and other documents directly or indirectly related to conformity assessment of the products which are the subject of the goods exchange between the Parties with the regulations effective in the importing country.</article>
    </chapter>
    <chapter number="CHAPTER II" name="Agricultural Products" chapter_identifier="2652">
      <article number="ARTICLE 11" name="Scope" article_identifier="22089">1. The provisions of this Chapter shall apply to agricultural products originating in one of the Parties. 


2. The term "agricultural products" means for the purpose of this Agreement the products falling within Chapter 1 to 24 of the Harmonized Commodity Description and Coding System and  all the products listed in Annex I to this Agreement.</article>
      <article number="ARTICLE 12" name="Exchange Of Concessions" article_identifier="22090">1. The Parties shall  grant each other the concessions specified in the Protocol 2 to this Agreement (hereinafter “Protocol 2") as laid down in that Protocol and in accordance with provisions of this Chapter. 


2. Taking account of: 
-the role of agriculture in their economies, 
-the development of trade in agricultural products between the Parties, 
-the particular sensitivity of the agricultural products, 
-the rules of their agricultural policies, 
-the results of the multilateral trade negotiations under the WTO, 


the Parties shall examine, within the framework of the Joint Committee, the possibilities of granting each other further concessions in trade in agricultural products.</article>
      <article number="ARTICLE 13" name="Concessions And Agricultural Policies" article_identifier="22091">1. Without prejudice to the concessions granted under Article 12 to this Agreement, the provisions of this Chapter shall not restrict in any way the pursuance of the respective agricultural policies of the Parties or the taking of any measures under such policies, including the implementation of the results of the Uruguay Round agreements. 


2. The Parties shall notify to the Joint Committee changes in their respective agricultural policies pursued or measures applied which may affect the conditions of trade in agricultural products between them. On the request of a Party, prompt consultations shall be held, to examine the situation.</article>
      <article number="ARTICLE 14" name="Specific Safeguards" article_identifier="22092">1. Notwithstanding other provisions of this Agreement, in particular Article 27 to this Agreement, and given the particular sensitivity of the agricultural products, if imports of products originating in a Party which are subject to concessions granted under this Agreement cause serious disturbances to the market of the other Party, the Party concerned shall immediately enter into consultations to find an appropriate solution. Pending such solution, the Party concerned may take measures it deems necessary.</article>
      <article number="ARTICLE 15" name="Sanitary And Phytosanitary Measures" article_identifier="22093">1. The Parties shall apply their regulations in veterinary, plant health and health matters, in particular in the exchange of information on infectious diseases of domestic animals, quarantine diseases, plant pests and weed, as well as in the adjustment of similar documents in the exchange and 

transport of goods, taking into account that the Agreement on co-operation in the field of veterinary medicine has already been signed in Zagreb on September 13, 1995. 

2. The Parties shall apply their regulations in veterinary, plant health and health matters in a non-discriminatory fashion and shall not introduce any new measures that have the effect of unduly obstructing trade.</article>
    </chapter>
    <chapter number="CHAPTER III" name="General Provisions" chapter_identifier="2653">
      <article number="ARTICLE 16" name="Rules Of Origin And Co-Operation In Customs Administration" article_identifier="22094">1. Protocol 3 to this Agreement (hereinafter “Protocol 3") lays down the rules of origin and related methods of administrative co-operation. 


2. The Parties shall take appropriate measures, including regular reviews by the Joint Committee and arrangements for administrative co-operation, to ensure that the provisions of Protocol 3 and Articles 3 to 9, 12, 17, 27, 28 and 29 to this Agreement are effectively and harmoniously applied, and to reduce, as far as possible, the formalities imposed on trade, and to achieve mutually satisfactory solutions to any difficulties arising from the operation of those provisions. 


3. Protocol 4 to this Agreement (hereinafter “Protocol 4") shall stipulate mutual assistance and co-operation between Customs Administrations of the Parties.</article>
      <article number="ARTICLE 17" name="Internal Taxation" article_identifier="22095">1. The Parties shall refrain from any measure or practice of an internal fiscal nature establishing, whether directly or indirectly, discrimination between the products originating in the Parties. 


2. Products exported to the territory of one of the Parties may not benefit from repayment of internal taxation in excess of the amount of direct or indirect taxation imposed on them.</article>
      <article number="ARTICLE 18" name="General Exceptions" article_identifier="22096">1. This Agreement shall not preclude prohibitions or restrictions on imports, exports or goods in transit justified on grounds of public morality, public policy or public security; of the protection of health and life of humans, animals or plants; of the protection of national treasures possessing artistic, historic or archaeological value; of the protection of intellectual property, or of the rules relating to gold or silver or to the conservation of exhaustible natural resources, if such measures are made effective in conjunction with restrictions on domestic production or consumption. Such prohibitions or restrictions shall not, however, constitute a means of arbitrary discrimination or a disguised restriction on trade between the Parties.</article>
      <article number="ARTICLE 19" name="Security Exceptions" article_identifier="22097">1. Nothing in this Agreement shall prevent a Party from taking any appropriate measure which it considers necessary: 


(a) 	to prevent the disclosure of information contrary to its essential security interests; 


(b) 	for the protection of its essential security interests or for the implementation of international obligations or national policies: 


(i) 	relating to the traffic in arms, ammunition and implements of war, provided that such measures do not impair the conditions of competition in respect of products not intended for specifically military purposes, and to such traffic in other goods, materials and services as is carried on directly or indirectly for the purpose of supplying a military establishment; or 


(ii) 	relating to the non proliferation of biological and chemical weapons, nuclear weapons or other nuclear explosive devices; or 
(iii) 	taken in time of war or other serious international tension.</article>
      <article number="ARTICLE 20" name="State Monopolies" article_identifier="22098">1. The Parties shall adjust progressively any State monopoly of a commercial character so as to ensure that by the end of the transitional period laid down in Article 1 to this Agreement,  no discrimination regarding the conditions under which goods are procured and marketed exists between nationals of the Parties. The Parties shall inform each other about the measure adopted to implement this objective. 


2. The provisions of this Article shall apply to any body through which the competent authorities of the Parties, in law or in fact, either directly or indirectly supervise, determine or appreciably influence imports or exports between the Parties.  These provisions shall likewise apply to monopolies delegated by the State to other bodies.</article>
      <article number="ARTICLE 21" name="Payments" article_identifier="22099">1. Payments in freely convertible currencies relating to trade in goods  between the Parties and the transfer of such payments to the territory of the Party  where the creditor resides shall be free from any restrictions. 


2. The Parties shall refrain from any exchange or administrative restrictions on the grant, repayment or acceptance of short and medium term credits to trade in goods in which a resident of a Party participates. 


3. Notwithstanding the provisions of paragraph 2, any measures concerning current payments connected with the movement of goods shall be in conformity with the conditions laid down under Article VIII of the Articles of the Agreement of the International Monetary Fund.</article>
      <article number="ARTICLE 22" name="Rules Of Competition Concerning Undertakings" article_identifier="22100">1. The following are incompatible with the proper functioning of this Agreement in so far as they may affect trade between the Parties: 


(a) 	all agreements between undertakings, decisions by associations of undertakings and concerted practices between undertakings which have as their object or effect the prevention, restriction or distortion of competition; 


(b) 	abuse by one or more undertakings of a dominant position in the territories of the Parties as a whole or in a substantial part thereof. 

2. The provisions of paragraph 1 shall apply to the activities of all undertakings including public undertakings and undertakings to which the Parties grant special or exclusive rights. Undertakings entrusted with the operation of services of general economic interest or having the character of a revenue-producing monopoly, shall be subject to provisions of paragraph 1 in so far as the application of these provisions does not obstruct the performance, in law or fact, of the particular public tasks assigned to them. 


3. With regard to products referred to in Chapter II to this Agreement the provisions of paragraph 1a. shall not apply to such agreements, decisions and practices which form an integral part of a national market organization. 


4. If a Party considers that a given practice is incompatible with paragraphs 1, 2 and 3 and if such practice causes or threatens to cause serious prejudice to the interest of that Party or material injury to its domestic industry, it may take appropriate measures under the conditions and in accordance with the procedure laid down in Article 31 to this Agreement.</article>
      <article number="ARTICLE 23" name="State Aid" article_identifier="22101">1. Any aid granted by a State being Party to this Agreement or through State resources in any form  whatsoever  which distorts or threatens to distort competition by favouring certain undertakings or the production of certain goods shall, in so far as it may affect trade between the Parties, be incompatible with the proper functioning of this Agreement. 


2. The provisions of paragraph 1 shall not apply to products covered by Chapter II to this Agreement. 


3. The Joint Committee shall, within three years from the entry into force of this Agreement, adopt the criteria on the basis of which the practices contrary to paragraph 1 shall be assessed, as well as the rules for their implementation. 


4. The Parties shall ensure transparency in the area of state aid, inter alia by reporting annually to the Joint Committee on the total amount and the distribution of the aid given and by providing to the other Party, upon request, information on aid schemes and on particular individual cases of state aid. 


5. If a Party considers that a particular practice, including that in agriculture: 
-is incompatible with the terms of paragraph 1, and is not adequately dealt with under the implementing rules referred to in paragraph 3, or 

-in the absence of rules, referred to in paragraph 3, causes or threatens to cause serious prejudice to the interest of that Party or material injury to its domestic industry, 

it may take appropriate measures under the conditions of and in accordance with the provisions laid down in Article 31 to this Agreement. 

6. Such appropriate measures may only be taken in conformity with the procedures and under the conditions laid down by the GATT 1994 and by the WTO, and any other relevant instruments negotiated under their auspices, which are applicable between the Parties concerned.</article>
      <article number="ARTICLE 24" name="Public Procurement" article_identifier="22102">1. The Parties consider the liberalization of their respective public procurement markets as an objective of this Agreement. 


2. The Parties shall progressively adjust their respective rules, conditions and practices with a view to grant suppliers of the other Party by the end of the transitional period at the latest access to contract award procedures on their respective public procurement markets taking into account the provisions of the Agreement on Government Procurement of the WTO. 


3. The Joint Committee shall examine developments related to the achievement of the objectives of this Article so as to ensure free access, transparency and mutual opening of their respective public procurement markets. 


4. The Parties shall endeavour to accede to the relevant Agreements negotiated under the auspices of the GATT 1994 and the WTO.</article>
      <article number="ARTICLE 25" name="Protection Of Intellectual Property" article_identifier="22103">1. The Parties shall grant and ensure protection of intellectual property rights on a non-discriminatory basis, including measures for the grant and enforcement of such rights, even in the cases when they are violated.  By the end of transitional period the protection shall be gradually improved to a level corresponding to the substantive standards of the multilateral agreements which are specified in Annex III to this Agreement. 


2. For the purpose of this Agreement "intellectual property protection" includes in particular protection of copyright and related  rights, including computer programs, data bases, trade and service 
marks, geographical indicators including mark of origin, patents, industrial designs, new varieties of plants, topographies of integrated circuits, as well as undisclosed information.</article>
      <article number="ARTICLE 26" name="Dumping" article_identifier="22104">1. If a Party finds that dumping within the meaning of Article VI of the GATT 1994 is taking place in trade relations governed by this Agreement, it may take appropriate measures against that practice in accordance with the WTO Agreement on Implementation of Article VI of the GATT 1994 under the conditions and in accordance with the procedure laid down in Article 31 to this Agreement.</article>
      <article number="ARTICLE 27" name="General Safeguards" article_identifier="22105">1. Where any product is being imported in such increased quantities and under such conditions as to cause or threaten to cause: 


(a) 	serious injury to domestic producers of like or directly competitive products in the territory of the importing Party, or 


(b) 	serious disturbances in any related sector of the economy or difficulties which could bring about serious deterioration in the economic situation of a region, 
the Party concerned may take appropriate measures under the conditions and in accordance with the procedure laid down in Article 31 to this Agreement.</article>
      <article number="ARTICLE 28" name="Structural Adjustment" article_identifier="22106">1. Exceptional measures of limited duration which derogate from the provisions of Article 4 to this Agreement may be taken by any of the Parties in the form of increased customs duties. 


2. These measures may only concern infant industries, or certain sectors undergoing restructuring or facing serious difficulties, particularly where these difficulties produce important social problems. 


3. Customs duties on imports applicable in the Party concerned to products originating in the other Party introduced in accordance with the paragraphs 1 and 2 of this Article  may not exceed 25 per cent ad valorem and shall maintain an element of preference in customs duties for products originating in the Parties. The total value of imports of the products which are subject to these measures may not exceed 15 per cent of total imports of industrial products from the other Party as defined in Chapter I to this Agreement, during the last year for which statistics are available. 


4. These measures shall be applied for a period not exceeding the transitional period determined in paragraph 1 of the Article 1 to this Agreement.  They shall cease to apply on January 1, 2001 at the latest. 


5. The Party concerned shall inform the other Party of any exceptional measures it intends to take and, at the request of the other Party, consultations shall be held immediately within the Joint Committee on such measures and the sectors to which they apply prior to their introduction. When taking such measures the Party concerned shall provide the Joint Committee with a schedule for the elimination of the customs duties introduced under this Article.  This schedule shall provide for a phasing out of these duties starting at the latest two years after their introduction, at equal annual rates. The Joint Committee may decide on a different schedule.</article>
      <article number="ARTICLE 29" name="Re-Export And Serious Shortage" article_identifier="22107">Where compliance with the provisions of Articles 7 and 9 to this Agreement leads to: 


(a) 	re-export towards a third country against which the exporting Party maintains for the product concerned quantitative export restrictions, export duties or measures or charges having equivalent effect; or 


(b) 	a serious shortage, or threat thereof, of a product essential to the exporting Party; 
and where the situations referred to above give rise to are likely to give rise to major difficulties for the exporting Party, that Party may take appropriate measures under the conditions and in accordance with the procedure laid down in Article 31 to this Agreement.</article>
      <article number="ARTICLE 30" name="Fulfilment Of Obligations" article_identifier="22108">1. The Parties shall take any general or specific measures required to fulfil their obligations under this Agreement. They shall see to it that the objectives set out in this Agreement are attained. 


2. If a Party considers that the other Party has failed to fulfil an obligation under this Agreement, the Party concerned may take appropriate measures under the conditions and in accordance with the procedure laid down in Article 31 to this Agreement.</article>
      <article number="ARTICLE 31" name="Procedure For The Application Of Safeguard Measures" article_identifier="22109">1. Before initiating the procedure for the application of safeguard measures set out in the following paragraphs of this Article, the Parties shall endeavour to solve any differences between them through direct consultations. 


2. In the event of a Party subjecting imports of products liable to give rise to the situation referred to in Article 27 to this Agreement to an administrative procedure having as its purpose the rapid provision of information on the trend of trade flows, it shall inform the other Party. 


3. Without prejudice to paragraph 7 of this Article, a Party which considers resorting to safeguard measures shall promptly notify the other Party thereof and supply all relevant information. 

Consultations between the Parties shall take place without delay within the Joint Committee with a view to finding a solution acceptable to the Parties. 

4. 	(a) With regard to Articles 26, 27 and 29 to this Agreement, the Joint Committee shall examine the case or situation and may take any decision needed to put an end to the difficulties notified by the Party concerned. In the case of the absence of such decision within thirty days of the matter being referred to the Joint Committee, the Party concerned may adopt the measures necessary in order to remedy the situation. 


(b) 	As regards Article 30 to this Agreement, the Party concerned may take appropriate measures after the consultations have been concluded or  a period of three months has elapsed from the date of the  notification to the other Party. 


(c) 	With regard to Article 22 and 23 to this Agreement, the Party concerned shall give the Joint Committee all the assistance required in order to examine the case and, where appropriate, eliminate the practice objected to. If the Party in question fails to put an end to the practice objected to within the period fixed by the Joint Committee or if the Joint Committee fails to reach an agreement within thirty working days of the matter being referred to it, the Party concerned may adopt the appropriate measures to deal with the difficulties resulting from the practice in question. 

5. The safeguard measures taken shall be immediately notified to the other Party.  They shall be limited with regard to their extent and to their duration to what is strictly necessary in order to rectify the situation giving rise to their application and shall not be in excess of the injury caused by the practice or the difficulty in question. Priority shall be given to such measures which will least disturb the functioning of this Agreement. The measures taken by a Party against an action or an omission of the other Party may only affect the trade with that Party. 


6. The safeguard measures taken shall be the object of periodic consultations within the Joint Committee with a view to their relaxation as soon as possible, or abolition when conditions no longer justify their maintenance. 


7. Where exceptional circumstances requiring immediate action make prior examination impossible, the Party concerned may, in the cases of Articles 26, 27 and 29 to this Agreement, apply forthwith the provisional measures strictly necessary to remedy the situation. The measures taken shall be notified without delay and consultations between the Parties shall take place as soon as possible within the Joint Committee.</article>
      <article number="ARTICLE 32" name="Balance Of Payments Difficulties" article_identifier="22110">1. The Parties shall endeavour to avoid the imposition of restrictive measures including measures relating to imports for balance of payments purposes. 


2. Where one of the Parties is in serious balance of payments difficulties, or under imminent threat thereof, the Party concerned may, in accordance with the conditions established under the GATT 1994 and the WTO, adopt restrictive measures, including measures related to imports, which shall be of limited duration and may not go beyond what is necessary to remedy the balance of payments situation. The measures shall be progressively relaxed as balance of payments conditions 
improve and they shall be eliminated when conditions no longer justify their maintenance.  The Party concerned shall inform the other Party forthwith of their introduction and, whenever practicable, of a time schedule for their removal.</article>
      <article number="ARTICLE 33" name="Evolutionary Clause" article_identifier="22111">1. Where a Party considers that it would be useful in the interests of the economies of the Parties to develop and deepen the relations established by this Agreement by extending them to fields not covered thereby, it shall submit a reasoned request to the other Party. The Parties may instruct the Joint Committee to examine such request and, where appropriate, may make recommendations, particularly with a view to opening negotiations. 


2. Agreements resulting  from the procedure referred to in paragraph 1 will be subject to ratification or approval by the Parties in accordance with their internal legislation.</article>
      <article number="ARTICLE 34" name="The Joint Committee" article_identifier="22112">1. A Joint Committee is hereby established and shall be composed of the representatives of the Parties. 


2. The implementation of this Agreement shall be supervised and administered by the Joint Committee. 


3. For the purpose of the proper implementation of this Agreement, the Parties shall exchange information and, at the request of any Party, shall hold consultations within the Joint Committee. The Committee shall keep under review the possibility of further removal of the obstacles to trade between the Parties. 


4. The Joint Committee may take decisions in the cases provided for in this Agreement.  On other matters the Committee may take recommendations.</article>
      <article number="ARTICLE 35" name="Procedures Of The Joint Committee" article_identifier="22113">1. For the proper implementation of this Agreement the Joint Committee shall meet whenever necessary but at least once a year. Each Party may request that a meeting be held. 


2. The Joint Committee shall act by common agreement. 


3. If the representative of a Party in the Joint Committee has accepted, under reservation, a decision subject to the fulfilment of  internal legal requirements, the decision shall enter into force, if no later date is contained therein, on the date of the receipt of a written notification as to the fulfilment of such requirements. 


4. For the purpose of this Agreement the Joint Committee shall adopt its rules of procedure which shall inter alia contain provisions for conveying meeting and for the designation of the Chairman and his/her term of office. 


5. The Joint Committee may decide to set up such subcommittees and working groups as it considers necessary to assist it in accomplishing its tasks.</article>
      <article number="ARTICLE 36" name="Services And Investment" article_identifier="22114">1. The Parties recognise the growing importance of certain areas, such as services and investments. In their efforts to gradually develop and broaden their cooperation, in particular in the context of the European integration, they will co-operate with the aim of achieving a progressive liberalization and mutual opening of markets for investments and trade in services, taking into account relevant provisions of the General Agreement on Trade in Services. 


2. The Parties will discuss in the Joint Committee the possibilities to extend their trade relations to the fields of foreign direct investment and trade in services.</article>
      <article number="ARTICLE 37" name="Customs Unions, Free-Trade Areas And Frontier Trade" article_identifier="22115">This Agreement shall not prevent the maintenance or establishment of customs unions, free-trade areas or arrangements for frontier trade to the extent that these do not negatively affect the trade regime of the Parties and in particular the provisions concerning rules of origin provided for by this Agreement.</article>
      <article number="ARTICLE 38" name="Annexes, Protocols And Amendments" article_identifier="22116">1. The Annexes and the Protocols to this Agreement are an integral part of it.  The Joint Committee may decide to amend the Annexes and Protocols in accordance with the provisions of paragraph 3 of the Article 35 to this Agreement. 


2. Amendments to this Agreement other than those decided upon in accordance with paragraph 4 of Article 34 to this Agreement, and which are approved by the Joint Committee, shall be submitted to the other Party for acceptance and shall enter into force if accepted by both Parties.</article>
      <article number="ARTICLE 39" name="Entry Into Force" article_identifier="22117">This Agreement shall enter into force on the first day of the month following the date when the Parties have notified each other through diplomatic channels that their respective internal requirements for the entry into force of this Agreement have been fulfilled.</article>
      <article number="ARTICLE 40" name="Provisional Application" article_identifier="22118">This Agreement shall be applied provisionally from January 1, 1998.</article>
      <article number="ARTICLE 41" name="Validity And Denunciation" article_identifier="22119">This Agreement is concluded for an indefinite period of time. Each Party may denounce it through diplomatic channels by  a written notification to the other Party. In such case the Agreement shall be terminated on the first day of seventh month after the date on which the notification was received by the other Party.</article>
    </chapter>
    <chapter name="Conclusion" chapter_identifier="2654">
      <article article_identifier="22120">IN WITNESS WHEREOF the undersigned plenipotentiaries, being duly authorized thereto, have signed this Agreement. 

DONE at Zagreb, this 12th day of December 1997 in duplicate copies in the Slovenian, Croatian and English languages, all texts being equally authentic. In case of divergences in interpretation the English text shall prevail. 

For the Republic of Slovenia For the  Republic of Croatia Janez Drnovšek (s) Zlatko Mateša (s)</article>
    </chapter>
  </body>
</treaty>
