<?xml version="1.0" encoding="UTF-8"?>
<treaty>
  <meta>
    <name>Economic and Monetary Community of Central Africa (CEMAC)</name>
    <type>Customs Union</type>
    <wto_rta_id>95</wto_rta_id>
    <treaty_identifier>86</treaty_identifier>
    <status>In Force</status>
    <notification>Enabling Clause</notification>
    <date_signed>1994-03-16</date_signed>
    <date_into_force>1999-06-24</date_into_force>
    <date_notification>1999-07-21</date_notification>
    <end_implementation>1999-12-31</end_implementation>
    <date_inactive/>
    <parties_original>
      <partyisocode n="1">CAF</partyisocode>
      <partyisocode n="2">CMR</partyisocode>
      <partyisocode n="3">COG</partyisocode>
      <partyisocode n="4">GAB</partyisocode>
      <partyisocode n="5">GNQ</partyisocode>
      <partyisocode n="6">TCD</partyisocode>
    </parties_original>
    <parties>
      <partyisocode n="1">CAF</partyisocode>
      <partyisocode n="2">CMR</partyisocode>
      <partyisocode n="3">COG</partyisocode>
      <partyisocode n="4">GAB</partyisocode>
      <partyisocode n="5">GNQ</partyisocode>
      <partyisocode n="6">TCD</partyisocode>
    </parties>
    <composition>Plurilateral</composition>
    <region>Africa</region>
    <parties_wto>No</parties_wto>
    <crossregional>No</crossregional>
    <language>fr</language>
    <source lang="en" type="full text">http://docsonline.wto.org/imrd/gen_redirectsearchdirect.asp?RN=0&amp;searchtype=browse&amp;query=@meta_Symbol"WT/COMTD/24"&amp;language=1&amp;ct=DDFEnglish</source>
    <source lang="es" type="full text">http://docsonline.wto.org/imrd/gen_redirectsearchdirect.asp?RN=0&amp;searchtype=browse&amp;query=@meta_Symbol"WT/COMTD/24"&amp;language=3&amp;ct=DDFSpanish</source>
    <source lang="fr" type="full text">http://docsonline.wto.org/imrd/gen_redirectsearchdirect.asp?RN=0&amp;searchtype=browse&amp;query=@meta_Symbol"WT/COMTD/24"&amp;language=2&amp;ct=DDFFrench</source>
  </meta>
  <body>
    <chapter chapter_identifier="1075">
      <article article_identifier="8833">ORGANIZACIÓN MUNDIAL 

TRAITÉ INSTITUANT LA COMMUNAUTÉ ÉCONOMIQUE ET MONÉTAIRE DE L'AFRIQUE CENTRALE 

Le Gouvernement de la République du Cameroun; 

Le Gouvernement de la République Centrafricaine; 

Le Gouvernement de la République du Congo; 

Le Gouvernement de la République Gabonaise;

Le Gouvernement de la République de Guinée Équatoriale; 

Le Gouvernement de la République du Tchad; 

Conscients de la nécessité de développer ensemble toutes les ressources humaines et naturelles de leurs États et de mettre celles-ci au service du bien-être général de leurs peuples dans tous les domaines; 

Résolus à donner une impulsion nouvelle et décisive au processus d'intégration en AfriqueCentrale par une harmonisation accrue des politiques et des législations de leurs États; 

Prenant acte de l'approche d'intégration proposée en UDEAC telle qu'inspirée par les Chefs d'Etat de l'OUA lors de la Conférence d'Abuja en juillet 1991; 

Considérant la nouvelle dynamique en cours dans la Zone Franc, au demeurant nécessaire au regard des mutations et du recentrage des stratégies de coopération et de développement observés en Afrique et sur d'autres continents dont l'Europe; 

Désireux de renforcer la solidarité entre leurs peuples dans le respect de leurs identités nationales respectives; 


Réaffirmant leur attachement aux principes de liberté, de démocratie et de respect des droits fondamentaux des personnes et l'Etat de droit; 

Décident de créer une "Communauté Économique et Monétaire de l'Afrique Centrale", en abréviation CEMAC.</article>
    </chapter>
    <chapter chapter_identifier="1076">
      <article number="ARTICLE PREMIER" article_identifier="8834">La mission essentielle de la Communauté est de promouvoir un développement harmonieuxdes États membres dans le cadre de l'institution de deux Unions: une Union Économique et une UnionMonétaire. Dans chacun de ces deux domaines, les États membres entendent passer d'une situation de coopération, qui existe déjà entre eux, à une situation d'union, susceptible de parachever le processus d'intégration économique et monétaire.</article>
      <article number="ARTICLE 2" article_identifier="8835">Les parties signataires décident du principe de création de quatre institutions rattachées à la Communauté et constituant celle-ci: 

-l'Union Économique de l'Afrique Centrale; 

-l'Union Monétaire de l'Afrique Centrale; 

-le Parlement Communautaire; 

-la Cour de Justice Communautaire, comprenant une Chambre Judiciaire et une 

Chambre des Comptes. 

Les principaux organes de la Communauté sont: 

-la Conférence des Chefs d'Etat; 
-le Conseil des Ministres; 
-le Comité Ministériel; 
-le Secrétariat Exécutif; 
-le Comité Inter-États; 
-la Banque des États de l'Afrique Centrale; 
-la Commission Bancaire de l'Afrique Centrale; 
-l'Institution de Financement du Développement.</article>
      <article number="ARTICLE 3" article_identifier="8836">Les quatre Institutions citées à l'article 2 ci-dessus feront l'objet de Conventions séparées, à annexer respectivement au présent Traité et dont elles feront intégralement partie.3 

Le statut des organes cités ci-dessus et existant déjà feront l'objet, si nécessaire de modifications par conventions séparées en vue de leur harmonisation avec les dispositions des Actes régissant la Communauté.</article>
      <article number="ARTICLE 4" article_identifier="8837">Le Parlement Communautaire, qui serra créé ultérieurement par une Convention séparée aura pour rôle essentiel de légiférer par voie de directives.</article>
      <article number="ARTICLE 5" article_identifier="8838">La Cour de justice Communautaire comporte deux Chambres:  Une Chambre Judiciaire et une Chambre des Comptes. 

La Chambre Judiciaire assure le respect du droit dans l'interprétation et dans l'application du présent Traité et des Conventions subséquentes. 

La Chambre des Comptes assure le contrôle des comptes de l'Union. 

La composition, le fonctionnement et le champ de compétence de chacune des deux Chambres sont contenus dans la Convention instituant l'Union Économique de l'Afrique Centrale.</article>
      <article number="ARTICLE 6" article_identifier="8839">Tout autre État africain, partageant les mêmes idéaux que ceux auxquels les États fondateursse déclarent solennellement attachés, pourra solliciter son adhésion à la Communauté Économique et Monétaire de l'Afrique Centrale. 

Cette adhésion ne pourra intervenir qu'après accord unanime des membres fondateurs. 

Toute adhésion ultérieure d'un nouvel État sera subordonnée à l'accord unanime des membres de la Communauté.</article>
      <article number="ARTICLE 7" article_identifier="8840">Le présent Traité rédigé en un exemplaire unique en langues française, espagnole et anglaise, le texte français faisant foi en cas de divergence d'interprétation, entrera en vigueur dès sa ratificationpar tous les Etats signataires auprès de la République du Tchad, désignée comme État dépositaire detous les Actes afférents à la Communauté Économique et Monétaire de l'Afrique Centrale.</article>
    </chapter>
    <chapter chapter_identifier="1077">
      <article article_identifier="8841">Fait à N'Djaména, le 16 Mars 1994</article>
    </chapter>
  </body>
</treaty>
