<?xml version="1.0" encoding="UTF-8"?>
<treaty>
  <meta>
    <name>Finland - Estonia Protocol</name>
    <type>Free Trade Agreement</type>
    <wto_rta_id>307</wto_rta_id>
    <treaty_identifier>262</treaty_identifier>
    <status>Inactive</status>
    <notification>GATT Art. XXIV</notification>
    <date_signed>1992-02-13</date_signed>
    <date_into_force>1992-12-01</date_into_force>
    <date_notification>1992-12-01</date_notification>
    <end_implementation/>
    <date_inactive>1995-01-01</date_inactive>
    <parties_original>
      <partyisocode n="1">EST</partyisocode>
      <partyisocode n="2">FIN</partyisocode>
    </parties_original>
    <parties>
      <partyisocode n="1"/>
    </parties>
    <composition>Bilateral</composition>
    <region>Europe</region>
    <parties_wto>Yes</parties_wto>
    <crossregional>No</crossregional>
    <language>en</language>
    <source lang="en" type="full text">http://sul-derivatives.stanford.edu/derivative?CSNID=91670016&amp;mediaType=application/pdf</source>
  </meta>
  <body>
    <chapter chapter_identifier="394">
      <article article_identifier="20541">The Republic of Finland and the Republic of Estonia, 


Desirous of creating favourable conditions for the development and 


diversification of trade and for the promotion of commercial and economic 


co-operation in areas of common interest on the basis of equality, mutual 


benefit and international law, 


Taking into consideration the Final Act of the Conference on Security
and Co-operation in Europe, the Paris Charter, and in particular the 
principles contained in the final document of the Bonn Conference on 
Economic Co-operation in Europe, 


Recalling the traditional trade and economic links between Finland and 
Estonia, and taking into account their respective levels of economic 
development, 


Taking into account the respective economic policies of the Parties 
and the favourable effect of the economic transformation under way in 
Estonia on their trade and economic relations, 


Noting that substantially all trade between Finland and Estonia has 
taken place without customs duties and charges having equivalent effect, 


Determined to continue the liberalized trade regime between Finland 
and Estonia, mutatis mutandis, to the extent and under the conditions 
previously in force, 


Resolved to develop further their relations in the field of trade in 
accordance with the principles of the General Agreement on Tariffs and 
Trade, 


Considering that no provision of this Protocol may be interpreted as 
exempting the Parties from the rights and obligations devolving upon them 
from other international agreements, 


Have agreed as follows:</article>
    </chapter>
    <chapter chapter_identifier="395">
      <article number="ARTICLE 1" article_identifier="20542">The objective of this Protocol is to promote the expansion of trade 
and harmonious development of economic relations between the Parties and 
thus to foster in them the advance of economic activity, the improvement of 
living and employment conditions, increased productivity, financial 
stability and fair conditions of competition in their mutual trade.</article>
      <article number="ARTICLE 2" article_identifier="20543">1. The trade between the Parties is conducted free of customs duties and 
other charges having equivalent effect. 



2. The trade between the Parties is conducted free of quantitative 
restrictions or measures having equivalent effect. 



3. This Article applies only to products which fall within Chapters 25-97 
of the Harmonized Commodity Description and Coding System. 



4. The Joint Committee will decide on measures applicable to products 
which fall within Chapters 1-24 of the Harmonized Commodity Description and 
Coding System.</article>
      <article number="ARTICLE 3" article_identifier="20544">The Parties undertake to conduct their relations in the field of trade 
and economic endeavour in compliance with the principles and rules of the 
General Agreement on Tariffs and Trade done in Geneva on 30 October 1947.</article>
      <article number="ARTICLE 4" article_identifier="20545">The Parties shall explore all avenues to promote trade and economic 
co-operation between them including fostering a favourable climate for 
investments, joint ventures and sub-contracting, facilitating trade 
promotion activities, protection of intellectual, industrial and commercial 
property rights and, as a temporary measure, utilizing barter, buy-back and 
counter-trade arrangements in contracts between legal and physical persons 
when payments in freely convertible currencies are not feasible.</article>
      <article number="ARTICLE 5" article_identifier="20546">The Annex to this Protocol lays down the rules of origin.</article>
      <article number="ARTICLE 6" article_identifier="20547">The Parties undertake to examine, in light of any relevant factor, the 
possibility of developing and deepening their relations in order to extend 
them to fields not covered by this Protocol, in particular to investment 
protection, economic assistance as well as economic, industrial and 
scientific co-operation.</article>
      <article number="ARTICLE 7" article_identifier="20548">1. If any increase in imports of a given product originating in the 
territory of one of the Parties occurs in quantities or under conditions as 
to cause, or threaten to cause disruption to the domestic market or 
production of the other Party, the Party concerned may request that 
consultations on the situation be held without delay in the Joint Committee 
with a view to finding a mutually satisfactory solution. 



2. The Party requesting such a consultation shall immediately inform the 
other Party of the disruption and supply the latter with all relevant 
information required for a thorough examination in the Joint Committee. 



3. In the absence of any mutually satisfactory solution in the Joint 
Committee within three months of the matter being referred to it, the Party 
concerned may apply any safeguard measures necessary to remedy the 
situation. 


4. Where exceptional circumstances requiring immediate action make prior 
examination impossible, the Party concerned may apply forthwith the 
precautionary measures strictly necessary to remedy the situation. 



5. In the selection of measures under this Article priority must be given 
to those which least disturb the functioning of this Protocol.</article>
      <article number="ARTICLE 8" article_identifier="20549">1. A Joint Committee is hereby established, which shall be responsible 
for the administration of this Protocol and shall review its 
implementation. For this purpose it shall follow closely the development
of the trade and economic co-operation between the Parties and take any 
such measure which is necessary to improve and further develop those 
relations. The decisions of the Joint Committee shall be put into effect 
by the Parties in accordance with their own rules. 



2. For the purpose of the proper implementation of the Protocol the 
Parties shall exchange information and, at the request of either party, 
shall hold consultations within the Joint Committee.</article>
      <article number="ARTICLE 9" article_identifier="20550">1. The Joint Committee shall consist of representatives of Finland, on 
the one hand, and of representatives of Estonia on the other. 



2. The Joint Committee shall act by mutual agreement. 



3. The Joint Committee may decide to amend this Protocol.</article>
      <article number="ARTICLE 10" article_identifier="20551">1. Each Party shall preside alternately over the Joint Committee. 



2. The Chairman shall convene the meetings of the Joint Committee at 
least once a year in order to review the general functioning of the 
Protocol. The Joint Committee shall, in addition, meet whenever special 
circumstances so require at the request of either Party. 



3. The Joint Committee may decide to set up any working group that can 
assist it in carrying out its duties.</article>
      <article number="ARTICLE 11" article_identifier="20552">The Annex to this Protocol shall form an integral part thereof.</article>
      <article number="ARTICLE 12" article_identifier="20553">Either Party may denounce this Protocol by notifying the other Party. 
The Protocol shall cease to be in force three months after the date of such 
notification.</article>
      <article number="ARTICLE 13" article_identifier="20554">The Protocol will be subject to approval by the Parties in accordance 
with their own procedures. The documents confirming such an approval are 
to be exchanged through diplomatic channels. The Protocol shall enter into 
force on the first day of the month following the exchange of such 
documents.</article>
    </chapter>
    <chapter chapter_identifier="396">
      <article article_identifier="20555">Done at Tallinn on 13 February 1992, in duplicate in the English 
language, both texts being equally authentic. 


For the Government of the Republic of Finland 
Esko Aho 


For the Government of the Republic of Estonia 
Tiit Vähi</article>
    </chapter>
  </body>
</treaty>
