<?xml version="1.0" encoding="UTF-8"?>
<treaty>
  <meta>
    <name>Ukraine -Turkmenistan</name>
    <type>Free Trade Agreement</type>
    <wto_rta_id>577</wto_rta_id>
    <treaty_identifier>359</treaty_identifier>
    <status>In Force</status>
    <notification>GATT Art. XXIV</notification>
    <date_signed>1994-11-05</date_signed>
    <date_into_force>1995-11-04</date_into_force>
    <date_notification>2008-08-18</date_notification>
    <end_implementation>1995-12-31</end_implementation>
    <date_inactive/>
    <parties_original>
      <partyisocode n="1">TKM</partyisocode>
      <partyisocode n="2">UKR</partyisocode>
    </parties_original>
    <parties>
      <partyisocode n="1">TKM</partyisocode>
      <partyisocode n="2">UKR</partyisocode>
    </parties>
    <composition>Bilateral</composition>
    <region>Commonwealth of Independent States (CIS)</region>
    <parties_wto>No</parties_wto>
    <crossregional>No</crossregional>
    <language>en</language>
    <source lang="en" type="full text">http://rtais.wto.org/rtadocs/577/TOA/English/FTA Ukraine - Turkmenistan_ToA.doc</source>
    <source lang="en" type="annex">http://rtais.wto.org/rtadocs/577/AnnexAndRelatedDocs/English/FTA Ukraine - Turkmenistan Trade Info Annex.doc</source>
  </meta>
  <body>
    <chapter chapter_identifier="3244">
      <article article_identifier="27317">ÑÎÃËÀØÅÍÈÅÑÎÃËÀØÅÍÈÅMescolto2008-08-05MFERT
Free Trade Agreement between Ukraine and Turkmenistan
  FREE TRADE AGREEMENTbetween the Government of Ukraine and the Government of Turkmenistan
Date of signing: November 5, 1994
  
Date of ratification: November 4, 1995
  
The Government of Ukraine and the Government of the Turkmenistan, referred to hereinafter as the Contracting Parties,
  
confirming their favorable regard to the free development of mutual economic cooperation,
  
taking into account the integrative economic relations that evolved between Ukraine and Turkmenistan,
  
desiring to develop trade and economic cooperation between Ukraine Turkmenistan on the basis of equality and mutual benefit,
  
recognizing that the free movement of goods and services requires effecting mutually agreed measures,
  
confirming the intentions of Ukraine and Turkmenistan to become Contracting Parties to the General Agreement on Tariffs and Trade (GATT), sharing the goals and principles of GATT and taking into account the results of the agreements and accords achieved within the framework of the Uruguay Round of Multilateral Trade Negotiations,
  
have agreed as follows:</article>
    </chapter>
    <chapter chapter_identifier="3245">
      <article number="ARTICLE 1" article_identifier="27318">1. The Contracting Parties shall not apply customs duties, taxes and charges of equivalent effect on the export and/or import of commodities originating from the customs territory of one of the Contracting Parties and intended for the customs territory of another Contracting Party. Exclusion from the given trade regime by a conciliated classification of commodities shall be formalized by documents that are an inseparable part of the present Agreement, if the Contracting Parties deem it necessary.
  
2. For the purposes of the present Agreement and for its validity period, the commodities originating from the territory of the Contracting Parties shall mean the commodities identified by the Rules for Identifying the Countries of the Commodities’ Origin, as determined by the agreements of the Contracting Parties.</article>
      <article number="ARTICLE 2" article_identifier="27319">Each of the Contracting Parties shall not:
  
directly or indirectly impose on commodities, which come within the purview of the present Agreement, domestic taxes and charges that exceed corresponding taxes or charges imposed on similar commodities of domestic manufacture or commodities originating from third countries;
    
apply to the warehousing, reloading, storage, movement of commodities originating from another Contracting Party, as well as payments and remittance of payments other rules than those that are applied in similar cases to its own commodities.</article>
      <article number="ARTICLE 3" article_identifier="27320">The Contracting Parties shall in mutual trade refrain from applying discriminatory measures, and from introducing quantitative restrictions or equivalent measures on the export and/or import of commodities within the framework of the present Agreement.
  
The Parties may set quantitative or other special restrictions by conciliation of the Parties.
  
These restrictions shall be of an exclusive nature and may be applied only in cases provided for by agreements within the framework of GATT.</article>
      <article number="ARTICLE 4" article_identifier="27321">The Contracting Parties shall exchange on a regular basis information about:
  
laws and statutory acts related to economic activity, including on issues of trade, investment, taxation, banking, insurance, financial services, as well as on issues of transport and customs, including customs statistics.
    
The Contracting Parties shall without delay notify each other about the changes in national legislation that may impact on the performance of the present Agreement.
  
The authorized agencies of the Contracting Parties shall conciliate the procedure for exchanging such information.</article>
      <article number="ARTICLE 5" article_identifier="27322">The Contracting Parties shall recognize unfair business practices as being incompatible with the purposes of the present Agreement and shall undertake not to resort, in particular, but not exclusively, to such of their methods:
  
agreements between enterprises, decisions made by associations of enterprises, as well as joint methods of business practices that aim to hinder or restrict competition or violate the terms for it on the territories of the Contracting Parties;
    
actions by which one or several enterprises use their dominating status, restricting competition on the entire or a substantial part of the Contracting Parties’ territories.</article>
      <article number="ARTICLE 6" article_identifier="27323">When effecting measures of tariff and nontariff regulation of bilateral economic relations, for the exchange of statistical information and for conducting customs procedures, the Contracting Parties shall apply the uniform nine-digital classification of foreign trade commodities (CFTC) based on the Harmonized System of Description and Coding of Commodities and the combined tariff-statistical classification of the European Union. For their own needs the Contracting Parties shall, when necessary, develop the commodity classification beyond the nine-digital limit.
  
A model copy of commodity classification shall be maintained on the basis of mutual agreement through the existing missions at corresponding international organizations.</article>
      <article number="ARTICLE 7" article_identifier="27324">1. The Contracting Parties agree that abidance by the principle of free transit is an important condition for achieving the purposes of the present Agreement and an essential element in the process of their linkup with the system of international division of labor and cooperation.
  
In this connection, each Contracting Party shall ensure unhindered transit through its territory of commodities originated from the customs territory of another Contracting Party and/or third countries and intended for the customs territory of the other Contracting Party or any third country, and provide to exporters, importers or carriers all the available and required facilities and services for transit on terms that are not worse than those on which the very same facilities and services are provided to their own exporters, importers or exporters, importers or carriers of any third country.
  
2. The procedure and terms of transit of freight through the territory of states shall be regulated in compliance with international carriage rules.</article>
      <article number="ARTICLE 8" article_identifier="27325">The present Agreement shall not preclude the right of any of the Contracting Parties from taking measures generally accepted in international practice, which it considers necessary for the protection of its vital interests or which are undoubtedly necessary for the performance of the international treaties to which it is a party or intends to be a party, if these measures concern the following:
  
information that affects the interest of national defense;
    
trade in weapons, ammunition and materiel;
    
research or production related to the needs of defense;
    
delivery of material and equipment used in the nuclear industry;
    
protection of public morals and public order;
    
protection of industrial or intellectual property;
    
gold, silver or other precious metals and stones;
    
protection of the health of people, animals and plants.</article>
      <article number="ARTICLE 9" article_identifier="27326">In order to pursue a concerted policy of export control with regard to third countries, the Contracting Parties shall hold regular consultations and effect mutually conciliated measures for the development of an effective system of export control.</article>
      <article number="ARTICLE 10" article_identifier="27327">The provisions of the present Agreement shall replace the provisions of bilateral agreements concluded earlier between the Contracting Parties to the extent when the latter are either not compatible with the first or identical to them.</article>
      <article number="ARTICLE 11" article_identifier="27328">Disputes between the Contracting Parties as to the interpretation or application of provisions of the present Agreement shall be settled through negotiations.
  
The Contracting Parties shall strive to avoid conflict situations in mutual trade.
  
Each Contracting Party shall ensure on its territory effective ways of recognizing and executing arbitral decisions.</article>
      <article number="ARTICLE 12" article_identifier="27329">In order to achieve the purposes of the present Agreement and draft recommendations for the improvement of trade and economic cooperation between the two countries, the Contracting Parties have agreed to set up a joint Turkmen-Ukrainian Commission.</article>
      <article number="ARTICLE 13" article_identifier="27330">The present Agreement shall come into force from the date when the Contracting Parties exchange notifications about their performance of the inter-state procedures required for this purpose and remain in force until the expiry of twelve months from the date when one of the Contracting Parties forwards a written notification to the other Contracting Party about the intention to terminate its effect.
  
The provisions of the present Agreement after the termination of its validity period shall be applied to the contracts between the enterprises and organizations of both countries that were concluded but not performed during its validity period.</article>
    </chapter>
    <chapter chapter_identifier="3246">
      <article article_identifier="27331">Made at the city of Ashgabat on November 5, 1994 in two valid copies, each in the Ukrainian, Turkmen and Russian languages, each text being of equal force.
  
For the purpose of interpreting the provisions of the present Agreement, the Russian language shall prevail.
  
For the Government of Ukraine
       
For the Government of Turkmenistan
       
____________________
(signature)
       
___________________
(signature)</article>
    </chapter>
  </body>
</treaty>
