<?xml version="1.0" encoding="UTF-8"?>
<treaty>
  <meta>
    <name>EC - Slovenia Interim Agreement</name>
    <type>Free Trade Agreement</type>
    <wto_rta_id>274</wto_rta_id>
    <treaty_identifier>236</treaty_identifier>
    <status>Inactive</status>
    <notification>GATT Art. XXIV</notification>
    <date_signed>1996-11-11</date_signed>
    <date_into_force>1997-01-01</date_into_force>
    <date_notification>1996-12-12</date_notification>
    <end_implementation/>
    <date_inactive>2004-05-01</date_inactive>
    <parties_original>
      <partyisocode n="1">BEL</partyisocode>
      <partyisocode n="2">DEU</partyisocode>
      <partyisocode n="3">DNK</partyisocode>
      <partyisocode n="4">ESP</partyisocode>
      <partyisocode n="5">FRA</partyisocode>
      <partyisocode n="6">GBR</partyisocode>
      <partyisocode n="7">GRC</partyisocode>
      <partyisocode n="8">IRL</partyisocode>
      <partyisocode n="9">ITA</partyisocode>
      <partyisocode n="10">LUX</partyisocode>
      <partyisocode n="11">NLD</partyisocode>
      <partyisocode n="12">PRT</partyisocode>
      <partyisocode n="13">SVN</partyisocode>
    </parties_original>
    <parties>
      <partyisocode n="1"/>
    </parties>
    <composition>Plurilateral</composition>
    <region>Europe</region>
    <parties_wto>Yes</parties_wto>
    <crossregional>No</crossregional>
    <language>en</language>
    <source lang="en" type="full text">http://docsonline.wto.org/imrd/gen_redirectsearchdirect.asp?RN=0&amp;searchtype=browse&amp;query=@meta_Symbol"WT/REG32/1"&amp;language=1&amp;ct=DDFEnglish</source>
    <source lang="es" type="full text">http://docsonline.wto.org/imrd/gen_redirectsearchdirect.asp?RN=0&amp;searchtype=browse&amp;query=@meta_Symbol"WT/REG32/1"&amp;language=3&amp;ct=DDFSpanish</source>
    <source lang="fr" type="full text">http://docsonline.wto.org/imrd/gen_redirectsearchdirect.asp?RN=0&amp;searchtype=browse&amp;query=@meta_Symbol"WT/REG32/1"&amp;language=2&amp;ct=DDFFrench</source>
  </meta>
  <body>
    <chapter name="Preamble" chapter_identifier="2366">
      <article article_identifier="19636">The European Community, the European Coal and Steel Community and the European Atomic Energy Community, hereinafter referred to as "the Community", 

of the one part, 

and the Republic of Slovenia, hereinafter referred to as "Slovenia", 

of the other part, 

Whereas the Europe Agreement establishing an association between the European Communities and their Member States and Slovenia was signed in Luxembourg on 10 June 1996. 

Whereas one aim of the Europe Agreement is to provide an appropriate framework for political dialogue; whereas it is to govern commercial and economic relations between the Parties and includes provisions relating to financial cooperation, assistance and promotion of cooperation in prevention of illegal activities and cultural matters; 

Whereas the Europe Agreement is intended to establish close and lasting relations, based on reciprocity, which should allow Slovenia to take part in the process of European integration; 

Whereas it is necessary to ensure the development of trade links by strengthening and widening the relations established previously, notably by the Cooperation Agreement between the European Economic Community and the Republic of Slovenia signed on 5 April 1993, which entered into force on 1 September 1993; 

Whereas to this end it is necessary to implement as speedily as possible, by means of an Interim Agreement, provisions of the Europe Agreement on trade and trade related matters; 

Whereas it is necessary to ensure that pending the entry into force of the Europe Agreement and the establishment of the Association Council, the Cooperation Council set up by the Cooperation Agreement can exercise the powers assigned by the Europe Agreement to the Association Council which are necessary in order to implement the Interim Agreement, 

Have decided to conclude this Agreement and to this end have designated as their plenipotentiaries, 

The European Community: 

The European Coal and Steel Community; 

The European Atomic Energy Community; 

The Republic of Slovenia; 

Who, having exchanged their full powers, formed in good and due form, 

Have agreed as follows:</article>
    </chapter>
    <chapter number="TITLE I" name="General Principles" chapter_identifier="2367">
      <article number="ARTICLE 1" article_identifier="19637">Respect for the democratic principles and human rights as proclaimed in the Universal Declaration of Human rights and as defined in the Helsinki Final Act and the Charter of Paris for a new Europe, as well as the principles of market economy as reflected in the Document of the CSCE Bonn Conference on Economic Cooperation, shall form the basis of the domestic and external policies of the Parties and constitute essential elements of this Agreement.
Free Movement of Goods</article>
      <article number="ARTICLE 2" article_identifier="19638">1. The Community and Slovenia shall gradually establish a free-trade area in a transitional period lasting a maximum of six years starting from the entry into force of this Agreement in accordance with the provisions of this Agreement and in conformity with those of the GATT 1994 and the WTO. 


2. The Combined Nomenclature of goods shall be applied to the classification of goods in trade between the two Parties. 


3. For each product the basic duty to which the successive reductions set out in this Agreement are to be applied shall be the duty actually applied erga omnes on 9 June 1996. 


4. If, after entry into force of this Agreement, any tariff reduction is applied on an erga omnes basis, in particular reductions resulting from the tariff agreement concluded as a result of the GATT Uruguay Round, such reduced duties shall replace the basic duty referred to in paragraph 3 as from the date when such reductions are applied. 


5. The Community and Slovenia shall communicate to each other their respective basic duties.</article>
    </chapter>
    <chapter number="CHAPTER I" name="Industrial Products" chapter_identifier="2368">
      <article number="ARTICLE 3" article_identifier="19639">1. The provisions of this Chapter shall apply to products originating in the Community or Slovenia listed in Chapters 25 to 97 of the Combined Nomenclature, with the exception of the products listed in Annex I. 


2. The provisions of Articles 4 and 8 shall not apply to textile products or to products covered by the Treaty establishing the European Coal and Steel Community, as specified in Articles 10 and 11. 


3. Trade between the Parties in products covered by the Treaty establishing the European Atomic Energy Community shall be conducted in accordance with the provisions of that Treaty.</article>
      <article number="ARTICLE 4" article_identifier="19640">1. Customs duties on imports into the Community of products originating in Slovenia other than those listed in Annex II shall be abolished upon the entry into force of this Agreement. 


2. Customs duties on imports into the Community of products of Slovenian origin listed in Annex II shall be suspended within the limits of annual Community tariff ceilings increasing progressively in accordance with the conditions specified in that Annex with a view to complete abolition of customs duties on imports of the products concerned on the 1 January 2000. 


3. Quantitative restrictions on imports into the Community and measures having equivalent effect on imports into the Community shall be abolished on the date of entry into force of this Agreement with regard to products originating in Slovenia.</article>
      <article number="ARTICLE 5" article_identifier="19641">1. Customs duties on imports into Slovenia of goods originating in the Community other than those listed in Annexes III and IV shall be abolished upon the entry into force of this Agreement. 


2. Customs duties on imports into Slovenia of products originating in the Community which are listed in Annex III shall be progressively reduced in accordance with the following timetable: 

-on the 1 January 1997 each duty shall be reduced to 55 per cent of the basic duty -on the 1 January 1998 each duty shall be reduced to 30 per cent of the basic duty -on the 1 January 1999 each duty shall be reduced to 15 per cent of the basic duty -on the 1 January 2000 the remaining duties shall be abolished. 

3. Customs duties on imports into Slovenia of products originating in the Community which are listed in Annex IV shall be progressively reduced in accordance with the following timetable: 

-on the 1 January 1997 each duty shall be reduced to 70 per cent of the basic duty -on the 1 January 1998 each duty shall be reduced to 45 per cent of the basic duty -on the 1 January 1999 each duty shall be reduced to 35 per cent of the basic duty -on the 1 January 2000 each duty shall be reduced to 20 per cent of the basic duty -on the 1 January 2001 the remaining duties shall be abolished. 

4. All quantitative restrictions on imports into Slovenia of goods originating in the Community and measures having equivalent effect shall be abolished upon the entry into force of this Agreement.</article>
      <article number="ARTICLE 6" article_identifier="19642">The provisions concerning the abolition of customs duties on imports shall also apply to customs duties of a fiscal nature.</article>
      <article number="ARTICLE 7" article_identifier="19643">The Community and Slovenia shall abolish upon the entry into force of this Agreement, in trade between themselves, any charges having an effect equivalent to customs duties on imports.</article>
      <article number="ARTICLE 8" article_identifier="19644">1. The Community shall abolish any customs duties on exports and charges having equivalent effect upon the entry into force of this Agreement. 

Slovenia shall abolish customs duties on exports and charges having equivalent effect upon entry into force of this Agreement except for the products listed in Annex XII where the abolition will take place in accordance with the timetable set out in that Annex. 

2. The Community and Slovenia shall abolish between themselves any quantitative restrictions on exports and measures having equivalent effect upon the entry into force of this Agreement.</article>
      <article number="ARTICLE 9" article_identifier="19645">Slovenia declares its readiness to reduce its customs duties in trade with the Community more rapidly than is provided for in Article 5 if its general economic situation and the situation of the economic sector concerned so permit. 

The Community declares its readiness in similar circumstances to increase further or to abolish more speedily the tariff ceilings referred to in Article 4(2). 

The Cooperation Council shall make recommendations to this effect.</article>
      <article number="ARTICLE 10" article_identifier="19646">Protocol 1 lays down the arrangements applicable to the textile products referred to therein.</article>
      <article number="ARTICLE 11" article_identifier="19647">Protocol 2 lays down the arrangements applicable to products covered by the Treaty establishing the European Coal and Steel Community. Article 12 (EA 18)</article>
      <article number="ARTICLE 12" article_identifier="19648">1. The provisions of this Chapter shall not preclude the retention by the Community of an agricultural component in the duties applicable to products listed in Annex V in respect of products originating in Slovenia. 


2. The provisions of this Chapter shall not preclude the introduction of an agricultural component by Slovenia in the duties applicable to the products listed in Annex V in respect of products originating in the Community.</article>
    </chapter>
    <chapter number="CHAPTER II" name="Agriculture" chapter_identifier="2369">
      <article number="ARTICLE 13" article_identifier="19649">1. The provisions of this Chapter shall apply to agricultural products originating in the Community and Slovenia. 


2. The term "agricultural products" means the products listed in Chapters 1 to 24 of the Combined Nomenclature and the products listed in Annex I, but excluding fishery products as defined by Regulation (EEC) No. 3759/92.</article>
      <article number="ARTICLE 14" article_identifier="19650">1. Protocol 3 lays down the trade arrangements for processed agricultural products which are listed in the Protocol. 


2. 	A separate Agreement will be negotiated for wine and spirits.</article>
      <article number="ARTICLE 15" article_identifier="19651">1. The Community shall abolish on the date of entry into force of this Agreement the quantitative restrictions, and measures having equivalent effect, on imports of agricultural products originating in Slovenia. 


2. From the date of entry into force of this Agreement the Community shall apply to imports into its market of agricultural products originating in Slovenia the concessions listed in Annex VI. 


3. Slovenia shall abolish quantitative restrictions, and measures having equivalent effect, on imports of agricultural products originating in the Community on the date of entry into force of this Agreement. 


4. From the date of entry into force of this Agreement, Slovenia shall apply to imports into Slovenia of products originating in the Community the concessions listed in Annex VII. 


5. Taking account of the volume of trade in agricultural products between them, of its particular sensitivity, of the rules of the common agricultural policy of the Community, of the rules of the agricultural policy of Slovenia, and of the consequences of the multilateral trade negotiations under the GATT 1994 and WTO, the Community and Slovenia shall examine in the Cooperation Council, product-by-product and on an orderly and reciprocal basis, the opportunities for granting each other further concessions.</article>
      <article number="ARTICLE 16" article_identifier="19652">Notwithstanding other provisions of this Agreement, and in particular Article 25, if, given the particular sensitivity of the agricultural markets, imports of products originating in one of the two Parties, which are the subject of concessions granted pursuant to Article 15, cause serious disturbance to the markets in the other Party, both Parties shall enter into consultations immediately to find an appropriate solution. Pending such solution, the Party concerned may take the measures it deems necessary.</article>
    </chapter>
    <chapter number="CHAPTER III" name="Fisheries" chapter_identifier="2370">
      <article number="ARTICLE 17" article_identifier="19653">The provisions of this Chapter shall apply to fishery products originating in the Community and Slovenia which are covered by Regulation (EEC) No. 3759/92 on the common Organization of the market in fishery and aquaculture products.</article>
      <article number="ARTICLE 18" article_identifier="19654">1. The fishery products originating in Slovenia listed in Annex VIIIa shall be subject from the date of entry into force of this Agreement to the reduced customs duties provided for in that Annex. The provisions of Articles 15 and 16 shall apply mutatis mutandis to fishery products. 


2. The fishery products originating in the Community listed in Annex VIIIb shall be subject from the date of entry into force of this Agreement to the reduced customs duties provided for in that Annex. The provisions of Articles 15 and 16 shall apply mutatis mutandis to fishery products.</article>
    </chapter>
    <chapter number="CHAPTER IV" name="Common Provisions" chapter_identifier="2371">
      <article number="ARTICLE 19" article_identifier="19655">The provisions of this Chapter shall apply to trade in all products between the two Parties except where otherwise provided herein or in Protocols 1, 2 and 3.</article>
      <article number="ARTICLE 20" name="Standstill" article_identifier="19656">1. No new customs duties on imports or exports or charges having equivalent effect shall be introduced, nor shall those already applied be increased, in trade between the Community and Slovenia from the date of entry into force of this Agreement. 


2. No new quantitative restriction on imports or exports or measure having equivalent effect shall be introduced, nor shall those existing be made more restrictive, in trade between the Community and Slovenia from the date of entry into force of this Agreement. 


3. Without prejudice to the concessions granted under Article 15, the provisions of paragraphs 1 and 2 of this Article shall not restrict in any way the pursuit of the respective agricultural policies of Slovenia and the Community or the taking of any measures under those policies as far as the import regime in the Annexes VI and VII is not affected.</article>
      <article number="ARTICLE 21" name="Prohibition Of Fiscal Discrimination" article_identifier="19657">1. The Parties shall refrain from any measure or practice of an internal fiscal nature establishing, whether directly or indirectly, discrimination between the products of one Party and like products originating in the territory of the other Party. 


2. Products exported to the territory of one of the two Parties, may not benefit from repayment of internal indirect taxation in excess of the amount of indirect taxation imposed on them.</article>
      <article number="ARTICLE 22" name="Customs Unions, Free-Trade Areas, Cross-Border Arrangements" article_identifier="19658">1. This Agreement shall not preclude the maintenance or establishment of customs unions, free-trade areas or arrangements for frontier trade except insofar as they alter the trade arrangements provided for in this Agreement. This Agreement shall in particular not affect the implementation of the specific arrangements governing the movement of goods laid down in frontier agreements previously concluded between one or more Member States and the Socialist Federal Republic of Yugoslavia and succeeded to by the Republic of Slovenia. 


2. Consultations between the Parties shall take place within the Cooperation Council concerning agreements establishing such customs unions or free-trade areas and, where requested, on other major issues related to their respective trade policies towards third countries. In particular in the event of a third country acceding to the Community, such consultations shall take place so as to ensure that account is taken of the mutual interests of the Community and Slovenia stated in this Agreement.</article>
      <article number="ARTICLE 23" name="Exceptional Tariff Measures" article_identifier="19659">Exceptional measures or limited duration which derogate from the provisions of Article 5 and Article 20(1) may be taken by Slovenia in the form of increased customs duties. 

These measures may only concern infant industries, or certain sectors undergoing restructuring or facing serious difficulties, particularly where these difficulties produce major social problems. 

Customs duties introduced by these measures on imports into Slovenia of products originating in the Community may not exceed 25 per cent ad valorem and must maintain an element of preference for products originating in the Community. The total value of imports of the products which are subject to these measures may not exceed 15 per cent of total imports from the Community of industrial products as defined in Chapter I, during the last year for which statistics are available. 

The measures shall be applied for a period not exceeding five years unless a longer duration is authorized by the Cooperation Council. They shall cease to apply at the latest on the expiry of the transitional period. 

No such measures may be introduced in respect of a product if more than three years have elapsed since the elimination of all duties and quantitative restrictions or charges or measures having equivalent effect concerning that product. 

Slovenia shall inform the Cooperation Council of any exceptional measures it intends to adopt and, at the request of the Community, consultations shall be held in the Cooperation Council on such measures and the sectors to which they apply before they are put into effect. When adopting such measures, Slovenia shall provide the Cooperation Council with a schedule for the elimination of the customs duties introduced under this Article. This schedule shall provide for a phasing-out of these duties at equal annual rates starting at the latest two years after their introduction. The Cooperation Council may decide on a different schedule.</article>
      <article number="ARTICLE 24" name="Dumping" article_identifier="19660">If one of the Parties finds that dumping is taking place in trade with the other Party within the meaning of Article VI of the GATT 1994, it may take appropriate measures against this practice in accordance with the Agreement on Implementation of Article VI of the GATT 1994, its own related internal legislation and the conditions and procedures laid down in Article 28.</article>
      <article number="ARTICLE 25" name="General Safeguard Clause" article_identifier="19661">Where any product is being imported in such increased quantities and under such conditions as to cause or threaten to cause: 

serious injury to domestic producers of like or directly competing products in the territory of one of the contracting Parties; or 

serious disturbances in any sector of the economy or difficulties which could bring about serious deterioration in the economic situation of a region, 

the Community or Slovenia, whichever is concerned, may take appropriate measures under the conditions and in accordance with the procedures laid down in Article 28.</article>
      <article number="ARTICLE 26" name="Shortage Clause" article_identifier="19662">Where compliance with Articles 8 and 20 leads to: 

re-export to a third country of a product in respect of which the exporting Party maintains quantitative export restrictions, export duties or measures or charges having equivalent effect, or 

a serious shortage, or threat thereof, of a product essential to the exporting Party, 

and where the situation described above give rise, or are likely to give rise, to major difficulties for the exporting Party, that Party may take appropriate measures under the conditions and in accordance with the procedures laid down in Article 28. The measures shall be non-discriminatory and shall be abolished when conditions no longer justify their maintenance.</article>
      <article number="ARTICLE 27" name="State Monopolies" article_identifier="19663">The Member States and Slovenia shall progressively adjust any State monopolies of a commercial character so as to ensure that, by the end of the fourth year following the entry into force of this Agreement, no discrimination regarding the conditions under which goods are procured and marketed exists between nationals of the Member States and of Slovenia. The Cooperation Council will be informed about the measures adopted to attain this objective.</article>
      <article number="ARTICLE 28" name="Procedures" article_identifier="19664">1. In the event of the Community or Slovenia subjecting imports of products liable to give rise to the difficulties referred to in Article 25 to an administrative procedure having as its purpose the rapid provision of information on the trend of trade flows, it shall inform the other Party. 


2. In the cases specified in Articles 24, 25 and 26, before taking the measures provided for therein or, in cases to which paragraph 3(d) applies, as soon as possible, the Community or Slovenia, as the case may be, shall supply the Cooperation Council with all relevant information, with a view to seeking a solution acceptable to the two Parties. 
In the selection of measures, priority must be given to those which least disturb the functioning of this Agreement. 

The safeguard measures shall be notified immediately to the Cooperation Council and shall be the subject of periodic consultations within that body, notably with a view to establishing a timetable for their abolition as soon as circumstances permit. 

3. 	For the implementation of paragraph 2, the following provisions shall apply: 


(a) 	AsregardsArticle25,thedifficultiesarisingfromthesituationreferredtointhatArticle shall be referred for examination to the Cooperation Council, which may take any decision needed to put an end to such difficulties. 

If the Cooperation Council or the exporting Party has not taken a decision putting an end to the difficulties or no other satisfactory solution has been reached within thirty days of the matter being referred, the importing Party may adopt the appropriate measures to remedy the problem. These measures must not exceed the scope of what is necessary to remedy the difficulties which have arisen. 

(b) 	As regards Article 24, the Cooperation Council shall be informed of the instance of dumping as soon as the authorities of the importing Party have initiated an investigation. Where no end has been put to the dumping within the meaning of Article VI of the GATT 1994 or no other satisfactory solution has been reached within thirty days of the matter being referred to the Cooperation Council, the importing Party may adopt the appropriate measures. 


(c) 	As regards Article 26, the difficulties arising from the situations referred to in that Article shall be referred for examination to the Cooperation Council. 

The Cooperation Council may take any decision needed to put an end to the difficulties. If it has not taken such a decision within thirty days of the matter being referred to it, the exporting Party may apply appropriate measures to the export of the product concerned. 

(d) 	Where exceptional circumstances requiring immediate action make prior information or examination, as the case may be, impossible, the Community or Slovenia whichever is concerned may, in the situations specified in Articles 24, 25 and 26, apply forthwith the safeguard measures strictly necessary to deal with the situation and inform the Cooperation Council immediately.</article>
      <article number="ARTICLE 29" article_identifier="19665">Protocol 4 lays down rules of origin for the application of tariff preferences provided for in this Agreement.</article>
      <article number="ARTICLE 30" name="Restrictions Authorized" article_identifier="19666">This Agreement shall not preclude prohibitions or restrictions on imports, exports or goods in transit justified on grounds of public morality, public policy or public security; the protection of health and life of humans, animals or plants; the protection of exhaustible natural resources; the protection of national treasures of artistic, historic or archaeological value or the protection of intellectual, industrial and commercial property, or rules relating to gold and silver. Such prohibitions or restrictions shall not, however, constitute a means of arbitrary discrimination or a disguised restriction on trade between the Parties.</article>
      <article number="ARTICLE 31" article_identifier="19667">The application of this Agreement shall be without prejudice to Council Regulation (EEC) No. 1911/91 of 26 June 1991 on the application of the provisions of Community law to the Canary Islands.</article>
    </chapter>
    <chapter number="TITLE III" name="Payments, Competition And Other Economic Provisions" chapter_identifier="2372">
      <article number="ARTICLE 32" article_identifier="19668">The Parties undertake to authorize, in freely convertible currency, any payments on the balance of payments current account to the extent that the transactions underlying the payments concern movements of goods, services or persons between the Parties which have been liberalized pursuant to this Agreement.</article>
      <article number="ARTICLE 33" article_identifier="19669">1. The following are incompatible with the proper functioning of this Agreement, insofar as they may affect trade between the Community and Slovenia: 


(i) 	all agreements between undertakings, decisions by associations of undertakings and concerted practices between undertakings which have as their object or effect the prevention, restriction or distortion of competition; 


(ii) 	abuse by one or more undertakings of a dominant position in the territories of the Community or of Slovenia as a whole or in a substantial part thereof; 
(iii) 	any public aid which distorts or threatens to distort competition by favouring certain undertakings or certain products. 


2. Any practices contrary to this Article shall be assessed on the basis of criteria arising from the application of the rules of Articles 85, 86 and 92 of the Treaty establishing the European Community. 


3. The Cooperation Council shall, within three years of the entry into force of this Agreement, adopt the necessary rules for the implementation of paragraphs 1 and 2. Until the implementing rules are adopted, practices incompatible with paragraph 1 shall be dealt with by the Parties on their respective territories according to their respective legislation. This shall be without prejudice to paragraph 6. 


4. 	(a) For the purposes of applying the provisions of paragraph 1(iii), the Parties recognize that during the first four years after the entry into force of this Agreement, any public aid granted by Slovenia shall be assessed taking into account the fact that Slovenia shall be regarded as an area identical to those areas of the Community described in Article 92(3)(a) of the Treaty establishing the European Community. The Cooperation Council shall, taking into account the economic situation of Slovenia, decide whether that period should be extended by further periods of four years. 

(b) 	Each Party shall ensure transparency in the area of public aid, inter alia, by reporting annually to the other Party on the total amount and the distribution of the aid given and by providing, upon request, information on aid schemes. Upon request by one Party, the other Party shall provide information on particular individual cases of public aid. 

5. With regard to products referred to in Chapters II and III of Title II: 
-paragraph 1(iii) shall not apply; 

-any practices contrary to paragraph 1(i) must be assessed according to the criteria established by the Community on the basis of Articles 42 and 43 of the Treaty establishing the European Community and in particular of those established in Council Regulation No. 26/1962. 

6. If the Community or Slovenia considers that a particular practice is incompatible with the terms of paragraph 1, and: 

-is not adequately dealt with under the implementing rules referred to in paragraph 3; or 

-in the absence of such rules, and if such practice causes or threatens to cause serious injury to the interests of the other Party or material injury to its domestic industry, including its services industry, 

it may take appropriate measures after consultation within the Cooperation Council or after thirty working days following referral for such consultation. 

In the case of practices incompatible with paragraph 1(iii), such appropriate measures may, where the WTO Agreement applies thereto, only be adopted in accordance with the procedures and under theconditions laiddown by therebyand anyother relevantinstrument negotiatedunder itsauspices which are applicable between the Parties. 


7. Notwithstanding any provisions to the contrary adopted in accordance with paragraph 3, the Parties shall exchange information taking into account the limitations imposed by the requirements of professional and business confidentiality. 


8. This Article shall not apply to the products covered by the Treaty establishing the European Coal and Steel Community which are the subject of Protocol 2.</article>
      <article number="ARTICLE 34" article_identifier="19670">1. The Parties shall endeavour wherever possible to avoid the imposition of restrictive measures, including measures relating to imports for balance of payments purposes. A Party adopting such measures shall present as soon as possible to the other Party a timetable for their removal. 


2. Where one or more Member States of the Community or Slovenia is in serious balance of payments difficulties, or under imminent threat thereof, the Community or Slovenia, as the case may be, may, in accordance with the conditions established under the WTO Agreement, adopt restrictive measures, including measures relating to imports, which shall be of limited duration and may not go beyond what is strictly necessary to remedy the balance of payments situation. The Community or Slovenia, as the case may be, shall inform the other Party forthwith. 


3. Any restrictive measures shall not apply to transfers related to investment and in particular to the repatriation of amounts invested or reinvested or any kind of revenues stemming therefrom.</article>
      <article number="ARTICLE 35" article_identifier="19671">With regard to public undertakings, and undertakings to which special or exclusive rights have been granted, the Cooperation Council shall ensure that as from the third year following the date of entry into force of this Agreement, the principles of the Treaty establishing the European Community, in particular Article 90 thereof, and the principles of the concluding document of the April 1990 Bonn meeting of the Conference on Security and Cooperation in Europe, in particular entrepreneurs' freedom of decision, are upheld.</article>
      <article number="ARTICLE 36" article_identifier="19672">1. Pursuant to the provisions of this Article and Annex X, the Parties confirm the importance that they attach to ensure adequate and effective protection and enforcement of intellectual, industrial and commercial property rights. 


2. By the end of the third year after the entry into force of this agreement, and in any case from the entry into force of the Europe Agreement, Slovenia shall protect intellectual, industrial and commercial property rights at a level of protection similar to that provided in the Community by Community acts, in particular the ones referred to in Annex X, including effective means of enforcing such rights.</article>
      <article number="ARTICLE 37" article_identifier="19673">Mutual assistance between administrative authorities in customs matters of the Parties shall take place in accordance with the provisions of Protocol 5.</article>
    </chapter>
    <chapter number="TITLE IV" name="Institutional, General And Final Provisions" chapter_identifier="2373">
      <article number="ARTICLE 38" article_identifier="19674">The Cooperation Council set up by the Cooperation Agreement signed between the European Economic Community and Slovenia on 5 April 1993 shall perform the duties assigned to it by this Agreement.</article>
      <article number="ARTICLE 39" article_identifier="19675">The Cooperation Council shall, for the purpose of attaining the objectives of this Agreement, have the power to take decisions in the cases provided for therein. The decisions taken shall be binding on the Parties, which shall take the measures necessary to implement the decisions taken. The Cooperation Council may also make appropriate recommendations. 

It shall draw up its decisions and recommendations by agreement between the two Parties. 


1. The Cooperation Council shall be assisted in the performance of its duties by a Joint Committee composed of representatives of the Community, on the one hand, and of representatives of the Government of Slovenia, on the other, normally at senior civil servant level. 


2. The Cooperation Council may delegate to the Joint Committee any of its powers. In this event the Joint Committee shall take its decisions in accordance with the conditions laid down in paragraph 1 of this Article. 


3. The Joint Committee shall, as necessary, adopt its own rules of procedure. The Joint Committee shall meet for the first time within 3 months after the entry into force of the Agreement, thereafter the Committee will meet once a year. Special meetings may be convened by mutual agreement, at the request of either Party. The Joint Committee shall be chaired alternatively by each of the Parties. Wherever possible, the agenda for meetings of the Joint Committee shall be agreed beforehand. 
The duties of the Joint Committee shall include the preparation of meetings of the Cooperation Council.</article>
      <article number="ARTICLE 40" article_identifier="19676">1. Each of the two Parties may refer to the Cooperation Council any dispute relating to the application or interpretation of this Agreement. 


2. 	The Cooperation Council may settle the dispute by means of a decision. 


3. Each Party shall be bound to take the measures involved in carrying out the decision referred to in paragraph 2. 


4. In the event of it not being possible to settle the dispute in accordance with paragraph 2, either Party may notify the other of the appointment of an arbitrator; the other Party must then appoint a second arbitrator within two months. For the application of this procedure, the Community and the Member States shall be deemed to be one party to the dispute. 
The Cooperation Council shall appoint a third arbitrator. 

The arbitrators' decisions shall be taken by majority vote. 

Each Party to the dispute must take the steps required to implement the decision of the arbitrators.</article>
      <article number="ARTICLE 41" article_identifier="19677">Within the scope of this Agreement, each Party undertakes to ensure that natural and legal persons of the other Party have access free of discrimination in relation to its own nationals to the competent courts and administrative organs of the Parties to defend their individual rights and their property rights, including those concerning intellectual, industrial and commercial property.</article>
      <article number="ARTICLE 42" article_identifier="19678">Nothing in this Agreement shall prevent a Party from taking any measures: 


(a) 	which it considers necessary to prevent the disclosure of information contrary to its essential security interests; 


(b) 	which relate to the production of, or trade in, arms, munitions or war materials or to research, development or production indispensable for defence purposes, provided that such measures do not impair the conditions of competition in respect of products not intended for specifically military purposes; 


(c) 	which it considers essential to its own security in the event of serious internal disturbances affecting the maintenance of law and order, in time of war or serious 
international tension constituting threat of war or in order to carry out obligations it has accepted for the purpose of maintaining peace and international security.</article>
      <article number="ARTICLE 43" article_identifier="19679">1. In the fields covered by this Agreement and without prejudice to any special provisions contained therein: 

-the arrangements applied by Slovenia in respect of the Community shall not give rise to any discrimination between the Member States, their nationals, or their companies or firms; 

-the arrangements applied by the Community in respect of Slovenia shall not give rise to any discrimination between Slovenian nationals or its companies or firms. 

2. The provisions of paragraph 1 shall be without prejudice to the right of the Parties to apply the relevant provisions oftheir fiscal legislation to taxpayers who are not in identical situations as regards their place of residence.</article>
      <article number="ARTICLE 44" article_identifier="19680">Products originating in Slovenia shall not receive more favourable treatment when imported into the Community than that applied by Member States among themselves.</article>
      <article number="ARTICLE 45" article_identifier="19681">1. The Parties shall take any general or specific measures required to fulfil their obligations under this Agreement. They shall see to it that the objectives set out in this Agreement are attained. 


2. If either Party considers that the other Party has failed to fulfil an obligation under this Agreement, it may take appropriate measures. Before so doing, except in cases of special urgency, itshallsupply theCooperation Council withall relevantinformationrequiredfor athorough examination of the situation with a view to seeking a solution acceptable to the Parties. 
In the selection of measures, priority must be given to those which least disturb the functioning of this Agreement. These measures shall be notified immediately to the Cooperation Council and shall be the subject of consultations within the Cooperation Council if the other Party so requests.</article>
      <article number="ARTICLE 46" article_identifier="19682">Protocols 1, 2, 3, 4, 5 and 6 and Annexes I to VIIIb, X et XII shall form an integral part of this Agreement.</article>
      <article number="ARTICLE 47" article_identifier="19683">This Agreement shall be applicable until the entry into force of the Europe Agreement signed in Luxembourg on 10 June 1996. 

Either Party may denounce this Agreement by notifying the other Party. This Agreement shall cease to apply six months after the date of such notification.</article>
      <article number="ARTICLE 48" article_identifier="19684">This Agreement shall apply, on the one hand, to the territories in which the Treaties establishing the European Community, the European Atomic Energy Community, and the European Coal and Steel Community are applied and under the conditions laid down in those Treaties, and to the territory of Slovenia on the other.</article>
      <article number="ARTICLE 49" article_identifier="19685">This Agreement is drawn up in duplicate in the Danish, Dutch, English, Finnish, French, German, Greek, Italian, Portuguese, Spanish, Swedish and Slovenian languages, each of these texts being equally authentic.</article>
      <article number="ARTICLE 50" article_identifier="19686">This Agreement shall be approved by the Parties in accordance with their own procedures. 

This Agreement shall enter into force on the first day of the second month following the date on which the Parties notify each other that the procedures referred to have been completed. 

Upon its entry into force, Articles 14 to 34 of the Cooperation Agreement between the European Economic Community and the Republic of Slovenia signed in Luxembourg on 5 April 1993 shall be suspended.</article>
      <article number="ARTICLE 51" article_identifier="19687">1. In the event that this Agreement enters into force on or after 1 January 1997, for the purposes of Title III and Protocols 1 to 6 of this Agreement, the term "date of entry into force of this Agreement" shall mean: 

-the date of entry into force of the Interim Agreement in relation to obligations taking effect on that date, and 

-1 January of the year of entry into force in relation to obligations taking effect after the date of entry into force by reference to the date of entry into force. 

2. In the case of entry into force after 1 January in any year, the provisions of Protocol 6 shall apply.</article>
    </chapter>
  </body>
</treaty>
