<?xml version="1.0" encoding="UTF-8"?>
<treaty>
  <meta>
    <name>EC - Malta Association Agreement</name>
    <type>Customs Union</type>
    <wto_rta_id>259</wto_rta_id>
    <treaty_identifier>226</treaty_identifier>
    <status>Inactive</status>
    <notification>GATT Art. XXIV</notification>
    <date_signed>1970-12-05</date_signed>
    <date_into_force>1971-04-01</date_into_force>
    <date_notification>1971-03-24</date_notification>
    <end_implementation/>
    <date_inactive>2004-05-01</date_inactive>
    <parties_original>
      <partyisocode n="1">BEL</partyisocode>
      <partyisocode n="2">DEU</partyisocode>
      <partyisocode n="3">FRA</partyisocode>
      <partyisocode n="4">ITA</partyisocode>
      <partyisocode n="5">LUX</partyisocode>
      <partyisocode n="6">MLT</partyisocode>
      <partyisocode n="7">NLD</partyisocode>
    </parties_original>
    <parties>
      <partyisocode n="1"/>
    </parties>
    <composition>Plurilateral</composition>
    <region>Europe</region>
    <parties_wto>Yes</parties_wto>
    <crossregional>No</crossregional>
    <language>en</language>
    <source lang="en" type="full text">http://sul-derivatives.stanford.edu/derivative?CSNID=90840158&amp;mediaType=application/pdf</source>
  </meta>
  <body>
    <chapter name="Preamble" chapter_identifier="2273">
      <article number="ARTICLE 1" article_identifier="18895">By this Agreement, an Association is established between the European 
Economic Community and Malta.</article>
      <article number="ARTICLE 2" article_identifier="18896">1. The aim of the Agreement is progressively to eliminate obstacles as regards 
the main body of trade between the European Economic Community and Malta and 
thus to contribute to the development of international trade. 



2. The Agreement provides for two successive stages, the first being of five 
years' duration and the second, in principle, of five years. 



3. Negotiations are provided for during the eighteen months preceding the expiry 
of the first stage, with a view to defiling the content of the second stage, 
providing for a further elimination of obstacles to trade between the European 
Economic Community and Malta and the adoption by Malta of the Common Customs 
Tariff. 



4. The first stage shall be governed by the provisions set forth hereinafter.</article>
    </chapter>
    <chapter number="TITLE I" name="Trade" chapter_identifier="2274">
      <article number="ARTICLE 3" article_identifier="18897">1. Products originating in Malta, shall, on importation into the Community,
benefit from the provisions set forth in .Annex I. 



2. Products originating in the Community shall, on importation into .Malta. 
benefit from the provisions set forth in Annex II. 



3. The Contracting Parties shall take all appropriate measures, whether general 
or particular, to ensure fulfilment of the obligations arising out of the Agreement. 

They shall refrain from any measure likely to jeopardise the achievement of 
the aims of the Agreement.</article>
      <article number="ARTICLE 4" article_identifier="18898">Any measure or practice of an internal fiscal nature establishing, whether 
directly or indirectly, a discrimination between the products of one Contracting 
Party and like products originating in the other Contracting Party shall be 
forbidden.</article>
      <article number="ARTICLE 5" article_identifier="18899">The rules governing trade applied by Malta to products originating in. or 
exported to the Community may not give rise to any discrimination between the 


Member States, or between nationals or companies of these States. 


The rules governing trade applied by the Community-to products originating
in or exported to Malta may not give rise to any discrimination between Maltese 
nationals or companies.</article>
      <article number="ARTICLE 6" article_identifier="18900">To the extent that export duties are levied on products of one Contracting
Party exported to the other Contracting Party, such duties shall not be higher
than those applicable to products exported to the most favoured third country.</article>
      <article number="ARTICLE 7" article_identifier="18901">The provisions set forth in the Protocol shall determine the rules of 
origin to be applied to the products covered by the Agreement.</article>
      <article number="ARTICLE 8" article_identifier="18902">1. If one of the Contracting Parties finds that dumping is being practised in 
its relations with the other Contracting Party, it may, following consultations 


within the Council of Association, have recourse to protective measures against
such practices, in accordance with the provisions of the Agreement relating to 
the application of Article VI of the General Agreement on Tariffs and Trade. 


In case of urgency, such Contracting Party may, after having informed the 
Council of Association, take the provisional measures provided for in the said 
Agreement. Consultations shall be held on such measures not later than two weeks 
after their implementation. 


2. In the event of measures being taken against drawbacks and subsidies, the 


Contracting Parties undertake to comply with the provisions of Article VI of the 
General Agreement on Tariffs and Trade. 


3. Any dumping practices, drawbacks or subsidies which have been ascertained,


and any measures taken against them, shall, at the request of one of the 
Contracting Parties, give rise to consultations within the Council of Association 
at three-monthly intervals.</article>
      <article number="ARTICLE 9" article_identifier="18903">Payments relating to trade in goods, and the transfer of such payments to 
the Member State in which the creditor is resident, or to Malta, shall be free 
from any restrictions, to the extent that such transactions fall within the 
provisions of this Agreement.</article>
      <article number="ARTICLE 10" article_identifier="18904">1. If serious disturbances occur in a sector of Malta's economic activity or 
jeopardise its external financial stability, or if difficulties arise which result 
in the deterioration of the economic situation of any area of Malta, Malta may 
take the necessary safeguard measures. 


Such measures and the procedures for applying them shall be notified to the 
Council of Association without delay. 


2. If serious disturbances occur in a sector of the economic activity of the 
Community or of one or more of its memberr States, or jeopardise their external 
financial stability, or of difficulties arise which result in the deterioration 
of the economic situation of any area of the Community, the Community may take, 
or may authorise the Member State or States concerned to take, the necessary 
safeguard measures. 


Such measures and the procedures for applying them shall be notified to the 
Council of Association without delay. 



3. For the purpose of implementing paragraphs 1 and 2 above, the measures 
selected must, as a matter of priority, be such as would least disturb the 
functioning of the regime established by this Agreement. Such measures shall not 
exceed the limits of what is strictly necessary to remedy the difficulties that 
have arisen. 



4. Consultations may be held within the Council of Association concerning 
measures taken pursuant to paragraphs 1 and 2.</article>
      <article number="ARTICLE 11" article_identifier="18905">The provisions of this Agreement shall not preclude prohibitions or 
restrictions on imports, exports or goods in transit justified on grounds of 
public morality, public policy, public security, the protection of health and life 
of humans, animals or plants, the protection of national treasures possessing 
artistic, historic, or archaelogical value, or the protection of industrial or 
commercial property. However, such prohibitions or restrictions shall not 
constitute a means of arbitrary discrimination or a disguised restriction on 
trade.</article>
    </chapter>
    <chapter number="TITLE II" name="General And Final Provisions" chapter_identifier="2275">
      <article number="ARTICLE 12" article_identifier="18906">1. A Council of association is hereby established, which shall be responsible 
for the administration of this Agreement and shall supervise its implementation. 
For this purpose, it shall make recommendations, and shall take decisions in the 
cases provided for under Title II. 



2. The Contracting Parties shall keep each other informed and, at the request 
of either Party, shall hold consultations within the Council of Association with 
a view to the proper implementation of this Agreement. 



3. The Council of Association shall lay down its rules of procedure in a 
Decision.</article>
      <article number="ARTICLE 13" article_identifier="18907">1. The Council of Association shall consist of the members of the Council and 
members of the Commission of the European Communities, on the one hand, and of 
members of the Government of Malta, on the other. 


Members of the Council of Association may arrange to be represented, in 
accordance with the conditions to be laid down in the rules of procedure. 


2. The Council of Association shall take its decisions by common agreement.</article>
      <article number="ARTICLE 14" article_identifier="18908">1. The Council of Association shall be presided in turn by each of the Contracting 
Parties, in accordance with the provisions to be adopted in the rules of procedure 
of the Council of Association. 



2. Meetings of the Council of Association shall be convened once a year by its 
President. 

The Council of Association shall, in addition, meet whenever circumstances 
so require, at the request of either of the Contracting Parties, in accordance 
with the conditions to be laid down in its rules of procedure. 


3. The Council of Association may decide to set up any committee that can assist 
it in the discharge of its tasks. 


In its rules of procedure, the Council of association shall determine the 
composition and duties of such committee and how they shall function.</article>
      <article number="ARTICLE 15" article_identifier="18909">This agreement may be denounced by either Contracting Party, subject to six 
months' notice in advance being given.</article>
      <article number="ARTICLE 16" article_identifier="18910">1. This Agreement shall apply on the one hand, to the European territories to 
which the Treaty establishing the Duropean Economic Community applies, and, on 
the other hand, to the territory of the Maltese Islands. 


2. The Agreement shall also apply to the French Overseas Departments in the 


sectors of this Agreement corresponding to those mentioned in Article 227 (2),
first paragraph, of the Treaty establishing the European Economic Community. 


The conditions governing the application to the said Departments of the 
provisions of this Agreement relating to other sectors, shall be determined at a 
later date by agreement between the Contracting Parties.</article>
      <article number="ARTICLE 17" article_identifier="18911">Annexes I and II and the Protocol shall form an integral part of this 
Agreement.</article>
      <article number="ARTICLE 18" article_identifier="18912">'This Agreement shall come into force on the first day of the month following 
the date on which the Contracting Parties have notified each other that the 
necessary procedures to this end have been completed.</article>
      <article number="ARTICLE 19" article_identifier="18913">This Agreement is drawn up in duplicate, in the English, German, French, 
Italian and Dutch languageseach of these texts being equally authentic.</article>
    </chapter>
    <chapter name="Conclusion" chapter_identifier="2276">
      <article article_identifier="18914">IN WITNESS WHEREOF, the undersigned Plenipotentiaries have affixed their 


signatures below this Agreement. 


Done at Valletta on this fifth day of December in the year one thousand, nine 


hundred and seventy. 


For the Government of Malta, 


Giorgio BORG OLIVIER 


For the Council of the European Conmunities, 


Sigismund von BRAUN 


Franco Maria MALFATI 


Provided that the Community shall be finally bound only after the other Contracting 
Party has been notified that the procedures required by the Treaty establishing
the European Economic Community, and, in particular, consultation of the 
European Parliament, have been completed.</article>
    </chapter>
  </body>
</treaty>
