<?xml version="1.0" encoding="UTF-8"?>
<treaty>
  <meta>
    <name>Gulf Cooperation Council (GCC)</name>
    <type>Customs Union</type>
    <wto_rta_id>316</wto_rta_id>
    <treaty_identifier>267</treaty_identifier>
    <status>Inactive</status>
    <notification>Enabling Clause</notification>
    <date_signed>1981-05-25</date_signed>
    <date_into_force>1982-01-01</date_into_force>
    <date_notification>1984-08-15</date_notification>
    <end_implementation/>
    <date_inactive>2003-01-01</date_inactive>
    <parties_original>
      <partyisocode n="1">ARE</partyisocode>
      <partyisocode n="2">BHR</partyisocode>
      <partyisocode n="3">KWT</partyisocode>
      <partyisocode n="4">OMN</partyisocode>
      <partyisocode n="5">QAT</partyisocode>
      <partyisocode n="6">SAU</partyisocode>
    </parties_original>
    <parties>
      <partyisocode n="1"/>
    </parties>
    <composition>Plurilateral</composition>
    <region>Middle East</region>
    <parties_wto>Yes</parties_wto>
    <crossregional>No</crossregional>
    <language>en</language>
    <source lang="en" type="full text">http://sul-derivatives.stanford.edu/derivative?CSNID=91110029&amp;mediaType=application/pdf</source>
  </meta>
  <body>
    <chapter name="Preamble" chapter_identifier="2478">
      <article article_identifier="20645">THE UNIFIED ECONOMIC AGREEMENT BETWEEN THE COUNTRIES OF THE GULF COOPERATION COUNCIL 

With the help of God the Almighty; The Governments of the Member States of the Arab Gulf Cooperation Council; In accordance with the Charter thereof, which calls for closer relations and stronger links; and , desiring to develop extend and enchance their economic ties on solid foundations, in the best interest of their peoples and for the sake of working to coordinate and standardize their economic, financial and monetary policies, as well as their commercial and industrial legislation, and Customs regulations have agreed as follows:</article>
    </chapter>
    <chapter number="CHAPTER ONE" name="Trade Exchange" chapter_identifier="2479">
      <article number="ARTICLE 1" article_identifier="20646">a. The Member States shall permit the importation and exportation of agricultural, animal, industrial and natural resource products that are of national origin. Also, they shall permit exportation thereof to other Member States. 


b. All agricultural, animal, industrial and natural resource products that are from Member States shall receive the same treatment as national products.</article>
      <article number="ARTICLE 2" article_identifier="20647">1. All agricultural, animal, industrial and natural resource products that are of national origin shall be exempted from reciprocal charges. 


2. Fees charged for specific services such as demurrage, storage, transportation, freight or unloading, shall not be considered as customs duties when they are levied on domestic products.</article>
      <article number="ARTICLE 3" article_identifier="20648">1. For products of national origin to qualify as national manufactured products, the value added ensuing from their production in Member States shall not be less than 40% of their final value as at the termination of the production phase. In addition Member States citizens' share in the ownership of the producing plant shall not be less than 51%. 


2. Every item enjoying exemption hereby shall be accompanied by a certificate of origin duly authenticated by the appropriate government agency concerned.</article>
      <article number="ARTICLE 4" article_identifier="20649">1. Member States shall established uniform minimum Customs tariff applicable t o the products of countries other than G.C.C. Member States. 


2. One of the objectives of the uniform Customs tariff shall be the protection of national products from foreign competition. 


3. The uniform Customs tariff shall be implemented gradually within five years from the date on which this agreement becomes effective. Arrangements for its gradual implementation shall be agreed upon within one year from the said date.</article>
      <article number="ARTICLE 5" article_identifier="20650">Member States shall grant all facilities for the transit of any Member State's goods t o other Member States, exempting them from all duties and taxes whoever, without prejudice to the provisions of Paragraph 2 of Article 2.</article>
      <article number="ARTICLE 6" article_identifier="20651">Transit shall be denied to any goods that are barred from entry into the territory of a Member State by its local regulations. Lists of such goods shall be exchanged between the Customs authorities of the Member States.</article>
      <article number="ARTICLE 7" article_identifier="20652">Member states shall coordinate their commercial policies and relations with other states and regional economic groupings and blocs with a view to creating balanced trade relations and equitable circumstances and terms of trade therewith. To achieve this goal, the Member States shall make the following arrangements: 


1. Coordination of import / export policies and regulations. 


2. Coordination of policies for building up strategic food stocks. 


3. Conclusion of collective economic agreements in cases where joint benefits t o Member States would be realized. 


4. Taking of action for the creation of collective negotiating power to strengthen their negotiating position vis-à-vis foreign parties in the field of importation of basic needs and exportation of major products.</article>
    </chapter>
    <chapter number="CHAPTER TWO" name="The Movement Of Capital And Individuals And The Exercise Of Economic Activities" chapter_identifier="2480">
      <article number="ARTICLE 8" article_identifier="20653">The Member States shall agree on executive principles to ensure that each Member State shall grant the citizens of all other Member States the same treatment as is granted to its own citizens without any discrimination of differentiation in the following fields: 


1. Freedom of movement, work and residence. 


2. Right of ownership, inheritance and bequest. 


3. Freedom of exercising economic activity. 


4. Free movement of capital.</article>
      <article number="ARTICLE 9" article_identifier="20654">The Member States shall encourage their respective private sectors to establish joint ventures in order to link their citizen's economic interests in various spheres of activity.</article>
    </chapter>
    <chapter number="CHAPTER THREE" name="Coordination Of Development" chapter_identifier="2481">
      <article number="ARTICLE 10" article_identifier="20655">The Member States shall endeavour to achieve the coordination and harmonization of their respective plans with a view to achieving integration in economic affairs:</article>
      <article number="ARTICLE 11" article_identifier="20656">1. The Member States shall endeavour to coordinate their policies with regard to all aspects of the oil industry including extraction, refining, marketing, processing, pricing, the exploitation of natural gas, and development of energy sources. 


2. The Member States shall endeavor to formulate united oil policies and adopt common positions vis-à-vis the outside world, and in international and specialized organizations.</article>
      <article number="ARTICLE 12" article_identifier="20657">To achieve the objectives specified in this Agreement, the Member States shall 


1. Coordinate industrial activities, formulate policies and mechanism which will lead to industrial development and the diversification of their products on an integrated basis. 


2. Standardize their industrial legislation and regulations and guide their local production units to meet their needs. 


3. Allocate industries between Member States according to relative advantages and economic feasibility, and encourage the establishment of basic as well as ancillary industries.</article>
      <article number="ARTICLE 13" article_identifier="20658">Within the framework of their coordinating activities, the Member States shall pay special attention to the establishment of joint ventures in the fields of industry, agriculture and services, and shall support them with public, private or mixed capital in order to achieve economic integration, productive interface, and common development on sound economic bases.</article>
    </chapter>
    <chapter number="CHAPTER FOUR" name="Technical Cooperation" chapter_identifier="2482">
      <article number="ARTICLE 15" article_identifier="20659">Member States shall establish procedures, make arrangement and lay down terms for the transfer of technology, selecting the most suitable or introducing such changes thereto as would serve their various needs. Member States shall also, whenever feasible, conclude uniform agreements with foreign governments and scientific or commercial organizations to achieve these objectives.</article>
      <article number="ARTICLE 16" article_identifier="20660">Members States shall formulate policies and implement coordinated programs for technical, vocational and professional training and qualification at all levels and stages. They shall also develop educational curricula at all levels to link education and technology with the development needs of the Member States.</article>
      <article number="ARTICLE 17" article_identifier="20661">Member States shall coordinate their manpower policies and shall formulate uniform and standardized criteria and classifications for the various categories of occupations and crafts in different sectors in order to avoid harmful competition among themselves and to optimize the utilization of available human resurces.</article>
    </chapter>
    <chapter number="CHAPTER FIVE" name="Transport And Communications" chapter_identifier="2483">
      <article number="ARTICLE 18" article_identifier="20662">Member States shall accord passenger and cargo transportation belonging to citizens of the other Member States, when transiting or entering its territory, the same treatment they accord to the means of passenger and cargo transportation belonging to their own citizens, including exemption from all duties and taxes, whatsoever. However, local means of transportation are excluded.</article>
      <article number="ARTICLE 19" article_identifier="20663">1. Member States shall cooperate in the fields of land and sea transportation, and communications. They shall also coordinate and establish infrastructure projects such as seaports, airports, water and power stations and roads, with a view to realizing joint economic development and the linking of their economic activities with each other. 


2. The contracting states shall coordinate aviation and air transport policies among them and promote all areas of joint action at various levels.</article>
      <article number="ARTICLE 20" article_identifier="20664">Member States shall allow steamers, ships and boats and their cargoes, belonging to any Member State freely to use the various port facilities and grant them the same treatment and privileges granted to their own in docking or calling at the ports as concerns fees, pilotage and docking services, freight, loading and unloading, maintenance, repair, storage of goods and other similar services.</article>
    </chapter>
    <chapter number="CHAPTER SIX" name="Financial And Monetary Cooperation" chapter_identifier="2484">
      <article number="ARTICLE 21" article_identifier="20665">Member States shall seek to unify investment rules and regulations in order to achieve a joint investment policy aimed at directing their domestic and foreign investments towards serving their interest, and realizing their peoples' aspirations for development and progress.</article>
      <article number="ARTICLE 22" article_identifier="20666">Member States shall seek to coordinate their financial, monetary and banking policies and enhance cooperation between monetary agencies and central banks, including the endevour to establish a joint currency in order to further their desired economic.</article>
      <article number="ARTICLE 23" article_identifier="20667">Member States shall seek to coordinate their external policies in the sphere of international and regional development aid.</article>
    </chapter>
    <chapter number="CHAPTER SEVEN" name="Closing Provisions" chapter_identifier="2485">
      <article number="ARTICLE 24" article_identifier="20668">In the execution of the Agreement and determination of the procedures resulting therefrom, consideration shall be given to differences in the levels of development as between Member States and the local development priorities of each. Any Member States may be temporarily exempted from applying such provisions of this Agreement as may be necessitated by temporary local situations in that state of specific circumstances faced by it. Such exemption shall be for a specified period and shall be the Supreme Council of the Cooperation Council of the Arab States of the Gulf.</article>
      <article number="ARTICLE 25" article_identifier="20669">No Member State shall grant any non-member state any preferential privilege exceeding that granted herein.</article>
      <article number="ARTICLE 26" article_identifier="20670">a. This Agreement shall enter into force four months after its approval by the Supreme Council. 


b. This Agreement may be amended by consent of the Supreme Council.</article>
      <article number="ARTICLE 27" article_identifier="20671">In case of conflict with local laws and regulations of Member States, execution of the 
provisions of this Agreement shall prevail.</article>
      <article number="ARTICLE 28" article_identifier="20672">Provisions herein shall supercede any similar provisions contained in bilateral agreements.</article>
    </chapter>
    <chapter name="Conclusion" chapter_identifier="2486">
      <article article_identifier="20673">Drawn up at Riyadh on 15 Muharram 1402, corresponding to 11 November 1981.</article>
    </chapter>
  </body>
</treaty>
