<?xml version="1.0" encoding="UTF-8"?>
<treaty>
  <meta>
    <name>EC - Spain Agreement of 1970</name>
    <type>Free Trade Agreement</type>
    <wto_rta_id>275</wto_rta_id>
    <treaty_identifier>237</treaty_identifier>
    <status>Inactive</status>
    <notification>GATT Art. XXIV</notification>
    <date_signed>1970-06-29</date_signed>
    <date_into_force>1970-10-01</date_into_force>
    <date_notification>1970-09-07</date_notification>
    <end_implementation/>
    <date_inactive>1986-01-01</date_inactive>
    <parties_original>
      <partyisocode n="1">BEL</partyisocode>
      <partyisocode n="2">DEU</partyisocode>
      <partyisocode n="3">ESP</partyisocode>
      <partyisocode n="4">FRA</partyisocode>
      <partyisocode n="5">ITA</partyisocode>
      <partyisocode n="6">LUX</partyisocode>
      <partyisocode n="7">NLD</partyisocode>
    </parties_original>
    <parties>
      <partyisocode n="1"/>
    </parties>
    <composition>Plurilateral</composition>
    <region>Europe</region>
    <parties_wto>Yes</parties_wto>
    <crossregional>No</crossregional>
    <language>en</language>
    <source lang="en" type="full text">http://sul-derivatives.stanford.edu/derivative?CSNID=90840001&amp;mediaType=application/pdf</source>
  </meta>
  <body>
    <chapter name="Preamble" chapter_identifier="2374">
      <article number="ARTICLE 1" article_identifier="19688">1. Obstacles to substantially all the trade between the European Economic 
Community and Spain shall be eliminated in two stages according to the procedure 
hereinafter prescribed. 



2. The first stage shall last at least six years. 



3. Passage from the first to the second stage shall be effected by agreement
between the Contracting Parties as and when the conditions are fulfilled. 



4. The first stage shall be governed by the provisions hereinafter set forth.</article>
    </chapter>
    <chapter number="PART I" chapter_identifier="2375">
      <article number="ARTICLE 2" article_identifier="19689">1. Products originating in Spain shall upon importation into the Community
benefit from the provisions set forth in Annex I. 



2. Products originating in the Community shall upon importation into Spain
benefit from the provisions set forth in Annex II. 



3. The Contracting Parties shall take all general or special measures calculated 
to ensure execution of the obligations arising out of the Agreement. 

They shell abstain from any action likely to jeopardize attainment of the 
aims of the Agreement.</article>
      <article number="ARTICLE 3" article_identifier="19690">Any measure or practice of an internal fiscal character that establishes, 
whether directly or indirectly, a discrimination as between the products of one 
Contracting Party and the like products originating in the other Contracting Party
shall be prohibited.</article>
      <article number="ARTICLE 4" article_identifier="19691">The trade regime applied by Spain to products originating in or consigned to 
the Community may not result in any discrimination between the member States, 
their nationals or their companies. 


The trade régime applied by the Community to products originating in or 
consigned to Spain may not result in any discrimination between Spanish nationals 
or companies.</article>
      <article number="ARTICLE 5" article_identifier="19692">Subject to special provisions in respect of frontier trade, the treatment 
accorded by Spain to products originating in the Community may in no case be 
less favourable than that accorded to products originating in the most-favoured 
third State.</article>
      <article number="ARTICLE 6" article_identifier="19693">To the extent that export duties are charged on the products of one 


Contracting Party when consigned to the other Contracting Party, those duties 


may not be in excess of those imposed on products consigned to the most-favoured 


third State.</article>
      <article number="ARTICLE 7" article_identifier="19694">The provisions of articles 5 and 6 shall not prevent the maintenance or 


establishment by Spain of customs unions or free-trade areas, to the extent that 


these do not have the effect of changing the trade regime, and in particular the 


provisions concerning rules of origin, provided for by the present Agreement.</article>
      <article number="ARTICLE 8" article_identifier="19695">The provisions set forth in the Protocol define the rules of origin
applicable to products covered by this Agreement.</article>
      <article number="ARTICLE 9" article_identifier="19696">1. A Contracting Party becoming aware of dumping practices in its relations 
with the other Contracting Party may, after consultation in the Joint Commission 
established by article 13, take measures of defence against such practices in 
accordance with the Agreement on implementation of Article VI of the General 
Agreement on Tariffs and Trade. 


In case of urgency the said Contracting Party may, after notifying the 
joint Commission, take the provisional measures prescribed by the said Agreement.
Consultations thereon shall be held not later than two weeks after the taking of 
the measures. 


2. In taking measures against bonuses and subsidiesthe Contracting Parties 


undertake to observe the provisions of Article VI of the General Agreement on 
Tariffs and Trade. 


3. Dumping practices, bonuses and subsidies observed and measures taken 


against them shall, at the request of one of the Contracting Parties, be the 
subject of consultations every three months in the Joint Commission.</article>
      <article number="ARTICLE 10" article_identifier="19697">Payments in respect of trade in goods and likewise the transfer of such 
payments to the member States in which the creditor resides or to Spain shall 
not be subject to any restriction to the extent that such trade falls within the 
purview of this Agreement.</article>
      <article number="ARTICLE 11" article_identifier="19698">1. If serious disturbances occur in a sector of Spain's economic activity or 
threaten its external financial stability, or if difficulties arise that have the 
effect of altering the economic situation of any area of Spain, the latter may


take the necessary safeguard measures. 


These measures and their implementing modalities shall be notified without 
delay to the Joint Commission. 


2. If serious disturbances occur in a sector of the economic activity of the 
Community or of one or more of the member States, or threaten their external 
financial stability, or if difficulties arise that have the effect of altering 
the economic situation of any area of the Community, the latter may take or 
authorize the member State or States concerned to take the necessary safeguard 
measures. 


These measures and their implementing modalities shall be notified without 
delay to the Joint Commission. 



3. For the implementation of the provisions of paragraphs 1 and 2, the measures 
selected must as a matter of priority be those causing the least possible 
disturbance in the functioning of the regime established by the Agreement. Those 
measures must not exceed what is strictly necessary to remedy the difficulties 
which have arisen. 



4. Consultations may take place in the Joint Commission on measures taken in 
pursuance of paragraphs 1 and 2.</article>
      <article number="ARTICLE 12" article_identifier="19699">The provisions of this Agreement shall not prevent prohibitions or 
restrictions being imposed on imports, exports or transit on the grounds of 
public morality, public order, public security, protection of human or animal 
life or health, the preservation of plant life, the protection of national 
treasures of artistic, historical or archaeological value, or the protection of 
industrial or commercial property. Such prohibitions or restrictions shall not, 
however, constitute either a means of arbitrary discrimination or a disguised 
restriction on trade.</article>
    </chapter>
    <chapter number="PART II" name="General And Final Provisions" chapter_identifier="2376">
      <article number="ARTICLE 13" article_identifier="19700">1. A Joint Commission is hereby established to administer this Agreement and 
ensure its proper execution. To this end it shall make recommendations; it 
shall take decisions in the cases provided for in this Part. 



2. The Contracting Parties agree to inform each other and, on request by 
either of them, to consult in the Joint Commissionwith a view to the proper 
implementation of this Agreement. 



3. The Joint Commission shall by decision establish its rules of procedure.</article>
      <article number="ARTICLE 14" article_identifier="19701">1. The Joint Commission shall consist, on the one hand, of representatives 
of the Community and, on the other hand, of representatives of Spain. 



2. The Joint Commission shall take its decisions by agreement.</article>
      <article number="ARTICLE 15" article_identifier="19702">1. The Joint Commission shall be presided over in turn by each Contracting 
Party in the conditions set forth in its rules of procedure. 



2. The Joint Commission shall be convened once a year by its Chairman. 

In addition, the Joint Commission shall meet whenever circumstances require, 
at the request of one of the Contracting Parties, in the conditions set forth 
in its rules of procedure. 


3. The Joint Commission may decide to set up any working party that can help 
it to discharge its tasks.</article>
      <article number="ARTICLE 16" article_identifier="19703">The Agreement may be denounced by either Contracting Party subject to six 
months' advance notice.</article>
      <article number="ARTICLE 17" article_identifier="19704">1. The present Agreement shall apply to the European territories in which the 
Treaty establishing the European Economic Community is in operation, on the one 
hand, and to the territory of Spain on the other hand. 



2. It shall also apply to the French overseas departments in the sectors 
covered by this Agreement corresponding to those listed in paragraph 2,
sub-paragraph 1 of Article 227 of the Treaty establishing the European Economic 


Community. 


The conditions governing the application to these departments of the provisions
of the Agreement concerning the other sectors shall be determined subsequently
by agreement between the Contracting Parties.</article>
      <article number="ARTICLE 18" article_identifier="19705">Annexes I and II, the lists contained therein, and the Protocol shall form 
an integral part of the Agreement.</article>
      <article number="ARTICLE 19" article_identifier="19706">The present Agreement shall come into force on the first day of the month 
following the date on which the Contracting Parties notify each other that the 
necessary procedures for this purpose have bean completed.</article>
      <article number="ARTICLE 20" article_identifier="19707">The present Agreement is drawn up in duplicate in.the German, French, 
Italian, Dutch and Spanish languages each text being equally authentic.</article>
    </chapter>
    <chapter name="Conclusion" chapter_identifier="2377">
      <article article_identifier="19708">IN FAITH WHEREOF the undersigned plenipotentiaries have attached their signatures 


to the present Agreement. 
Done at Luxembourg on the twenty-ninth day of June, and seventy. .. . 

one thousand nine hundred .... .. 
For the Council of the European Conimun.ties 




PierreeHARI4K Joan REY 


-Subject to the reservation that the European Economic Community shall be 
definitely committed only after the other Contracting Party has been notified 
of the completion of the procedures required by the Treaty establishing the 
European Economic Community. 


For the Head of the Spanish State, 


Gregorio LOPEZ BRAVO</article>
    </chapter>
  </body>
</treaty>
