<?xml version="1.0" encoding="UTF-8"?>
<treaty>
  <meta>
    <name>Poland - Latvia</name>
    <type>Free Trade Agreement</type>
    <wto_rta_id>338</wto_rta_id>
    <treaty_identifier>289</treaty_identifier>
    <status>Inactive</status>
    <notification>GATT Art. XXIV</notification>
    <date_signed>1997-04-28</date_signed>
    <date_into_force>1999-06-01</date_into_force>
    <date_notification>1999-09-29</date_notification>
    <end_implementation/>
    <date_inactive>2004-05-01</date_inactive>
    <parties_original>
      <partyisocode n="1">LVA</partyisocode>
      <partyisocode n="2">POL</partyisocode>
    </parties_original>
    <parties>
      <partyisocode n="1"/>
    </parties>
    <composition>Bilateral</composition>
    <region>Europe</region>
    <parties_wto>Yes</parties_wto>
    <crossregional>No</crossregional>
    <language>en</language>
    <source lang="en" type="full text">http://docsonline.wto.org/imrd/gen_redirectsearchdirect.asp?RN=0&amp;searchtype=browse&amp;query=@meta_Symbol"WT/REG80/1"&amp;language=1&amp;ct=DDFEnglish</source>
    <source lang="es" type="full text">http://docsonline.wto.org/imrd/gen_redirectsearchdirect.asp?RN=0&amp;searchtype=browse&amp;query=@meta_Symbol"WT/REG80/1"&amp;language=3&amp;ct=DDFSpanish</source>
    <source lang="fr" type="full text">http://docsonline.wto.org/imrd/gen_redirectsearchdirect.asp?RN=0&amp;searchtype=browse&amp;query=@meta_Symbol"WT/REG80/1"&amp;language=2&amp;ct=DDFFrench</source>
  </meta>
  <body>
    <chapter name="Preamble" chapter_identifier="2582">
      <article number="ARTICLE 1" name="Objectives" article_identifier="21461">1. The Parties shall gradually establish, during a transitional period ending at the latest on 1 January 2001, a free-trade area in accordance with the provisions of the present Agreement and in conformity with those of the General Agreement on Tariffs and Trade 1994, in particular Article XXIV of the GATT, and the Agreement establishing the World Trade Organization. 


2. 	The objectives of the present Agreement are: 


(i) 	to promote, through the expansion of mutual trade, the harmonious development of economic relations between the Parties and thus to foster the advance of their economic activity, the improvement of living and employment conditions, and increase of the productivity and financial stability; 


(ii) 	to provide fair conditions of competition in trade between the Parties; 
(iii) 	to contribute in this way, by removal of barriers to trade, to the harmonious development and expansion of the world trade.</article>
    </chapter>
    <chapter number="CHAPTER I" name="Industrial Products" chapter_identifier="2583">
      <article number="ARTICLE 2" name="Scope" article_identifier="21462">Provisions of this Chapter shall apply to industrial products originating in the Parties. For the purpose of this Agreement "industrial products" mean products falling within Chapters 25 to 97 of the Harmonized Commodity Description and Coding System, with the exception of the products listed in Annex I.</article>
      <article number="ARTICLE 3" name="Basic Duties" article_identifier="21463">1. For each product the basic duty to which the successive reductions set out in this Agreement are to be applied shall be the most-favoured-nation rate of duty applicable on 1 January 1997. 


2. If, after entry into force of the Agreement, any tariff reduction is applied on an erga omnes basis, in particular reductions resulting from the tariff agreement concluded as a result of the Uruguay Round of multilateral trade negotiations, such reduced duties shall replace the basic duties referred to in paragraph 1 as from the date when such reductions are applied. 


3. The reduced duties, calculated in accordance with paragraph 2, shall be applied rounded to the first decimal place. 


4. 	The Parties shall communicate to each other their respective customs duties.</article>
      <article number="ARTICLE 4" name="Customs Duties On Imports" article_identifier="21464">1. No new customs duties on imports shall be introduced, nor shall those already applied be increased, in trade between the Parties as from the entry into force of this Agreement. 


2. Customs duties on imports for products originating in the Parties shall be abolished in accordance with the provisions laid down in Protocol 1.</article>
      <article number="ARTICLE 5" name="Charges Having Equivalent Effect To Import Duties" article_identifier="21465">1. No new charges having an effect equivalent to customs duties on imports shall be introduced in trade between the Parties as from the entry into force of this Agreement. 


2. All charges having an effect equivalent to customs duties on imports shall be abolished on the date of the entry into force of this Agreement.</article>
      <article number="ARTICLE 6" name="Fiscal Duties" article_identifier="21466">The provisions of Article 4 shall also apply to customs duties of a fiscal nature.</article>
      <article number="ARTICLE 7" name="Customs Duties On Exports And Charges Having Equivalent Effect" article_identifier="21467">No customs duties on exports or charges having equivalent effect shall be applied in trade between the Parties as from the entry into force of this Agreement, except as provided for in Annex II.</article>
      <article number="ARTICLE 8" name="Quantitative Restrictions On Imports And Measures Having Equivalent Effect" article_identifier="21468">1. No new quantitative restrictions on imports or measures having equivalent effect shall be introduced in trade between the Parties as from the entry into force of this Agreement. 


2. All quantitative restrictions and measures having equivalent effect on imports of products originating in the Parties shall be abolished on the date of entry into force of the Agreement, except as provided for in Annex III.</article>
      <article number="ARTICLE 9" name="Quantitative Restrictions On Exports And Measures Having Equivalent Effect" article_identifier="21469">1. No new quantitative restrictions on exports or measures having equivalent effect shall be introduced in trade between the Parties as from the entry into force of this Agreement. 


2. All quantitative restrictions and measures having equivalent effect on exports of products originating in the Parties shall be abolished on the date of the entry into force of the Agreement, except as provided for in Annex IV.</article>
      <article number="ARTICLE 10" name="Information Procedure On Draft Technical Regulations" article_identifier="21470">1. The Parties shall notify each other, at the earliest practicable stage and in accordance with the provisions laid down in Annex V, of draft technical regulations and draft amendments thereto, which they intend to issue. 


2. The Joint Committee shall decide on the date of implementing the provisions of paragraph 1.</article>
    </chapter>
    <chapter number="CHAPTER II" name="Agricultural Products" chapter_identifier="2584">
      <article number="ARTICLE 11" name="Scope" article_identifier="21471">1. Provisions of this Chapter shall apply to agricultural products originating in the Parties to this Agreement. 


2. For the purpose of this Agreement "agricultural products" mean products falling within Chapter 1 to 24 of the Harmonized Commodity Description and Coding System and the products listed in Annex I.</article>
      <article number="ARTICLE 12" name="Exchange Of Concessions" article_identifier="21472">1. The Parties to this Agreement grant each other concessions specified in Protocol 2 in accordance with the provisions of this Chapter and those laid down in this Protocol. 


2. Taking account of: 
-the role of agriculture in their economies, 

-the development of trade in agricultural products between the Parties, 

-the particular sensitivity of the agricultural products, 

-the rules of their agricultural policies, 

-the consequences of the multilateral trade negotiations under the General Agreement 

on Tariffs and Trade and of the World Trade Organization, -the Parties shall examine the possibilities of granting each other further concessions.</article>
      <article number="ARTICLE 13" name="Concessions And Agricultural Policies" article_identifier="21473">1. Without prejudice to the concessions granted under Article 12, provisions of this Chapter shall not restrict in any way the pursuance of the respective agricultural policies of the Parties or application of any measures under such policies, including the implementation of the results of the Uruguay Round agreements. 


2. The Parties shall notify to the Joint Committee changes in their respective agricultural policies pursued or measures applied, which may affect conditions of agricultural trade among them as provided for in this Agreement.  On the request of a Party prompt consultations shall be held to examine the situation.</article>
      <article number="ARTICLE 14" name="Specific Safeguards" article_identifier="21474">Notwithstanding other provisions of this Agreement, and in particular Article 27, and given the particular sensitivity of the agricultural products, if imports of products originating in a Party, which are subject to concessions granted under this Agreement, cause serious disturbances to the markets of the other Party, the Party concerned shall immediately enter into consultations to find an appropriate solution. Pending such solution, the Party concerned may take measures it deems necessary.</article>
      <article number="ARTICLE 15" name="Sanitary And Phytosanitary Measures" article_identifier="21475">1. Measures concerning veterinary and phytosanitary control will be harmonized between the Parties on the ground of the European Union legislation. 


2. The Parties commit themselves not to introduce discriminatory or other unusual measures which would limit the flow of information, animals, plants or products. 


3. The Parties shall apply regulations provided for in the WTO Agreement on the Application of Sanitary and Phytosanitary Measures.</article>
    </chapter>
    <chapter number="CHAPTER III" name="General Provisions" chapter_identifier="2585">
      <article number="ARTICLE 16" name="Rules Of Origin And Co-Operation In Customs Administration" article_identifier="21476">1. Protocol 3 lays down the rules of origin and related methods of administrative co-operation. 


2. The Parties to this Agreement shall take appropriate measures, including regular reviews by the Joint Committee and arrangements for administrative co-operation, to ensure that the provisions of 
Protocol 3 and Articles 3 to 9, 12, 17, 27, 28 and 29 of the Agreement are effectively and harmoniously applied, and to reduce, as far as possible, the formalities imposed on trade, and to achieve mutually satisfactory solutions to any difficulties arising from the operation of those provisions.</article>
      <article number="ARTICLE 17" name="Internal Taxation" article_identifier="21477">1. The Parties to this Agreement shall refrain from any measure or practice of an internal fiscal nature establishing, whether directly or indirectly, discrimination between the products originating in the Parties. 


2. Exporters may not benefit from repayment of internal taxation in excess of the amount of direct or indirect taxation imposed on products exported to the territory of one of the Parties.</article>
      <article number="ARTICLE 18" name="General Exceptions" article_identifier="21478">This Agreement shall not preclude prohibitions or restrictions on imports, exports or goods in transit justified on grounds of public morality, public policy or public security; the protection of health and life of humans, animals or plants and environment; the protection of treasures of culture; the protection of intellectual property or rules relating to gold or silver or the conservation of exhaustible natural resources, if such measures are made effective in conjunction with restrictions on domestic production or consumption.  Such prohibitions or restrictions shall not, however, constitute a means of arbitrary discrimination or a disguised restriction on trade between the Parties.</article>
      <article number="ARTICLE 19" name="Security Exceptions" article_identifier="21479">1. Nothing in this Agreement shall prevent a Party from taking any measure which it considers necessary: 


(a) 	to prevent the disclosure of information contrary to its essential security interests; 


(b) 	for the protection of its essential security interests or for the implementation of international obligations or national policies: 


(i) 	relating to the traffic in arms, ammunition and implements of war, provided that such measures do not impair the conditions of competition in respect of products not intended for specifically military purposes, and to such traffic in other goods, materials and services, as is carried on directly or indirectly for the purpose of supplying a military establishment; or 


(ii) 	relating to the non-proliferation of biological and chemical weapons, nuclear weapons or other nuclear explosive devices; or 
(iii) 	taken in time of war or other serious international tension.</article>
      <article number="ARTICLE 20" name="State Monopolies" article_identifier="21480">1. The Parties shall adjust progressively any State monopoly of a commercial character so as to ensure that by the end of July 1, 1999 no discrimination regarding the conditions under which goods are procured and marketed exists between nationals of the Parties.  The Joint Committee will be informed about the measures adopted to implement this objective. 


2. The provisions of this Article shall apply to any body through which the competent authorities of the Parties, in law or in fact, either directly or indirectly supervise or determine principles or appreciably influence imports or exports between the Parties.  These provisions shall likewise apply to monopolies delegated by the State to other bodies.</article>
      <article number="ARTICLE 21" name="Payments" article_identifier="21481">1. Payments in freely convertible currencies relating to trade in goods between the Parties and the transfer of such payments to the territory of the Party to this Agreement, where the creditor resides, shall be free from any restrictions. 


2. The Parties shall refrain from any exchange or administrative restrictions on the grant, repayment or acceptance of short and medium-term credits to trade transactions in which a resident of a Party participates. 


3. Notwithstanding paragraph 2, the Parties reserve the right to apply exchange restrictions on the grant or acceptance of short and medium-term credits, related to trade in goods, to the extent permitted according to their status under the IMF, provided that these restrictions are applied in a non--discriminatory manner as regards the origin of the products and that they are not applied only to specific products or kind of products.  The restrictions shall be of limited duration and shall be eliminated when conditions no longer justify their maintenance.  The Parties shall promptly inform the Joint Committee of the introduction of such measures and of any changes therein.</article>
      <article number="ARTICLE 22" name="Rules Of Competition Concerning Undertakings" article_identifier="21482">1. The following are incompatible with the proper functioning of this Agreement in so far as they may negatively affect trade between the Parties: 


(a) 	all agreements between undertakings, decisions by associations of undertakings and concerted practices between undertakings, which have as their object or effect the prevention, restriction or distortion of competition; 


(b) 	abuse by one or more undertakings of a dominant position in the territories of the Parties as a whole or in a substantial part thereof. 

2. The provisions of paragraph 1 shall apply to the activities of all undertakings including public undertakings and undertakings to which the Parties grant special or exclusive rights. Undertakings entrusted with the operation of services of general economic interest or having the character of a revenue-producing monopoly, shall be subject to provisions of paragraph 1 insofar as the application 

of these provisions does not obstruct the performance, in law or fact, of the particular public tasks assigned to them. 

3. With regard to products referred to in Chapter II the provisions stipulated in paragraph 1 (a) shall not apply to such agreements, decisions and practices which form an integral part of a national market organization. 


4. If a Party considers that a given practice is incompatible with paragraphs 1, 2 and 3 of this Article, or if such practice causes or threatens to cause serious prejudice to the interest of that Party or material injury to its domestic industry, the Party concerned may take appropriate measures under the conditions and in accordance with the procedure laid down in Article 31.</article>
      <article number="ARTICLE 23" name="State Aid" article_identifier="21483">1. Any aid granted by a State being a Party to this Agreement or through State resources in any form whatsoever which distorts or threatens to distort competition by favouring certain undertakings or the production of certain goods shall, in so far as it may negatively affect trade between the Parties to this Agreement, be incompatible with the proper functioning of this Agreement. 


2. The provisions of paragraph 1 shall not apply to products referred to in Chapter II. 


3. The Joint Committee shall, within three years from the entry into force of this Agreement, adopt the criteria on the basis of which the practices contrary to paragraph 1 shall be assessed, as well as the rules for their implementation. 


4. The Parties shall ensure transparency in the area of state aid measures, by reporting annually to the Joint Committee on the total amount and the distribution of the aid given and by providing to the other Party, upon request, information on aid schemes and on particular individual cases of state aid. 


5. If a Party considers that a particular practice: 
-is incompatible with the terms of paragraph 1, and is not adequately dealt with under the implementing rules referred to in paragraph 3, or 

-in the absence of rules, referred to in paragraph 3, causes or threatens to cause serious 
prejudice to the interest of that Party or material injury to its domestic industry, 
-it may take appropriate measures under the conditions of and in accordance with the 


provisions laid down in Article 31. 

5. Such appropriate measures may only be taken in conformity with the procedures and under the conditions laid down by the General Agreement on Tariffs and Trade 1994 and by the Agreement establishing the World Trade Organization (Agreement on Subsidies and Countervailing Measures), and any other relevant instruments negotiated under their auspices, which are applicable between the Parties to the Agreement.</article>
      <article number="ARTICLE 24" name="Public Procurement" article_identifier="21484">1. The Parties consider the liberalization of their respective public procurement markets as an objective of this Agreement. 


2. The Parties shall progressively adjust their respective rules, conditions and practices concerning public procurement with a view to grant suppliers of the other Parties, at the latest by 1 January 2001, access to contract award procedures on their respective public procurement markets according to the provisions of the Agreement on Government Procurement in Annex IV to the Agreement establishing the World Trade Organization. 


3. The Joint Committee shall examine developments related to the achievement of the objectives of this Article and may recommend practical modalities of implementing the provisions of paragraph 2 of this Article, so as to ensure free access, transparency and full balance of rights and obligations. 


4. During the examination, referred to in paragraph 3 of this Article, the Joint Committee may consider, especially in the light of international regulations in this area, the possibility of extending the coverage and/or the degree of the market opening provided for in paragraph 2. 


5. The Parties shall endeavour to accede to the relevant Agreements negotiated under the auspices of the General Agreement on Tariffs and Trade 1994 and the Agreement establishing the World Trade Organization.</article>
      <article number="ARTICLE 25" name="Protection Of Intellectual Property" article_identifier="21485">1. Each Party shall recognize the copyright and neighboring rights to works to which citizens and institutions of the other Party, as well as their legal successors, are entitled, independently of the place of their first publication. Each Party shall ensure the protection of such rights on the same conditions as those created by its internal legislation with respect to its own citizens and institutions. Furthermore, the Parties undertake to respect mutually the copyright and neighbouring rights of their citizens and institutions in accordance with the standards binding in the European Union.  In particular, the Parties undertake to respect mutually the standards of protection provided for in the Berne and Rome Conventions. 


2. The Parties shall grant and ensure protection of intellectual property rights on a non-discriminatory basis, including measures for the grant and enforcement of such rights. Parties confirm their will to respect obligations and requirements arising from the WTO Agreement on Trade-Related Aspects of Intellectual Property Rights (TRIPS), as well as other agreements which are signed by both Parties, in particular the Paris Convention for the protection of industrial property (Stockholm Act, 1967). 


3. For the purpose of this Agreement "industrial property protection" includes in particular protection of patents, utility models, industrial designs, trade marks, geographical indications, topographies of integrated circuits, as well as undisclosed information (know-how). 


4. The Parties to this Agreement may conclude further agreements exceeding the requirements of this Agreement. 


5. The protection of topographies of integrated circuits, granted by a Party to this Agreement, shall be provided in accordance with the principles of the TRIPS Agreement. 


6. The Parties shall co-operate in matters of industrial property. They shall hold, upon request of a Party, expert consultations on these matters, in particular on activities relating to the existing or future international agreements on harmonization, administration and enforcement of industrial property rights, and on activities in international organizations, such as the World Intellectual 
Property Organization, World Trade Organization, as well as on relations of the Parties with third countries in matters concerning industrial property.</article>
      <article number="ARTICLE 26" name="Dumping" article_identifier="21486">If a Party to this Agreement finds that dumping within the meaning of Article VI of the GATT 1994 is taking place in trade relations governed by this Agreement, it may take appropriate measures against that practice in accordance with Article VI of the General Agreement on Tariffs and Trade 1994 and the WTO Agreement on Implementation of Article VI of the General Agreement on Tariffs and Trade 1994, under the conditions and in accordance with the procedure laid down in Article 31.</article>
      <article number="ARTICLE 27" name="General Safeguards" article_identifier="21487">1. Where any product is being imported in such increased quantities and under such conditions as to cause or threaten to cause: 


(a) 	serious injury to domestic producers of like or directly competitive products in the territory of the importing Party, or 


(b) 	serious disturbances in any related sector of the economy or difficulties which could bring about serious deterioration in the economic situation of a region, 
the Party concerned may take appropriate measures under the conditions and in accordance with the procedure laid down in Article 31 of the present Agreement, Article XIX of the General Agreement on Tariffs and Trade 1994 and the WTO Agreement on Safeguards.</article>
      <article number="ARTICLE 28" name="Structural Adjustment" article_identifier="21488">1. Exceptional measures of limited duration, which derogate from the provisions of Article 4, may be taken by any of the Parties in the form of increased customs duties. 


2. These measures may only concern infant industries or certain sectors undergoing restructuring or facing serious difficulties, particularly where these difficulties produce important social problems. 


3. Customs duties on imports applicable in the Party concerned to products originating in the other Party, introduced by these exceptional measures, may not exceed 25 per cent ad valorem and shall maintain an element of preference for products originating in the other Party.  The total value of imports of the products which are subject to these measures may not exceed 15 per cent of total imports of industrial products from the other Party as defined in Chapter I, during the last year for which statistics are available. 


4. These measures shall be applied for a period not exceeding four years unless a longer duration is authorized by the Joint Committee.  They shall cease to apply at the latest at the expiration of the transitional period. 


5. No such measures can be introduced in respect of a product if more than three years elapsed since the entry into force of this Agreement or since the elimination of all duties and quantitative restrictions or charges or measures having an equivalent effect concerning that product. 


6. The Party concerned shall inform the Joint Committee of any exceptional measures it intends to take and, at the request of the other Party, consultations shall be held in the Joint Committee on such measures and the sectors to which they apply before they are applied.  When taking such measures the Party concerned shall provide the Joint Committee with a schedule for the elimination of the customs duties introduced under this Article. This schedule shall provide for a phasing out of these duties starting at the latest two years after their introduction, at equal annual rates.  The Joint Committee may decide on a different schedule.</article>
      <article number="ARTICLE 29" name="Re-Export And Serious Shortage" article_identifier="21489">1. 	Where compliance with the provisions of Articles 7 and 9 leads to: 


(a) 	re-export towards a third country against which the exporting Party maintains for the product concerned quantitative export restrictions, export duties or measures or charges having equivalent effect; or 


(b) 	a serious shortage, or threat thereof, of a product essential to the exporting Party; 
and where the situations referred to above give rise or are likely to give rise to major difficulties for the exporting Party, that Party may take appropriate measures under the conditions and in accordance with the procedures laid down in Article 31.</article>
      <article number="ARTICLE 30" name="Fulfillment Of Obligations" article_identifier="21490">1. The Parties shall take any general or specific measures required to fulfil their obligations under the Agreement. They shall ensure to it that the objectives set out in the Agreement are achieved. 


2. If a Party considers that the other Party has failed to fulfil an obligation under this Agreement, the Party concerned may take appropriate measures in accordance with the procedure laid down in Article 31. 


3. No provision of this Agreement may be interpreted as exempting the Parties from their obligations under other international agreements, especially the General Agreement on Tariffs and Trade 1994 and the Agreement establishing the World Trade Organization.</article>
      <article number="ARTICLE 31" name="Procedure For The Application Of Safeguard Measures" article_identifier="21491">1. Before initiating the procedure for the application of safeguard measures set out in the following paragraphs of the present Article, the Parties shall endeavour to solve any differences between them through direct consultations. 


2. If a Party subjects imports of products liable to give rise to the situation referred to in Article 27 to an administrative procedure, the purpose of which is the rapid provision of information on the trend of trade flows, it shall inform the other Party. 


3. Without prejudice to paragraph 7 of the present Article, a Party which considers resorting to safeguard measures shall promptly notify the other Party thereof and supply all relevant information. Consultations between the Parties shall take place without delay with a view to finding a solution. 


4. 	(a) As regards Articles 26, 27 and 29, in case that a joint solution cannot be found or that the Parties cannot or do not meet within 30 days in order to consult each other, the Party concerned may adopt the measures necessary in order to remedy the situation, and notify the other Party. 


(b) 	As regards Article 30, the Party concerned may take appropriate measures after the consultations have been concluded or after a period of three months has elapsed from the date of the first notification to the other Party. 


(c) 	As regards Articles 22 and 23, the Party concerned may request from the other Party to eliminate the practice objected to. If the other Party fails to put an end to the practice objected to or if an agreement cannot be reached within 30 working days, the Party concerned may adopt appropriate countermeasures to deal with the difficulties resulting from the practice in question. 

5. The safeguard measures taken shall be notified immediately to the other Party.  They shall be limited with regard to their extent and to their duration to what is strictly necessary in order to rectify the situation giving rise to their application and shall not be in excess of the injury caused by the practice or the difficulty in question.  Priority shall be given to such measures as will least disturb the functioning of the Agreement. The measures taken by a Party against an action or an omission of another Party may only concern the trade with that Party. 


6. The safeguard measures taken shall be the object of periodic consultations with a view to their relaxation as soon as possible, or abolition when conditions no longer justify their maintenance. 


7. Where exceptional circumstances requiring immediate action make prior examination impossible, the Party concerned may, in the cases of Articles 26, 27 and 29, apply forthwith the provisional measures strictly necessary to remedy the situation.  The measures taken shall be notified without delay and consultations between the Parties shall take place as soon as possible. 


8. The measures taken shall be applied in accordance with the principles of the General Agreement on Tariffs and Trade 1994 and the Agreement establishing the World Trade Organization.</article>
      <article number="ARTICLE 32" name="Balance Of Payments Difficulties" article_identifier="21492">1. The Parties shall endeavor to avoid the imposition of restrictive measures including measures relating to imports for balance of payments purposes. 


2. Where one of the Parties is in serious balance of payments difficulties, or under imminent threat thereof, the Party concerned may, in accordance with the conditions established under the General Agreement on Tariffs and Trade 1994, adopt restrictive measures, including measures related to imports, which shall be of limited duration and may not go beyond what is necessary to remedy the balance of payments situation.  The measures shall be progressively relaxed as balance of payments 
conditions improve and they shall be eliminated when conditions no longer justify their maintenance. The Party shall inform the other Party forthwith of their introduction and, whenever practicable, of a time schedule for their removal.</article>
      <article number="ARTICLE 33" name="Evolutionary Clause" article_identifier="21493">1. Where a Party considers that it would be useful in the interests of the economies of the Parties to develop and deepen the relations established by the Agreement by extending them to fields not covered thereby, it shall submit a reasoned request to the other Party.  The Parties may instruct the Joint Committee to examine such a request and, where appropriate, to make recommendations, particularly with a view to opening negotiations. 


2. Agreements resulting from the procedure referred to in paragraph 1 will be subject to ratification or approval by the Parties in accordance with their internal legal procedures.</article>
      <article number="ARTICLE 34" name="The Joint Committee" article_identifier="21494">1. The Parties agree to set up the Joint Committee composed of representatives of the Parties. 


2. The implementation of this Agreement shall be supervised and administered by the Joint Committee. 


3. For the purpose of the proper implementation of the Agreement, the Parties shall exchange information and, at the request of any Party, shall hold consultations within the Joint Committee. The Committee shall keep under review the possibility of further removal of the obstacles to trade between the Parties. 


4. The Joint Committee may take decisions in cases provided for in this Agreement.  On other matters the Committee may make recommendations.</article>
      <article number="ARTICLE 35" name="Procedures Of The Joint Committee" article_identifier="21495">1. For the proper implementation of this Agreement the Joint Committee shall meet whenever necessary but at least once a year.  Each Party may request that a meeting be held. 


2. The Joint Committee shall act by common agreement. 


3. If a representative in the Joint Committee of a Party to this Agreement has accepted a decision subject to the fulfillment of internal legal requirements, the decision shall enter into force, if no later date is contained therein, on the day the lifting of the reservation is notified. 


4. For the purpose of this Agreement the Joint Committee shall adopt its rules of procedure which shall, inter alia, contain provisions for convening meetings and for the designation of the Chairman and his term of office. 


5. The Joint Committee may decide to set up such subcommittees and working parties as it considers necessary to assist it in accomplishing its tasks.</article>
      <article number="ARTICLE 36" name="Services And Investment" article_identifier="21496">1. The Parties to this Agreement recognize the growing importance of certain areas, such as services and investments. In their efforts to gradually develop and broaden their co-operation, in particular in the context of the European integration, they will co-operate with the aim of achieving a progressive liberalization and mutual opening of their markets for investments and trade in services, taking into account relevant provisions of the General Agreement on Trade in Services. 


2. The Parties will discuss in the Joint Committee the possibilities to extend their trade relations to the fields of foreign direct investment and trade in services.</article>
      <article number="ARTICLE 37" name="Customs Unions, Free-Trade Areas And Frontier Trade" article_identifier="21497">This Agreement shall not prevent the maintenance or establishment of customs unions, free-trade areas or arrangements for frontier trade to the extent that these do not negatively affect the trade regime of the Parties and in particular the provisions concerning rules of origin provided for by this Agreement.</article>
      <article number="ARTICLE 38" name="Annexes, Protocols And Amendments" article_identifier="21498">1. Annexes I to V and Protocols 1 to 3 to this Agreement constitute an integral part of it. The Joint Committee may decide to amend the Annexes and Protocols in accordance with the provisions of paragraph 3 of the Article 35. 


2. Amendments to this Agreement other than those decided upon in accordance with paragraph 4 of Article 34, and which are approved by the Joint Committee, shall be submitted to the other Party for acceptance and shall enter into force on the first day of the second month following the day on which the Parties notify each other that their internal legal procedures related with the entry into force of such amendments have been completed, unless the Parties agree upon another date by means of an exchange of notes.</article>
      <article number="ARTICLE 39" name="Entry Into Force" article_identifier="21499">This Agreement shall enter into force on the first day of second month following the day on which the Parties notify each other that their internal legal procedures related with the entry into force of this Agreement have been completed, unless the Parties agree upon another date by means of an exchange of notes.</article>
      <article number="ARTICLE 40" name="Validity And Termination" article_identifier="21500">This Agreement is concluded for an indefinite period of time.  Each Party to this Agreement may terminate it by means of a written notification to the other Party. In such case the termination of this Agreement shall take effect on the first day of seventh month following the date on which the notification was received by the other Party.</article>
    </chapter>
    <chapter name="Conclusion" chapter_identifier="2586">
      <article article_identifier="21501">IN WITNESS WHEREOF the undersigned plenipotentiaries, being duly authorized thereto, have signed the present Agreement. 

DONE in ... at this ...... day of ...... in duplicate copies in the English, Latvian and Polish language, both texts being equally authentic. In case of disputes the English language version shall prevail. 

For the Republic of Poland For the Republic of Latvia 


RECORD OF UNDERSTANDINGS 


1. The Parties declare their readiness to examine in the Joint Committee the possibility of extending to each other any concessions they grant or will grant to third countries with which they concluded a free trade agreement or other similar agreement to which Article XXIV of the General Agreement on Tariffs and Trade 1994 applies. 


2. As regards paragraph 2 of Article 3, the Parties agree that where a reduction of duties is effected by way of a suspension of duties made for a particular period of time, such reduced duties shall replace the basic duties only for the period of such suspension; and that whenever a partial suspension of duties is made, the preferential margin between the Parties will be preserved.  The preferential margin will be understood as a relative one. 


3. The Parties agree that Article 9 does not apply when measures covered by this Article might be required for the administration of international obligations. 


4. When elaborating the criteria and rules indicated in paragraph 3 of Article 23, the Parties: 
-shall aim at ensuring their greatest possible conformity with the relevant criteria and rules used under the Agreements establishing an Association between each of the Parties of this Agreement and the European Communities; 

-shall define the conditions and/or situations when temporary derogations from the provisions of paragraph 1 may be applicable; 

-shall review conditions under which actions against state aid practices may be taken. 


5. Concerning paragraph 4 of Article 23 the Joint Committee shall, within one year following the entry into force of this Agreement, adopt the necessary rules for the implementation of transparency measures. 


6. The relevant bodies of the Parties shall consider the possibility to conclude an agreement on mutual recognition of the accreditation of testing and calibration laboratories and certification bodies, as well as product and quality system certificates of mutual recognition of the type approval of measuring equipment, which are issued in the Parties, and procedures for the recognition of the results of the measurements, calibration and conformity with requirements. 


7. The Parties agreed to conclude in the future a separate agreement on cooperation in the matters of customs administration. 


8. The diagonal cumulation laid down in Article 4 of Protocol 3 may only be applied when the countries mentioned in the said Article have concluded Free Trade Agreement or Agreement establishing Customs Union, containing identical rules of origin, among themselves.  For each country, referred to in Article 4 of Protocol 3, not complying with this condition on the date of entering into force of Protocol 3, Article 4 shall apply from the date of entering into force of Free Trade Agreement or Agreement establishing Customs Union, containing identical rules of origin between such country and the last of countries already applying the diagonal cumulation. 


9. Each reference to Article 4 mentioned in Protocol 3 shall apply according to this Record of Understandings.</article>
    </chapter>
  </body>
</treaty>
