<?xml version="1.0" encoding="UTF-8"?>
<treaty>
  <meta>
    <name>Turkey - Tunisia</name>
    <type>Free Trade Agreement</type>
    <wto_rta_id>35</wto_rta_id>
    <treaty_identifier>31</treaty_identifier>
    <status>In Force</status>
    <notification>GATT Art. XXIV</notification>
    <date_signed>2004-11-25</date_signed>
    <date_into_force>2005-07-01</date_into_force>
    <date_notification>2005-09-01</date_notification>
    <end_implementation>2014-12-31</end_implementation>
    <date_inactive/>
    <parties_original>
      <partyisocode n="1">TUN</partyisocode>
      <partyisocode n="2">TUR</partyisocode>
    </parties_original>
    <parties>
      <partyisocode n="1">TUN</partyisocode>
      <partyisocode n="2">TUR</partyisocode>
    </parties>
    <composition>Bilateral</composition>
    <region>Africa; Europe</region>
    <parties_wto>Yes</parties_wto>
    <crossregional>Yes</crossregional>
    <language>en</language>
    <source lang="en" type="full text">http://docsonline.wto.org/imrd/gen_redirectsearchdirect.asp?RN=0&amp;searchtype=browse&amp;query=@meta_Symbol"WT/REG203/1"&amp;language=1&amp;ct=DDFEnglish</source>
    <source lang="es" type="full text">http://docsonline.wto.org/imrd/gen_redirectsearchdirect.asp?RN=0&amp;searchtype=browse&amp;query=@meta_Symbol"WT/REG203/1"&amp;language=3&amp;ct=DDFSpanish</source>
    <source lang="fr" type="full text">http://docsonline.wto.org/imrd/gen_redirectsearchdirect.asp?RN=0&amp;searchtype=browse&amp;query=@meta_Symbol"WT/REG203/1"&amp;language=2&amp;ct=DDFFrench</source>
    <source lang="en" type="annex">http://rtais.wto.org/rtadocs/35/AnnexAndRelatedDocs/English/Turkey - Tunisia Annexes.zip</source>
  </meta>
  <body>
    <chapter name="Preamble" chapter_identifier="36">
      <article number="ARTICLE 1" name="Objectives" article_identifier="4259">The objectives of this Agreement are: 



(a) 	to increase and enhance the economic co-operation between the Parties to raise the living standards of the population of the two countries; 


(b) 	to gradually eliminate difficulties and restrictions on trade in goods, including the agricultural products; 


(c) 	to promote, through the expansion of reciprocal trade, the harmonious development of the economic relations between the Parties; 


(d) 	to provide fair conditions of competition in trade between the Parties; 


(e) 	to create conditions for further encouragement of investments particularly for the development of joint investments in both countries; 


(f) 	to promote trade and co-operation between the Parties in third country markets.</article>
      <article number="ARTICLE 2" article_identifier="4260">The Parties shall gradually establish a free trade area on substantially all their trade between them in a transitional period lasting a maximum of nine years starting from the entry into force of this Agreement in accordance with the provisions of this Agreement and in conformity with Article XXIV of the GATT 1994 and the other multilateral agreements on trade in goods annexed to the Agreement establishing the WTO.</article>
      <article number="ARTICLE 3" name="Basic Duties And Classification Of Goods" article_identifier="4261">1. In trade between the Parties covered by this Agreement, the Parties shall apply their respective Customs Tariffs on the classification of goods for imports into them. 


2. For each product the basic duty to which successive reductions set out in this Agreement are to be applied shall be the Most Favoured Nation (MFN) duty that was in force in the Parties on 1 January 2004. 


3. If, after 1 January 2004, any tariff reduction is applied on an erga omnes basis, in particular, reductions resulting from the tariff negotiations in the WTO, such reduced duties shall replace the basic duties referred to in paragraph 2 as from that date when such reductions are applied. 


4. The Parties shall communicate to each other their respective basic duties.</article>
    </chapter>
    <chapter number="CHAPTER I" name="Industrial Products" chapter_identifier="37">
      <article number="ARTICLE 4" name="Scope" article_identifier="4262">The provisions of this Chapter shall apply to products originating in the Parties falling within Chapters 25 to 97 of Harmonised Commodity Description and Coding System with the exception of the products covered by the definition specified in Article 11 (2) of this Agreement.</article>
      <article number="ARTICLE 5" name="Customs Duties On Imports And Charges Having Equivalent Effect" article_identifier="4263">1. From the date of entry into force of this Agreement no new customs duties on imports or charges having equivalent effect shall be introduced, nor shall those already applied be increased in trade between the Parties.  


2. Customs duties and charges having equivalent effect on imports shall be abolished in accordance with the provisions of Protocol I to this Agreement.</article>
      <article number="ARTICLE 6" name="Customs Duties Of A Fiscal Nature" article_identifier="4264">The provisions concerning the abolition of customs duties on imports shall also apply to customs duties of a fiscal nature.</article>
      <article number="ARTICLE 7" name="Customs Duties On Exports And Charges Having Equivalent Effect" article_identifier="4265">Without prejudice to the provisions of the GATT 1994: 



1. From the date of the entry into force of this Agreement no new customs duties on exports or charges having equivalent effect shall be introduced in trade between the Parties. 


2. All customs duties on exports and any charges having equivalent effect shall be abolished between the Parties upon entry into force of this Agreement.</article>
      <article number="ARTICLE 8" name="Quantitative Restrictions On Imports And Measures Having Equivalent Effect" article_identifier="4266">Without prejudice to the provisions of the GATT 1994: 


1. From the date of the entry into force of this Agreement no new quantitative restriction on imports or measure having equivalent effect shall be introduced in trade between the Parties.  


2. All quantitative restrictions on imports and measures having equivalent effect shall be abolished between the Parties upon the date of entry into force of this Agreement.</article>
      <article number="ARTICLE 9" name="Quantitative Restrictions On Exports And Measures Having Equivalent Effect" article_identifier="4267">Without prejudice to the provisions of the GATT 1994: 


1. From the date of the entry into force of this Agreement no new quantitative restriction on exports or measure having equivalent effect shall be introduced in trade between the Parties.  


2. All quantitative restrictions on exports and any measures having equivalent effect shall be abolished between the Parties upon the date of entry into force of this Agreement.</article>
      <article number="ARTICLE 10" name="Technical Regulations" article_identifier="4268">1. The rights and obligations of the Parties in respect of technical regulations, standards and conformity assessment shall be governed by the WTO Agreement on Technical Barriers to Trade. 


2. The Parties shall strengthen their co-operation in the field of technical regulations, standards and conformity assessment, with a view to increasing the mutual understanding of their respective systems and facilitating access to their respective markets, thereby preparing the ground for mutual recognition agreements. The Parties shall consult each other in the Association Committee in view of the implementation of the objective set out in this Article. 


3. Without prejudice to paragraph 1, the Parties agree to hold immediate consultations in the framework of the Association Committee where either Party has taken measures which are likely to create, or have created an obstacle to trade, in order to find an appropriate solution in conformity with the WTO Agreement on Technical Barriers to Trade.</article>
    </chapter>
    <chapter number="CHAPTER II" name="Basic Agricultural, Processed Agricultural And Fishery Products" chapter_identifier="38">
      <article number="ARTICLE 11" name="Scope" article_identifier="4269">1. The provisions of this Chapter shall apply to basic agricultural, processed agricultural and fishery products originating in the Parties. 


2. The term "basic agricultural, processed agricultural and fishery products” (hereinafter called “agricultural products”) means for the purpose of this Agreement the products covered by the WTO definition of agricultural products as well as fish and fishery products and products falling under the tariff headings of 3302 10 29 and 4501.</article>
      <article number="ARTICLE 12" name="Exchange Of Concessions" article_identifier="4270">1. The Parties to this Agreement shall mutually allocate concessions set forth in Protocol II in accordance with the provisions of this Chapter. 


2. Taking into account the role of agriculture in their respective economies; the development of trade in agricultural products between the Parties; the high sensitivity of agricultural products; the rules of their respective agricultural policies, the Parties shall examine in the Association Committee the possibilities of granting to each other further concessions in trade in agricultural products. 


3. In pursuance of this objective, Protocol II providing for measures to facilitate trade in agricultural products has been concluded between the Parties.</article>
      <article number="ARTICLE 13" name="Sanitary And Phytosanitary Measures" article_identifier="4271">The Parties shall not apply their regulations in sanitary and phytosanitary matters as an arbitrary or unjustifiable discrimination or a disguised restriction on trade between them. The Parties shall apply their sanitary measures within the rules and procedures of the GATT 1994 and the other relevant WTO agreements.</article>
      <article number="ARTICLE 14" name="Specific Safeguards" article_identifier="4272">Notwithstanding other provisions of this Agreement, and in particular Article 21, given the particular sensitivity of the agricultural products, if imports of products originating in a Party, which are the subject of concessions granted under this Agreement, cause or threaten to cause serious disturbance to the markets or to their domestic regulatory mechanisms, in the other Party, both Parties shall enter into consultations immediately to find an appropriate solution. Pending such solution, the Party concerned may take the measures it deems necessary, in accordance with the relevant WTO rules.</article>
    </chapter>
    <chapter number="CHAPTER III" name="Common Provisions" chapter_identifier="39">
      <article number="ARTICLE 15" name="Internal Taxation" article_identifier="4273">1. The Parties commit themselves to apply any internal taxes and other charges and regulations in accordance with Article III of the GATT 1994 and other relevant WTO Agreements. 


2. Exporters may not benefit from repayment of internal taxation in excess of the amount of direct or indirect taxation imposed on products exported to the territory of one of the Parties.</article>
      <article number="ARTICLE 16" name="Trade Relations Governed By Other Agreements" article_identifier="4274">1. This Agreement shall not prevent the maintenance or establishment of customs unions, free trade areas or arrangements for cross-border trade of the Parties with third countries to the extent that these do not negatively affect the trade regime and in particular the provisions concerning rules of origin provided for in this Agreement. 


2. Consultations between the Parties shall take place within the Association Committee concerning agreements establishing customs unions or free trade areas and, where appropriate, on other major issues related to their respective trade policies with third countries. Such consultations shall take place so as to ensure that account is taken of the mutual interests of the Parties stated in this Agreement.</article>
      <article number="ARTICLE 17" name="Structural Adjustment" article_identifier="4275">1. Exceptional measures of limited duration which derogate from the provisions of Article 5 may be taken by Tunisia in the form of increased customs duties. 


2. These measures may only concern infant industries, or certain sectors undergoing restructuring or facing serious difficulties, particularly where these difficulties produce important social problems. 


3. Customs duties applicable on imports into Tunisia to products originating in Turkey introduced by these measures may not exceed 25% ad valorem and shall maintain an element of preference for products originating in Turkey. The total value of imports of the products, which are subject to these measures, may not exceed 20% of total imports of industrial products from Turkey as defined in Article 4, during the last year for which statistics are available.  


4. These measures shall be applied for a period not exceeding five years unless a longer duration is authorized by the Association Committee. They shall cease to apply at the latest on the expiry of the transitional period. 


5. No such measures can be introduced in respect of a product if more than three years have elapsed since the elimination of all duties and quantitative restrictions or charges or measures having an equivalent effect concerning that product. 


6. Tunisia shall inform the Association Committee of any exceptional measures she intends to take. At the request of Turkey, consultations shall be held in the Association Committee on such measures and the sectors to which they apply before they are applied. When taking such measures Tunisia shall provide the Association Committee with a schedule for the elimination of the customs duties introduced under this Article. This schedule shall provide for a phasing out of these duties starting at the latest two years after their introduction, at equal rates. The Association Committee may decide on a different schedule. 


7.</article>
      <article number="ARTICLE 18" name="Dumping" article_identifier="4276">If a Party finds that dumping, within the meaning of Article VI of GATT 1994 is taking place in trade relations governed by this Agreement, it may take appropriate measures against that practice in accordance with Article VI of the GATT 1994 and the rules established by agreements related to that Article and under the conditions and in accordance with the procedures laid down in Article 21 of this Agreement.</article>
      <article number="ARTICLE 19" name="Safeguard Measures" article_identifier="4277">1. Where any product is being imported into either of the Parties in such increased quantities, each Party retains its rights and obligations under Article XIX of GATT 1994 and the WTO Agreement on Safeguard Measures. This Agreement does not confer any additional rights or obligations on the Parties with regard to safeguard measures. 


2. Notwithstanding provisions of paragraph 1 of this Article, the procedures laid down in Article 21 shall apply with regard to safeguard measure taken by any Party.</article>
      <article number="ARTICLE 20" name="Re-Export And Serious Shortage" article_identifier="4278">Where compliance with the provisions of Article 7 and 9 leads to: 


(a) 	re-export towards a third country against which the exporting Party to this Agreement maintains for the product concerned quantitative export restrictions, export duties or measures or charges having equivalent effect; or 


(b) 	a serious shortage, or threat thereof, of a product essential to the exporting Party; 
and where the situations referred to above give rise or are likely to give rise to major difficulties for the exporting Party, that Party may take appropriate measures under the conditions and in accordance with the procedures laid down in Article 21 of this Agreement. The measures shall be nondiscriminatory and shall be eliminated when conditions no longer justify their maintenance.</article>
      <article number="ARTICLE 21" name="Notifications And Consultations Procedure" article_identifier="4279">1. Before initiating the procedure for the application of the measures mentioned in Articles 14, 18, 19, 20, 25, 26 and 47 set out in this Article, the Parties shall endeavour to solve any differences between themselves through direct consultations, and shall inform the other Party thereof. 


2. In these cases specified in paragraph 1 of this Article, a Party which is considering to resort to a measure shall promptly notify the Association Committee thereof. The Party concerned shall provide the Association Committee with all relevant information and give it the assistance required to examine the case. Consultations between the Parties shall take place without delay in the Association Committee with a view to finding a commonly acceptable solution.  


3. If, within one month of the matter being referred to the Association Committee, the Party in question fails to put an end to the practice objected to or to the difficulties notified and in the absence of a decision by the Association Committee in the matter, the concerned Party may adopt the measures it considers necessary to remedy the situation.  


4. The measures taken shall be notified immediately to the Association Committee. They shall be restricted, with regard to their extent and to their duration, to what is strictly necessary in order to rectify the situation giving rise to their application and shall not be in excess of the damage caused by the practice or the difficulty in question. Priority shall be given to such measures that will least disturb the functioning of this Agreement.  


5. The measures taken shall be the subject of regular consultations within the Association Committee with a view to their relaxation, or abolition when conditions no longer justify their maintenance. 


6. Where exceptional circumstances requiring immediate action make prior examination impossible, the Party concerned may, in the cases of Articles 14, 18, 19, 20, 25, 26 and 47 apply forthwith the precautionary measures strictly necessary to remedy the situation. The measures shall be notified without delay to the Association Committee and consultations between the Parties to this Agreement shall take place within the Association Committee.</article>
      <article number="ARTICLE 22" name="Rules Of Origin And Co-Operation Between The Customs Administrations" article_identifier="4280">1. Protocol III lays down the rules of origin and methods of administrative co-operation. 


2. The Parties agreed to apply the actual harmonised preferential rules of origin in the context of the System of Pan-Euro-Med Cumulation of Origin in the mutual trade.</article>
    </chapter>
    <chapter number="CHAPTER IV" name="State Monopolies, Competition Rules, Payments And Other Economic Provisions" chapter_identifier="40">
      <article number="ARTICLE 23" name="State Monopolies" article_identifier="4281">1. The Parties shall progressively adjust any state monopoly of a commercial character so as to ensure that by the end of the fourth year following the entry into force of this Agreement, no discrimination regarding the conditions under which goods are procured and marketed will exist between nationals of the Parties. 


2. The Association Committee shall be informed about the measures adopted to implement this objective.</article>
      <article number="ARTICLE 24" name="Payments" article_identifier="4282">Any payment arising from trade of goods, services and rights to non material goods between the Parties shall be made in convertible currency, in accordance with the respective national legislation of the Parties.</article>
      <article number="ARTICLE 25" name="Rules Of Competition Concerning Undertakings" article_identifier="4283">1. The following are incompatible with the proper implementation of this Agreement, in so far as they affect trade between the Parties: 


(a) 	all agreements between undertakings, decisions by associations of undertakings and concerted practices between undertakings which have as their object or effect the prevention, restriction or distortion of competition; 


(b) 	abuse by one or more undertakings of dominant position in the territories of the Parties as a whole or in a substantial part thereof; 

2. For the purpose of applying the provisions of paragraph 1 of this Article, the Parties will take the measures in conformity with the procedures and under the conditions laid down in their respective Agreements with the European Communities. In case of any change in those procedures and/or conditions these changes will be applicable between the Parties. 


3. If the Parties consider that a particular practice is incompatible with the terms of the first paragraph of this Article, and: 


(a) 	is not adequately dealt with under the implementing rules referred to in paragraph 2 of this Article, or 


(b) 	in the absence of such rules, and if such practice causes or threatens to cause serious prejudice to the interest of the other Party or material injury to its domestic industry, including its services industry, 
it may take appropriate measures after consultation within the Association Committee or after thirty working days following referral for such consultation. 

4. Notwithstanding any provisions to the contrary adopted in conformity with this Article, the Parties shall exchange information taking into account the limitations imposed by the requirements of professional and business secrecy.</article>
      <article number="ARTICLE 26" name="Subsidies" article_identifier="4284">1. Any state aid which distorts or threatens to distort competition by favouring certain undertakings or the production of certain goods is incompatible with the proper implementation of this Agreement. 


2. The rights and obligations of the Parties in respect of subsidies shall be governed by Articles VI and XVI of the GATT 1994, the WTO Agreement on Subsidies and Countervailing Measures and the WTO Agreement on Agriculture. 


3. In the case of practices incompatible with paragraph 1 of this Article, such appropriate measures may, where the WTO/GATT 1994 applies thereto, only be adopted in conformity with the procedures and under the conditions laid down by the WTO/GATT 1994 and any other relevant instrument negotiated under its auspices which are applicable between the Parties. 


4. Each Party shall ensure transparency in the area of state aid. Upon request by one Party, the other Party shall provide information on particular individual cases of state aids.</article>
      <article number="ARTICLE 27" name="Balance Of Payments Difficulties" article_identifier="4285">Where either Party is in a serious balance of payments difficulties or under threat thereof, the Party concerned may in accordance with the conditions laid down within the framework of WTO/GATT 1994 and with Articles VIII and XIV of the Articles of Agreement of International Monetary Fund, adopt restrictive measures, which shall be of limited duration and may not go beyond what is necessary to remedy the balance of payments situation. The Party concerned shall inform the other Party forthwith of their introduction and present to the other Party, as soon as possible, a time schedule of their removal.</article>
      <article number="ARTICLE 28" name="Intellectual, Industrial And Commercial Property Rights" article_identifier="4286">1. The Parties shall provide suitable and effective protection of intellectual, industrial and commercial property rights in line with Agreement on Trade-Related Aspects of Intellectual Property Rights (TRIPs) and other international Agreements.   


2. Implementation of this Article shall be regularly assessed by the Parties. If difficulties which affect trade arise in connection with intellectual, industrial and commercial property rights, either Party may request urgent consultations to find mutually satisfactory solutions.</article>
      <article number="ARTICLE 29" name="Public Procurement" article_identifier="4287">1. The Parties consider the opening up of the award of public contracts on the basis of nondiscrimination, transparency and reciprocity, to be a desirable objective.  


2. As of the entry into force of this Agreement, both Parties shall grant each other’s companies access to contract award procedures a treatment no less favourable than that accorded to companies of any other country.</article>
    </chapter>
    <chapter number="TITLE II" name="Economic And Technical Co-Operation" chapter_identifier="41">
      <article number="ARTICLE 30" name="Objective" article_identifier="4288">1. The Parties will exert all necessary efforts to develop Economic, Scientific, Technical and Commercial Co-operation between the two sides. 


2. The Parties will promote and facilitate continuously the enhancement and diversification of trade exchanges and economic and technical co-operation between their economic establishments, enterprises, organisations and institutions within the framework of their respective rules and regulations as well as their international obligations.  


3. Turkey shall give priority for providing Tunisia with technical assistance in the primary fields of economic co-operation referred in Article 33. 


4. The Parties will encourage operations designed to develop co-operation among the countries of the region and particularly the ones taking part within the Euro-Mediterranean Partnership.</article>
      <article number="ARTICLE 31" name="Scope" article_identifier="4289">1. 	Co-operation and technical assistance shall:  


(a) 	focus primarily on infant industries, sectors suffering from internal difficulties or affected by the overall process of the liberalisation of trade between Turkey and Tunisia. 


(b) 	focus on areas likely to bring the economies of the Parties closer together. 


(c) 	focus on capacity building and training programs, which would assist in creating the necessary institutions and human resources for implementation of this Agreement with Tunisia. 


(d) 	encourage the implementation of measures designed to develop intra-regional co-operation. 


(e) 	support joint-ventures, twinning initiatives and joint investments amongst the private sector institutions. 
2. The Parties agree to extend economic co-operation to other areas not covered by the provisions of this Chapter such as and not inclusive to irrigation, transportation, communication, higher education, tourism and other services, development and planning.</article>
      <article number="ARTICLE 32" name="Methods And Modalities" article_identifier="4290">1. The Agreements concluded between the Parties in the fields of the economic, commercial, technical and scientific co-operation shall be implemented without prejudicing the provisions of this Agreement. 


2. The Parties shall further determine the methods and modalities for economic co-operation and technical assistance; in particular within the work of the Association Council referred in Article 40. In this regard, the Association Council may decide to establish sub-committees.    


3. 	Economic co-operation and technical assistance shall be implemented in particular by: 


(a) 	regular exchange of information and ideas in every sector of co-operation including meetings of officials and experts; 


(b) encouragement of reciprocal participation in fairs and exhibitions;  


(c) transfer of advice, expertise and training; 


(d) implementation of joint actions such as seminars and workshops;  


(e) technical, administrative and regulatory assistance;  


(f) encouragement and establishment of joint ventures;  


(g) dissemination of information on co-operation; 


(h) exchange of information in economic, scientific and technical field; 


(i) granting scholarships in various fields of technical and scientific co-operation. 

4. Projects relating to economic, scientific and technical cooperation applications shall be arranged by individual programs, agreements and contracts which will be concluded between the participating companies and establishments of the Parties in accordance with their respective legislation in force. 


5. The matters relating to the providing of expert, advisor and other technical persons by the Parties shall be arranged by individual protocols to be concluded between the competent authorities of the Parties.</article>
      <article number="ARTICLE 33" name="Primary Fields Of Economic Co-Operation" article_identifier="4291">The co-operation under the scope of this Agreement shall primarily involve the following fields referred in detail between Articles 34 to 39 of the Agreement: 


(a) Industry; 


(b) Agriculture; 


(c) Services; 


(d) Small and medium-sized enterprises; 


(e) Trade development; 


(f) Investment promotion.</article>
      <article number="ARTICLE 34" name="Industrial Co-Operation" article_identifier="4292">The main aim of industrial co-operation will be to support Tunisia, in its efforts to modernize and diversify industry and, in particular, to create an environment favourable to private sector and industrial development by enhancing co-operation between the two Parties' economic operators.</article>
      <article number="ARTICLE 35" name="Co-Operation In Agriculture And Fisheries" article_identifier="4293">Taking into account the importance of co-operation in agriculture and fisheries towards the enhancement of bilateral relations, the Parties determined the following as the desired fields of co-operation: 


(a) 	exchange of scientific and technical information and expertise relating to agriculture, forestry, water resources and rural development;  


(b) 	reciprocal exchange of experts; 


(c) 	organization of training, seminars, conferences and meetings, in either of both countries; 


(d) 	establishment of direct joint activities between the respective institutions; 


(e) 	encouragement of investment and trade on agricultural production, processing and marketing in both countries and in other markets.</article>
      <article number="ARTICLE 36" name="Co-Operation In Services" article_identifier="4294">1. The Parties to this Agreement recognize the growing importance of trade in services. In their efforts to gradually develop and broaden their co-operation, in particular in the context of the Euro-Mediterranean Partnership, they will cooperate with the aim of achieving a progressive liberalization and mutual opening of their markets for trade in services, taking into account relevant provisions of the WTO-General Agreement on Trade in Services (GATS) and multilateral trade negotiations with that respect. 


2. The Parties will discuss the means of co-operation in the area of services at the Association Council.</article>
      <article number="ARTICLE 37" name="Co-Operation Between Small And Medium-Sized Enterprises" article_identifier="4295">1. With the view to further enhance trade and economic activities, the Parties shall give priority to promoting business and investment opportunities as well as joint ventures between small and medium sized enterprises (SMEs) of the two countries. Within this context, the Parties will: 


(a) 	exchange expertise on entrepreneurship, management, research and management centers, quality and production standards; 


(b) 	provide market information to create investment opportunities; 


(c) 	furnish published documents concerning SMEs. 
2. Turkey shall support Tunisia's efforts towards capacity building for the related private sector institutions.</article>
      <article number="ARTICLE 38" name="Trade Development Trade Co-Operation Shall Primarily Focus On:" article_identifier="4296">(a) 	developing, diversifying and increasing trade between them and improving the Parties’ competitiveness on domestic, regional and international markets; 


(b) 	the updating of Tunisian laboratories, leading eventually to the conclusion of mutual recognition agreements for conformity assessments; 


(c) 	enhancing co-operation in customs and origin matters including vocational training in the customs field; 


(d) 	ensuring technical support for intellectual, industrial and commercial property and for standardization and quality in Tunisia; 


(e) 	finding ways to bring about a significant improvement in education and training, including vocational training; 


(f) 	establishment of lasting links between specialist bodies on the Parties’ territories in order to pool and exchange experience and methods; 


(g) 	drawing up appropriate trade development strategies and creation of a trade environment supportive of competitiveness; 


(h) 	capacity building and development of human resources and professional skills in the field of trade and support services in both the public and private sector; 


(i) 	exchanges of information on market requirements know-how and technology transfer through investment and joint-ventures; 


(j) 	development of private sector in particular small and medium-size enterprises engaged in trade; 


(k) 	establishment, adaptation and strengthening of organizations concerned with the development of trade and support services; 


(l) 	regional co-operation for the development of trade and trade-related infrastructure and services in third countries; 


(m) 	exchange of information and expertise for the reinforcement of national organizations involved in enforcement and protection against counterfeiting and piracy.</article>
      <article number="ARTICLE 39" name="Investment Promotion" article_identifier="4297">The Parties recognize the importance of promoting investment and technology flows between them as a means for achieving economic growth and development. Co-operation in this respect shall include: 


(a) 	appropriate means of identifying investment opportunities and information channels on investment regulations; 


(b) 	the provision of information on the Parties’ measures promoting investment abroad (technical assistance, financial support, investment insurance, etc.); 


(c) 	the planning and implementation of development projects, including for the participation of foreign investors.</article>
    </chapter>
    <chapter number="TITLE III" name="Institutional And Final Provisions" chapter_identifier="42">
      <article number="ARTICLE 40" name="Establishment Of The Turkey-Tunisia Association Council" article_identifier="4298">An Association Council is hereby established which as a rule shall be headed by Ministers in charge of foreign trade and meet at least once a year in accordance with the conditions laid down in its rules of procedure.</article>
      <article number="ARTICLE 41" name="Duties Of The Association Council" article_identifier="4299">The Association Council shall review the progress made in the implementation of this Agreement. It shall also examine any major issues arising within the framework of this Agreement including its economic and social impact and any other bilateral or international issues of mutual interest.</article>
      <article number="ARTICLE 42" name="Procedures Of The Association Council" article_identifier="4300">1. The Association Council shall consist of officials, public and private sector representatives of both Parties. 


2. 	The Association Council shall establish its rules of procedure. 


3. The Association Council shall, for the purpose of attaining the objectives of this Agreement, have the power to take decisions in the cases provided for therein. 


4. The decisions taken shall be binding on the Parties that shall take the measures necessary to implement the decisions taken. The Association Council may also make appropriate recommendations. 


5. The Association Council may upon necessity establish working groups or bodies for the implementation of the Agreement. 


6. 	It shall draw up its decisions and recommendations by agreement between the two Parties.</article>
      <article number="ARTICLE 43" name="Establishment Of The Association Committee" article_identifier="4301">1. Subject to the powers of the Association Council, an Association Committee is hereby established which shall be responsible for the implementation of the Agreement. 


2. The Association Council may delegate to the Association Committee, in full or in part, any of its powers.</article>
      <article number="ARTICLE 44" name="Procedures Of The Association Committee" article_identifier="4302">1. The Association Committee shall meet at an appropriate level whenever necessary upon the request of the Parties, but at least once a year alternatively in Turkey and Tunisia.  


2. The Association Committee shall establish its rules of procedure. 


3. The Association Committee shall have the power to take decisions for the implementation of the Agreement as well as in the areas in which the Council has delegated its powers to it. 


4. It shall draw up its decisions by agreement between the two Parties. These decisions shall be binding on the Parties that shall take the measures necessary to implement the decisions taken.</article>
      <article number="ARTICLE 45" name="Security Exceptions" article_identifier="4303">Nothing in this Agreement shall prevent a Party from taking any measures which it considers necessary to its essential security interests as long as these measures are consistent with Article XXI of the GATT 1994.</article>
      <article number="ARTICLE 46" name="General Exceptions" article_identifier="4304">This Agreement shall not preclude prohibitions or restrictions on imports, exports or goods in transit justified on grounds of public morality, public policy or public security; the protection of health and life of humans, animals or plants; the protection of national treasures possessing artistic, historic or archaeological value; the protection of intellectual, industrial and commercial property. Such prohibitions or restrictions must not, however, constitute a means of arbitrary discrimination or a disguised restriction on trade between the Parties.</article>
      <article number="ARTICLE 47" name="Fulfilment Of Obligations" article_identifier="4305">1. The Parties shall take all necessary measures to ensure the achievement of the objectives of this Agreement and the fulfilment of their obligations under this Agreement. 


2. If either Party considers that the other Party has failed to fulfil an obligation under this Agreement, the Party concerned may take the appropriate measures under the conditions and in accordance with the procedures laid down in Article 21 of this Agreement.</article>
      <article number="ARTICLE 48" name="Dispute Settlement" article_identifier="4306">1. Either Party may refer to the Association Council any dispute relating to the application or interpretation of this Agreement. 


2. The Association Council may settle the dispute by means of decision. 


3. Each Party shall be bound to take measures involved in carrying out the decision referred to in paragraph 2. 


4. In the event if it not being possible to settle the dispute in accordance with paragraph 2, either Party may notify the other of the appointment of an arbitrator; the other Party must then appoint a second arbitrator within two months.  


5. The Association Council shall appoint a third arbitrator. 


6. The arbitrators’ decisions shall be taken by majority vote. 


7. Each Party to the dispute shall take the steps required to implement the decision of the arbitrators.</article>
      <article number="ARTICLE 49" name="Evolutionary Clause" article_identifier="4307">1. Where either Party considers that it would be useful and in the interest of the economies of the Parties to develop the relations established by this Agreement by extending them to fields not covered thereby, it shall submit a reasoned request to the other Party. The Association Council may instruct the Association Committee to examine this request and, where appropriate, to make recommendations to them, particularly with a view to opening negotiations. 


2. Agreements resulting from the procedure referred to in paragraph 1 will be subject to ratification or approval by the Parties to this Agreement in accordance with their national legislation.</article>
      <article number="ARTICLE 50" name="Amendments" article_identifier="4308">Amendments to this Agreement, as well as to its Annexes and Protocols, shall enter into force on the date of receipt of the latter written notification through diplomatic channels, by which the parties inform each other that all necessary requirements foreseen by their national legislation for the entry into force of these amendments, have been fulfilled.</article>
      <article number="ARTICLE 51" name="Protocols And Annexes" article_identifier="4309">Protocols and Annexes to this Agreement shall form an integral part thereof. The Association Council may decide to amend the Protocols and Annexes in accordance with the national legislation of the Parties.</article>
      <article number="ARTICLE 52" name="Duration And Denunciation" article_identifier="4310">1. This Agreement is concluded for an indefinite period of time. 


2. Either party may denounce this Agreement by a written notification to the other Party. The Agreement shall terminate on the first day of the seventh month following the date when the other Party received the denunciation notice.</article>
      <article number="ARTICLE 53" name="Entry Into Force" article_identifier="4311">1. This Agreement shall enter into force on the first day of the second month, following the date of the receipt of the latter written notification through diplomatic channels, by which the Parties inform each other that all necessary requirements foreseen by their national legislation for the entry into force of this Agreement, have been fulfilled. 


2. Upon its entry into force, this Agreement shall replace the following Agreement between the Parties: 
“Accord Commercial et de Cooperation Economique et Technique entre le Gouvernement de la Republique de Turquie et le Gouvernement de la République Tunisienne (signed on 15 July 1992).”</article>
    </chapter>
    <chapter name="Conclusion" chapter_identifier="43">
      <article article_identifier="4312">IN WITNESS WHEREOF the undersigned plenipotentiaries, being duly authorised thereto, have signed this Agreement. 

DONE in Tunis, on November 25th, 2004, in two originals each in the Turkish, Arabic and English languages, all texts being equally authentic. In case of any divergence in the interpretation of this Agreement, the English text shall prevail. 

For the Republic of Turkey For the Republic of Tunisia 

Kürşad TÜZMEN    Mondher ZENAIDI  State Minister    Minister of Commerce and Handicrafts</article>
    </chapter>
  </body>
</treaty>
