<?xml version="1.0" encoding="UTF-8"?>
<treaty>
  <meta>
    <name>India - Nepal</name>
    <type>Partial Scope Agreement</type>
    <wto_rta_id>392</wto_rta_id>
    <treaty_identifier>324</treaty_identifier>
    <status>In Force</status>
    <notification>Enabling Clause</notification>
    <date_signed>2009-10-27</date_signed>
    <date_into_force>2009-10-27</date_into_force>
    <date_notification>2010-08-02</date_notification>
    <end_implementation>2009-12-31</end_implementation>
    <date_inactive/>
    <parties_original>
      <partyisocode n="1">IND</partyisocode>
      <partyisocode n="2">NPL</partyisocode>
    </parties_original>
    <parties>
      <partyisocode n="1">IND</partyisocode>
      <partyisocode n="2">NPL</partyisocode>
    </parties>
    <composition>Bilateral</composition>
    <region>West Asia</region>
    <parties_wto>Yes</parties_wto>
    <crossregional>No</crossregional>
    <language>en</language>
    <source lang="en" type="full text">http://commerce.gov.in/trade/nepal.pdf</source>
  </meta>
  <body>
    <chapter chapter_identifier="2813">
      <article article_identifier="23312">REVISED INDO-NEPAL 
TREATY OF TRADE 
MINISTRY OF COMMERCE &amp; INDUSTRY 


GOVERNMENT OF INDIA NEW DELHI 
Oct 2009 


REVISED TREATY OF TRADE BETWEEN 
THE GOVERNMENT OF INDIA 
AND THE GOVERNMENT OF NEPAL 


The Government of India and the Government of Nepal (hereinafter referred to as the Contracting Parties), Being conscious of the need to fortify the traditional connection between the markets of the two countries, Being animated by the desire to strengthen economic cooperation between them, Impelled by the urge to develop their economies for their several and mutual benefit, and Convinced of the benefits of mutual sharing of scientific and technical knowledge and experience to promote mutual trade, Have resolved to conclude a Treaty of Trade in order to expand trade between their respective territories and encourage collaboration in economic development, and Have for this purpose appointed as their Plenipotentiaries the following persons, namely, 

For the Government of India For the Government of Nepal 

(Anand Sharma) (Rajendra Mahto) Commerce and Minister of Commerce and Industry Minister Supplies 

Who, having exchanged their full powers and found them good and in due form, have agreed as follows:</article>
    </chapter>
    <chapter chapter_identifier="2814">
      <article number="ARTICLE I" article_identifier="23313">The Contracting Parties shall explore and undertake all measures, including technical cooperation, to promote, facilitate, expand and diversify trade between their two countries.</article>
      <article number="ARTICLE II" article_identifier="23314">The Contracting Parties shall endeavour to grant maximum facilities and to undertake all necessary measures for the free and unhampered flow of goods, needed by one country from the other, to and from their respective territories.</article>
      <article number="ARTICLE III" article_identifier="23315">Both the Contracting Parties shall accord unconditionally to each other treatment no less favourable than that accorded to any third country with respect to (a) customs duties and charges of any kind imposed on or in connection with importation and exportation, and (b) import regulations including quantitative restrictions.</article>
      <article number="ARTICLE IV" article_identifier="23316">The Contracting Parties agree, on a reciprocal basis, to exempt from basic customs duty as well as from quantitative restrictions the import of such primary products as may be mutually agreed upon, from each other.</article>
      <article number="ARTICLE V" article_identifier="23317">Notwithstanding the provisions of Article III and subject to such exceptions as may be made after consultation with the Government of Nepal, the Government of India agree to promote the industrial development of Nepal through the grant on the basis of non-reciprocity of specially favorable treatment to imports into India of industrial products manufactured in Nepal in respect of customs duty and quantitative restrictions normally applicable to them.</article>
      <article number="ARTICLE VI" article_identifier="23318">With a view to facilitating greater interchange of goods between the two countries, the Government of Nepal shall endeavour to exempt, wholly or partially, imports from India from customs duty and quantitative restrictions to the maximum extent compatible with their development needs and protection of their industries.</article>
      <article number="ARTICLE VII" article_identifier="23319">Payment for transactions between the two countries will continue to be made in accordance with their respective foreign exchange laws, rules and regulations. The Contracting Parties agree to consult each other in the event of either of them experiencing difficulties in their mutual transactions with a view to resolving such difficulties.</article>
      <article number="ARTICLE VIII" article_identifier="23320">The Contracting Parties agree to co-operate effectively with each other to prevent infringement and circumvention of the laws, rules and regulations of either country in regard to matters relating to foreign exchange and foreign trade.</article>
      <article number="ARTICLE IX" article_identifier="23321">Notwithstanding the foregoing provisions, either Contracting Party may maintain or introduce such restrictions as are necessary for the purpose of: 


(a) Protecting public morals, 


(b) Protecting human, animal and plant life, 


(c) Safeguarding national treasures, 


(d) Safeguarding the implementation of laws relating to the import and export of gold and silver bullion, and 


(e) Safeguarding such other interests as may be mutually agreed upon.</article>
      <article number="ARTICLE X" article_identifier="23322">Nothing in this treaty shall prevent either Contracting Party from taking any measures which may be necessary for the protection of its essential security interests or in pursuance of general international conventions, whether already in existence or concluded hereafter, to which it is a party relating to transit, export or import of particular kinds of articles such as narcotics and psychotropic substances or in pursuance of general conventions intended to prevent infringement of industrial, literary or artistic property or relating to false marks, false indications of origin or other methods of unfair competition.</article>
      <article number="ARTICLE XI" article_identifier="23323">In order to facilitate effective and harmonious implementation of this Treaty, the Contracting Parties shall consult each other regularly.</article>
      <article number="ARTICLE XII" article_identifier="23324">(a) This Treaty shall come into force on the date of its signature. It shall supercede the Treaty of Trade concluded between the Government of India and the Government of Nepal on 6th December 1991, as amended or modified from time to time. 


(b) This Treaty shall remain in force for a period of seven years and shall be automatically extended for further periods of seven years at a time, unless either of the parties gives to the other a written notice, three months in advance, of its intention to terminate the Treaty. 


(c) This Treaty may be amended or modified by mutual consent of the Contracting Parties. 


(d) The Protocol annexed to this Treaty shall constitute its integral part.</article>
    </chapter>
    <chapter chapter_identifier="2815">
      <article article_identifier="23325">Done in duplicate in Hindi, Nepali and English languages, all the texts being equally authentic, at Kathmandu on 27th October, 2009. In case of doubt, the English text will prevail. 

(Anand Sharma) 

(Rajendra Mahto) 
Commerce and Industry Minister 

Minister 

of 

Commerce 

and 


Supplies 


For the Government of India 

For the Government of Nepal</article>
    </chapter>
  </body>
</treaty>
