<?xml version="1.0" encoding="UTF-8"?>
<treaty>
  <meta>
    <name>Tripartite Agreement</name>
    <type>Partial Scope Agreement</type>
    <wto_rta_id>150</wto_rta_id>
    <treaty_identifier>136</treaty_identifier>
    <status>Inactive</status>
    <notification>Enabling Clause</notification>
    <date_signed>1967-12-23</date_signed>
    <date_into_force>1968-04-01</date_into_force>
    <date_notification>1968-02-23</date_notification>
    <end_implementation/>
    <date_inactive>1990-12-31</date_inactive>
    <parties_original>
      <partyisocode n="1">EGY</partyisocode>
      <partyisocode n="2">IND</partyisocode>
      <partyisocode n="3">YUG</partyisocode>
    </parties_original>
    <parties>
      <partyisocode n="1"/>
    </parties>
    <composition>Plurilateral</composition>
    <region>Africa; West Asia; Europe</region>
    <parties_wto>No</parties_wto>
    <crossregional>Yes</crossregional>
    <language>en</language>
    <source lang="en" type="full text">http://sul-derivatives.stanford.edu/derivative?CSNID=90800291&amp;mediaType=application/pdf</source>
  </meta>
  <body>
    <chapter chapter_identifier="1425">
      <article article_identifier="11505">The Republic of India, the United Arab Republic and the Socialist 
Federal Republic of Yugoslavia (hereinafter referred to as "Participating


States"): 


WISHING to further their common desire for co-operation on the basis of 


complete equality and friendly relations, observing the Principles of the 


United Nations Charter; 


BEARING in mind the recommendations of. the First United nations 
Conference on Trade and Development and the conclusions embodied in the 
Charter of Algiers; 


TAKING note of the evolving international commercial policy regarding
closer economic co-operation among developing countries for the efficient -. 
utilization of their resources and the acceleration of their rate of-economic 


development; 


HAVING regard to the objectives and the provisions of the General 


Agreement on Tariffs and Trade; and 


DETERMINED to take practical steps to expand the area of co-operation and 


undertake joint endeavours to develop mutual beneficial patterns of trade and 


development; 


HAVE agreed as follows:</article>
    </chapter>
    <chapter chapter_identifier="1426">
      <article number="ARTICLE I" article_identifier="11506">The objectives of this Agreement are to strengthen mutual economic 
co-operation, to increase trade exchanges among the Participating States, and 
to contribute to the development of international trade.</article>
      <article number="ARTICLE II" article_identifier="11507">1. Upon the entry into force of the Agreement, each Participating State shall 


accord special tariff concessions in customs duties in favour of the goods
originating in either of the other two Participating States and listed in the 
Annex I to this Agreement, hereinafter referred to as the "Common List". 


2. The margin of special tariff concession in each case shall be initially
equivalent to 40 per cent of the effective most-favoured-nation rate of customs 
duty, and shall be increased to 50 per cent at the end of a twelve-month period


beginning on the date the Agreement comes into force. 


3. In respect of goods in the Common List which at present are subject to nil 
duty, special tariff concession equivalent to 50 per cent of the effective 
most-favoured-nation rate of customs duty shall be provided if and when duty is 
levied on such products.</article>
      <article number="ARTICLE III" article_identifier="11508">For the purposes of Article II, goods shall be accepted as eligible for 
special tariff concessions in customs duties if they are of origin of the 
exporting Participating State and satisfy the conditions of origin set out in 
Annex II and if they have been consigned to the territory of the importing 
Participating State from the territory of another Participating State.</article>
      <article number="ARTICLE IV" article_identifier="11509">If as a result of the implementation of this Agreement, imports of a 
particular product into the territory of a Participating State from the 
territory of another Participating State are increasing and such increase in 
imports causes or would threaten to cause material injury to production which is 
carried on in the territory of the importing Participating State, the concerned 
Participating States shall consult among themselves with a view to remedying
the situation.</article>
      <article number="ARTICLE V" article_identifier="11510">The Participating States shall accord to any other interested developing 
country full and prompt opportunity for consultations with respect to any matter 
or difficulty which may arise as a result of the implementation of this 
Agreement.</article>
      <article number="ARTICLE VI" article_identifier="11511">The Participating States shall take appropriate measures for co-operation,
particularly in customs administration, to ensure that the provisions of this 
Agreement are effectively and harmoniously applied.</article>
      <article number="ARTICLE VII" article_identifier="11512">The Annexes attached to this Agreement will constitute an integral part 
of it and are as follows: 


Annex I 	Common List 


Annex II 	Rules of Origin of Goods (referred to in Article III of the 
Agreement) and Schedules A and B thereto.</article>
      <article number="ARTICLE VIII" article_identifier="11513">A committee composed of the representatives of the Governments of thb 
Participating States, hereinafter referred to as the "Standing Committee"; shall 
be set up. It shall be responsible for reviewing the working of the agreement, 
holding consultations thereunder and making recommendations to the 
Participating States in regard to measures having a bearing on the implementation
of this Agreement, inter alia in the field of trade regulations, import regines 
and trade and payment procedures.</article>
      <article number="ARTICLE IX" article_identifier="11514">This Agreement shall be open for accession by any developing country, 
member of the Group of "77". Upon notification being received by Governments 
of Participating states from any such country regarding its intention to accede 


to this agreement, the Participating Governments shall promptly take 
appropriate steps to bring about such accession on a basis of mutual benefit.</article>
      <article number="ARTICLE X" article_identifier="11515">1. The provisions of this Agrement may be modified by mutual agreement 


between the Particinating States. 


2. The Participating States shall, at the appropriate time, consider making 
such adaptations in this Agreement as may be required in the event of a more 


general scheme being adopted for multilateral expansion of trade and economic 
co-operation among developing countries.</article>
      <article number="ARTICLE XI" article_identifier="11516">The Participating States agree to consider extending special tariff con

cessions in. customs duties in favour of products in respect of which industrial 


co-operation agreements are reached among themselves.</article>
      <article number="ARTICLE XII" article_identifier="11517">This Agreement shall be implemented from1 April 1968 and shall come into 


force upon tne approval of the competent authorities in each country and shall 
remain in force for a period of five years. It may be modified or extended by 
mutual agreement.</article>
    </chapter>
    <chapter chapter_identifier="1427">
      <article article_identifier="11518">Done in New Delhi on the twenty-third day of December, one thousandnine 
hundred and sixty-seven, in three originals in the english language all the 


three texts being equally authentic. 


K.a.Lall 

Issa Abdel Latif SeragEldin 

Dr. Slavko Komar 
On behalf of the 

On behalf of the Government 

On behalf of the 
Government of the Republic of India 

of the United Arab Republic 

Government of the Federal Peoples' Republic of Yugoslavia</article>
    </chapter>
  </body>
</treaty>
