<?xml version="1.0" encoding="UTF-8"?>
<treaty>
  <meta>
    <name>Borneo Free Trade Area</name>
    <type>Free Trade Agreement</type>
    <wto_rta_id>201</wto_rta_id>
    <treaty_identifier>175</treaty_identifier>
    <status>Inactive</status>
    <notification>GATT Art. XXIV</notification>
    <date_signed>1961-10-24</date_signed>
    <date_into_force>1962-01-01</date_into_force>
    <date_notification>1961-10-24</date_notification>
    <end_implementation/>
    <date_inactive>1969-12-31</date_inactive>
    <parties_original>
      <partyisocode n="1">MYS</partyisocode>
    </parties_original>
    <parties>
      <partyisocode n="1">MYS</partyisocode>
    </parties>
    <composition/>
    <region/>
    <parties_wto/>
    <crossregional/>
    <language>en</language>
    <source lang="en" type="full text">http://sul-derivatives.stanford.edu/derivative?CSNID=90750121&amp;mediaType=application/pdf</source>
  </meta>
  <body>
    <chapter chapter_identifier="1943">
      <article article_identifier="16425">The Govornmen'ts of SARAWAK and NORTH BORNEO having regard to the 
General Agreement on Tariffs and Trade have agreed as follows:</article>
    </chapter>
    <chapter chapter_identifier="1944">
      <article number="ARTICLE 1" article_identifier="16426">1. A Free Trade Area (hereinafter referred to as the "Borneo Free Trade 
Area") is hereby established. 



2. The Members of the Borneo Free Trade Area (hereinafter referred to as 
"Participating Governments") shall be the Governments of the territories of 
SARAWAK and NORTH BORNEO and such other Governments as may accede to it. 

3, The area of the Borneo Free Trade Area (hereinafter referred to as 
the "Area") shall be the territories referred to in paragraph 2; excluding 
any Free Port situate within any such territory, and any reference in this 
Agreement to a territory shall be deemed to exclude the area of any Free 
Port situate within such territory. 



4. An Economic Co-ordinating Committee as an Institution of the Borneo 
Free Trade Area is hereby established. 



5. For the purposes of this Agreement: 

"quantitative restrictions" means prohibitions or restrictions 
on imports from or exports to the territory of another Participating 
Government whether made effective through quotas, import or export 
licences, or other measures with equivalent effect, including 
administrative measures and requirements restricting import or 
export.</article>
      <article number="ARTICLE 2" article_identifier="16427">The objectives of the Borneo Free Trade Area shall be to promote in the 
Area and in the territory of each Participating Government a sustained 
expansion of economic activity, increased productivity and the rational use 
of resources, financial stability and a continuous improvement in living 
standards.</article>
      <article number="ARTICLE 3" article_identifier="16428">Each Participating Government shall admit free of import duties and 
any other charges with equivalent effect goods eligible for Area tariff 
treatment under Article 4.</article>
      <article number="ARTICLE 4" article_identifier="16429">1. For the purpose of Article3 goods shall be accepted as eligible for 
Area tariff treatment if they have been consigned to the territory of a 
Participating Government from the territory of another Participating 
Government under any one of the following conditions: 



(a) 	if they are of Area origin in accordance with the rules regarding 
Area origin (hereinafter referred to as the "Area origin rules") 
set out in Appendix A to this Agreement; 



(b) 	if they are imported goods not of Area origin provided the import 
duties or charges levied by the Participating Government into 
whose territory the goods were imported from outside the Area 
are not such as would cause deflection of trade. 

2. Notwithstanding the provisions of paragraph 1 of this Article, 
Participating Governmentsmay agree to exclude any goods or class of goods 
from Area tariff treatment. Such good or classes of goods are set out in 
Appendix B to this Agreement and this Appendix may be amended from time 
to time by mutual agreement. When such goods or classes of goods are 
transferred from the territory of one Participating Government to the territory 
of another Participating Government in the case of goods or classes of 
goods imported from outside the Area and so excluded, the difference between 
the import duties levied by the Participating Government shall be refunded 
or collected as the case may be. In the case of goods or classes olf goods 
of Area origin so excluded, such goods or classes of goods shall on transfer 
from the territory of one Participating Government to the territory of 
another Participating Government be treated as if they had been manufactured 
in the territory of the other Participating Government and subject to the excise 
in force in the receiving territory together with any import duties levied 
in that territory on components of such goods or classes of goods, and any 


difference in the total of import duty and excise shall be collected or refunded as the case may be. 



3. Nothing in this Agreement shall prevent a Participating Government 
from accepting as eligible for Area tariff treatment any goods or classes 
of goods imported from the territory of another Participating Government 
provided that like goods or classes of: goods are accorded reciprocal 
treatment by that Participating Government. 



4. The Economic Co-ordinating Committee shall from time to time examine 
in what respect Area origin rules can be amended to make them simpler and 
more liberal and these rules may be amended from time to time by mutual 
agreement.</article>
      <article number="ARTICLE 5" article_identifier="16430">1. For the purposes of Article 4 and of this Article, trade is said to 
be deflected: 



(a) 	when imports of a particular product into the territory of a 
Participating Government from the territory of another Participating 
Government are increasing: 



(i) 	as a result of the elimination of import duties and charges 
on that product in accordance with Article 3,. and 



(ii) 	because import duties or charges levied by the exporting 
Participating Government on imports from outside the Area 
of the product in question, or of raw materials or intermediate products used in the production of the product in 
question, are significantly lower than the corresponding 
import duties or charges levied by the importing Participating 
Government, and 


(b) 	this increase in imports causes or would cause serious injury to 
the revenues of the importing Participating Government or to 
production which is carried on in the territory of that Participating Government. 


2. The Economic Co-ordinating Committee shall keep under review the 
question of deflections of trade and their causes. It shall recommend to 
Participating Governments such action as is necessary to deal with the 
causes of deflection of trade by amending the Area origin rules or the 
level of' import duties or by such other means as it may consider appropriate. 



3. If a deflection of trade of a particularly urgent nature occurs, any 
Participating Government may refer the matter to the Economic Co-ordinating 
Committee. The Committee shall make its recommendations as quickly as 
possible and in general within one month. Participating Governments 
undertake to take early action on any such recommendations' and if a 
Participating Government does not, or is unable to, comply with a 
recommendation of the Economic Co-ordinating Committee it shall inform the 
Committee of the reasons therefor and the other Participating Governments 
may then take measures to safeguard their position. 



4. A Participating Government which is considering the reduction of the 
effective level of its import duties or charges on any product not eligible 
for Area tariff treatment shall, as far as may be practicable, notify the 
Co-ordinating Committee before such reductions come into effect, and shall 
consider any representations made by another Participating Government that 
the reduction is likely to lead to deflection of trade. 

5. When considering changes in their duties or charges on any product 
not eligible for Area tariff treatment Participating Governments shall have 
due regard to the desirability of avoiding consequential deflections of 
trade.</article>
      <article number="ARTICLE 6" article_identifier="16431">1. 	Participating Governments shall not: 



(a) 	apply directly or indirectly to imported goods of Area origin 
any fiscal charges in excess of those applied directly or indirectly 
to like domestic goods, nor otherwise apply such charges so as to 
afford effective protection to domestic goods, or 



(b) 	apply fiscal charges to imported goods of Area origin of a kind 
which they do not produce, or which they do not produce in 
substantial quantities, in such a way as to afford effective 
protection to the domestic production of goods of a different 
kind which are substitutable for the imported goods of Area origin 
which enter into direct competition with them and which do not 
bear directly or indirectly in the country of importation, 
fiscal charges of equivalent incidence. 

2. 	For the purposes of this Article: 


"fiscal charges" means internal taxes and other internal charges 
on goods and revenue duties and excludes import duties.</article>
      <article number="ARTICLE 7" article_identifier="16432">1. Each Participating Government may refuse to accept as eligible for 
Area tariff treatment goods which benefit from drawback allowed by 
Participating Governments. In applying this paragraph, each Participating 
Government shall accord the same treatment to imports from the territories 
of all Participating Governments. 



2. 	For the purposes of this Article: 

"drawback" means an arrangement for the refund wholly or in part 
of import duty paid on imported goods or materials re-exported 
either unchanged or as parts or ingredients of other goods; 


"remission" includes exemption for materials brought into Free 
Ports and other places which have similar customs privileges.</article>
      <article number="ARTICLE 8" article_identifier="16433">1. Participating Governments shall not charge export duties on any goods 
which are transferred to the territory of another Participating Government. 



2. Whenever goods liable to export duty are transferred under the provisions
of paragraph 1 of this Article and are subsequently exported from the Area, 
export duty shall be payable, and the Participating Government from whose 
territory the goods are exported shall collect on behalf of and pay to 
the Participating Government of the territory from which the goods are 
transferred the export duties levied in respect of such goods in that 
territory. 



3. The provisions of this Article shall not prevent any Participating
Government from taking such measures as are necessary to prevent evasion, 

by means of transfer and export, of duties which it applies to exports to 
territories outside the Area or to prevent serious injury to its revenues.</article>
      <article number="ARTICLE 9" article_identifier="16434">Each Participating Government agrees not to alter import or export
duties or excise, or any other charge with equivalent effect, on any goods
without prior consultation with' other Participating Governments.</article>
      <article number="ARTICLE 10" article_identifier="16435">Participating Governments shall take appropriate measures, including 


arrangements regarding administrative co-operation, to ensure that the 


provisions of this Agreement are effectively and harmoniously applied,


taking account of the need to reduce as far as is possible the formalities 


imposed on trade and of the need to achieve mutually satisfactory solutions 


of ariy difficulties arising out of the operation of these provisions.</article>
      <article number="ARTICLE 11" article_identifier="16436">1. Participating Governments shall not introduce or intensify quantitative 
restrictions on imports of any goods from the territory of another 
Participating Government. 



2. Each Participating Government shall relax any such quantitative
restrictions progressively in such a way that a reasonable rate of 
expansion of trade is not frustrated. 



3. Each Participating Government shall apply the provisions of this 

Article in such a way that all other Participating Governments are given 
like treatment.</article>
      <article number="ARTICLE 12" article_identifier="16437">1. Participating Governments shall not, except as provided for by


paragraph 3 of Article 8, introduce or intensify prohibitions or restrictions 
on exports to the territory of another Participating Government, whether 
made effective through quotas or export licenses or other measures with 
equivalent effect. 


2. The provisions of this Article shall not prevent any Participating 
Government from taking such measures as are necessary to prevent evasion; 
by means of transfer and export, of restrictions which it applied to exports 
to territories outside the Area.</article>
      <article number="ARTICLE 13" article_identifier="16438">Provided that such measures are not used as a means of arbitrary or 
unjustifiable discrimination between Participating Governments or as a 
disguised restriction on trade between Participating Governments, nothing 
in Articles 11 and 12 shall prevent the adoption of or enforcement by any 
Participating Government of measures: 



(a) 	necessary to protect public morals; 



(b) 	necessary for the prevention of disorder and crime; 



(c) 	necessary to protect human, animal or plant life or health; 



(d) 	necessary to protect copyrights or to prevent deceptive 
practices; 



(e) 	imposed for the protection of national treasures of artistic, 
historic or archaeological value; 



(f) 	undertaken in pursuance of obligations under inter-governmental 
commodity agreements conforming to the principles approved by 
the Economic and Social Council of the United Nations in its 
resolution of 28 March 1947, establishing an Interim Co-ordinatinv 
Committee for International Commodity Arrangements.</article>
      <article number="ARTICLE 14" article_identifier="16439">Participating Governments shall not maintain or introduce any form 
of aid, the main purpose or effect of which is to frustrate the benefits 
expected from the removal or absence of duties and quantiative restrictions 
on trade between Participating Governments.</article>
      <article number="ARTICLE 15" article_identifier="16440">1. Participating Governments shall accord to residents of any other 
Participating Government no less favourable treatment than is accorded to 
their own residents in the establishment and operation of economic 
enterprises in their territories. 



2. Nothing in this Article shall prevent the adoption and enforcement 
by a Participating Government of measures for the control of entry, 
residence, activity and departure of non-residents where such measures are 
justified by reaons of public order, public health or morality, or 
national security.</article>
      <article number="ARTICLE 16" article_identifier="16441">1. Nothing in this Agreement shall prevent any Participating Government 
from taking action against the import-of dumped or subsidized products. 
If any industry in the territory of any Participating Government is suffering or is threatened with material injury as the result of the import of 
dumped or subsidized products into the territory of another Participating 
Government, the latter shall, at the request of the former, examine the 
possibility of taking such action as is consistent with _ts international 


obligations to remedy the injury or prevent the threatened injury. 


2. For the purposes of this Article, a product shall be deemed to be 
"dumped" if the price of the product exported f:'-m one territory to 
another: 


(a) is less than the comparable price, in the ordinary course of 


trade, for the like product when destined for consumption in the 
exporting country; or 


(b) in the absence of such domestic price is less than either: 



(i) 	the highest comparable price for the like product for export 
to any third territory in the ordinary course of trade. or 



(ii) 	the cost of production of the product in the territory of 
origin plus a reasonable addition for selling cost and 
profit. 

Due allowance shall be made. in each case for differences in conditions and 
terms of sale, for differences in taxation and for other differences 
affecting price comparability. 


15. For the purposes of this Article, a product shall be deemed to be 
subsidized if any bounty or subsidy has been granted, directly or indirectly 
on its manufacture, production or export, in the country of origin or 
exportation, including any special subsidy in respect of its transportation, 
provided that no product of any pioneer industry., within the meaning of 
any law in the exporting territory relating to pioneer industries, shall be 
deemed to be subsidized by reason only of the fact that it receives 
preferential treatment as a pioneer product.</article>
      <article number="ARTICLE 17" article_identifier="16442">Nothing in this Agreement shall prevent any Participating Goverment 
from taking any action which it considers necessary for the protection of 
its essential security interests: 


(i) 	relating to fissional materials or the materials from which 
they are derived; 


(ii) 	relating to the traffic in arms, ammunition, and implements 
of war and to such traffic in other goods and materials as 
is carried on directly or indirectly for the purpose of 
supplying a military establishment; 


(iii) 	taken in time of war or other emergency in international 
relations; or 


from taking any action in pursuance of its obligations under the United 


Nations Charter for the maintenance of international peace and security.</article>
      <article number="ARTICLE 18" article_identifier="16443">Participating Governments recognise that the economic and financial 


policies of each of them affect the economies of the other Participating 


Governments and intend to pursue those policies in a manner: which serves 


to promote the objectives of the Borneo Free Trade Area. They shall 


periodically exchange views on all aspects of those policies. The 


Economic Co-ordinating Committee may make recommendations to Participating 


Governments on matters relating to those policies to the extent necessary 


to ensure the attainment of the objectives and the smooth operation of the 


Borneo 	Free Trade Area.</article>
      <article number="ARTICLE 19" article_identifier="16444">1. If any Participating Government considers that any benefit conferred 
upon it by this Agreement or any objective of the Borneo Free Trade Area 
is being or may be frustrated and if no satisfactory settlement is reached 
between the Participating Governments concerned, any of those Participating 
Governments may refer the matter to the Economic Co-ordinating Committee. 
The Committee shall promptly make arrangements for examining the matter 
and shall make such recommendations as it considers appropriate. 



2. If a Participating Government does not or is unable to comply with 
a recommendation of the Economic Co-ordinating Committee to rectify the. 
situation set out in paragraph 1 of this Article it shall inform the 
Committee of the reasons therefor and then the Participating Government 
bringing the matter forward may take measures to safeguard its position.</article>
      <article number="ARTICLE 20" article_identifier="16445">1. It shall be the responsibility of the Economic Co-ordinating 
Committee:


(a) 	to exercise such powers and functions as are conferred upon 
it by this Agreement; 



(b) 	to supervise the application of this Agreement and keep its 
operation under review; 


(c) 	to consider whether further action should be taken by Participating 
Governments in order to promote the attainment of the objectives 
of the Borneo Free Trade Area and to facilitate the establishment 
of closer links with other territories; and 



(d) 	to meet at regular intervals and at any other times the Chairman 
considers necessary. 


2. Each Participating Government shall be represented in the Committee 
by one official and two unofficial members appointed by the respective 
Governments. 



3. The Chairman of the Committee shall be an independent person not 
employed by any of the Participating Governments. He shall be appointed 
by unanimous agreement of the. Participating Governments.</article>
      <article number="ARTICLE 21" article_identifier="16446">1. A Participating Government shall collect on behalf of and pay to 
another Participating Government: 


(a) 	the import duties and excise imposed in respect of: 



(i) 	goods which are eligible for Area tariff treatment; and 



(ii) 	goods which are excluded under the provisions of paragraph 2 
of Article 4 to the extent that the duties are not refunded 
under the provisions of that paragraph, 

when 	such goods have been imported into its territory or manu

factured therein and subsequently transferred to the territory of 


another Participating Government; and 


(b) 	the export duties imposed in respect of goods which have been 
transferred into its territory under the provisions of paragraph 1 
of Article 8 and which are subsequently exported outside the 
Area. 


2. A Participating Government shall, in the case of goods manufactured 
in the territory of another Participating Government and containing 
dutiable components imported from outside the Area and which are subsequently 
transferred to the territory of the first Participating Government, be 
entitled to claim the amount of import duties involved, and the second 
Participating Government shall, on receipt of the claim, pay the amount 
of duties involved.</article>
      <article number="ARTICLE 22" article_identifier="16447">Any Government may accede to this Agreement; provided that the 
original Participating Governments approve its accession. This Agreement 
shall enter into force in relation to an acceding Government on the date 
indicated in that approval.</article>
      <article number="ARTICLE 23" article_identifier="16448">Any Participating Government may withdraw from this Agreement provided 
that it gives twelve months' notice in writing to other Participating 
Governments and at the same time informs the Chairman of the Economic 
Co-ordinating Committee.</article>
      <article number="ARTICLE 24" article_identifier="16449">This Agreement may be amended from time to time by consent of the 
Participating Governments.</article>
      <article number="ARTICLE 25" article_identifier="16450">This Agreement may be cited as the Borneo Free Trade Area Agreement, 
1961, and shall come into force on the first day of January,. 1962, and 
shall continue in force subject to the provisions of Article 23.</article>
    </chapter>
  </body>
</treaty>
