<?xml version="1.0" encoding="UTF-8"?>
<treaty>
  <meta>
    <name>Lao People's Democratic Republic - Thailand</name>
    <type>Partial Scope Agreement</type>
    <wto_rta_id>131</wto_rta_id>
    <treaty_identifier>120</treaty_identifier>
    <status>In Force</status>
    <notification>Enabling Clause</notification>
    <date_signed>1991-06-20</date_signed>
    <date_into_force>1991-06-20</date_into_force>
    <date_notification>1991-11-26</date_notification>
    <end_implementation>1991-12-31</end_implementation>
    <date_inactive/>
    <parties_original>
      <partyisocode n="1">LAO</partyisocode>
      <partyisocode n="2">THA</partyisocode>
    </parties_original>
    <parties>
      <partyisocode n="1">LAO</partyisocode>
      <partyisocode n="2">THA</partyisocode>
    </parties>
    <composition>Bilateral</composition>
    <region>East Asia</region>
    <parties_wto>Yes</parties_wto>
    <crossregional>No</crossregional>
    <language>en</language>
    <source lang="en" type="full text">http://sul-derivatives.stanford.edu/derivative?CSNID=91600059&amp;mediaType=application/pdf</source>
  </meta>
  <body>
    <chapter chapter_identifier="1337">
      <article article_identifier="10957">Trade Agreement 
between 
The Government of the Kingdom of Thailand 
and 
The Government of the Lao People's Democratic Republic 


The Government of the Kingdom of Thailand and the Government of the 
Lao People's Democratic Republic (hereinafter referred to as 'the 
Contracting Parties"); 


Desiring to strengthen the long existing friendship between the 
Peoples of the two countries in conformity with the cRpirit of the three 
Joint Communiques between the Government of the Kingdom of Thailand and the 
Government of the Lao People's Democratic Republic, signed by their 
respective Prime Ministers on 6th January B.E.2522 (1979), 4th April 
B.E.2522 (1979) and 25th November B.E.2531 (1988); 


Wishing to enhance and expand their trade relations on the basis of 
respect of independence, sovereignty, territorial integrity, equality and 
mutual interests; 


Have agreed as follows:</article>
    </chapter>
    <chapter chapter_identifier="1338">
      <article number="ARTICLE 1" article_identifier="10958">The Contracting Parties shall promote and expand the trade relations 
between the two countries within the framework of laws and regulations in 
force in their respective countries.</article>
      <article number="ARTICLE 2" article_identifier="10959">The Contracting Parties shall conduct their trade relations with a 
view to increasing the volume of trade between the two countries and shall 
endeavour to resolve their trade problems and barriers in orde: to achieve, 
to the extent possible, parity in their trade.</article>
      <article number="ARTICLE 3" article_identifier="10960">The Contracting Parties shall accord each other the most-favourednation treatment with respect to customs duties, taxes, and other charges 
as well as customs formalities in connection with the importation and 
exportation of goods from one country to another country. 


The provision in the preceding paragraph shall not apply to the 
advantages, exemptions and privileges which either of the Contracting 
Parties accords or shall accord to countries which together with that party 
are members in a customs union, a free trade area or a regional association 
for economic cooperation already existed or which may be established in the 
future and to a third country which has concluded or shall conclude an 
agreement on the reciprocal exemption of double taxation or the exemption 
of taxation with that party.</article>
      <article number="ARTICLE 4" article_identifier="10961">In order to assist the Lao People's Democratic Republic, as being one 
of the least developed countries and a land-locked neighbouring country 
with a long history of close relations with Thailand, the Government of the 
Kingdom of Thailand shall apply preferential customs tariff rates for goods 
which have the place of origin in the Lao People's Democratic Republic in 
accordance with the tariff list to be submitted by the Thai side. 


The grant of preferential customs tariff under the first paragraph may 
be revoked or revised as and when the Government of the Kingdom of Thailand 
deems appropriate.</article>
      <article number="ARTICLE 5" article_identifier="10962">The Contracting Parties have worked out the lists of main export goods 
from the Lao People's Democratic Republic to the Kingdom of Thailand and of 
main export goods from the Kingdom of Thailand to the Lao People's 
Democratic Republic as appeared in the annexes to the Agreement.</article>
      <article number="ARTICLE 6" article_identifier="10963">Trade between the Contracting Parties shall be carried out through 
companies or organizations authorized for this purpose by their respective 
Governments. 


Prices of goods shall be determined by agreement between companies or 
organizations of the two Parties at the time of contract of sale is 
concluded and shall be based on the prices in major world markets and/or 
the prices in major regional markets. 


All payments shall be made in freely convertible foreign currencies, 
through the banks designated by their respective Governments.</article>
      <article number="ARTICLE 7" article_identifier="10964">Aiming at an orderly function of their border trade, the Contracting 
Parties shall lay down distinct and appropriate regulations which would be 
convenient for the protection and inspection at the two Parties' border 
checkpoints. Officials at each border checkpoint of the two countries 
shall meet in order to exchange views on practical problems of cooperation.</article>
      <article number="ARTICLE 8" article_identifier="10965">Every six months, the Contracting Parties shall convene a meeting of a 
Joint Working Group consisting of representatives from both sides to follow 
up the implementation and to work out the details of the lists, volume, and 
value of goods to be used for the next period in accordance with this 
Agreement and the actual condition of the market. If trade imbalance 
occurs, the Contracting Parties shall try to find appropriate measures to 
correct it. 


If necessary and upon request of either Party, the Joint Working Group 
may meet at any time in order to consult and resolve the problems which may 
arise within the scope of this Agreement. 


The trade delegations at ministerial level of the two countries shall 
meet once a year in Thailand and the Lao People's Democratic Republic 
alternately in order to consult, evaluate and consider proposals of the 
Joint Working Group and to find ways and means to resolve the problems 
which may arise within the scope of this Agreement. If urgency requires, 
the trade delegations at ministerial level of both Parties may agree to 
meet in a special session.</article>
      <article number="ARTICLE 9" article_identifier="10966">The present Agreement shall enter into force on the date of signing. 


It shall remain valid for a period of one year and shall be automatically 
extended for an indefinite period until either Contracting Party notifies 
the other in writing three months in advance of its intention to terminate the present Agreement. 


At the request in writing of either Government, this Agreement may be 
amended by mutual consent. 


Upon the entry into force of this Agreement, the Trade Agreement 
between the Government of the Kingdom of Thailand and the Government of the 
Lao People's Democratic Republic signed at Vientiane on 1 June B.E.2521 
(1978) shall be terminated.</article>
    </chapter>
    <chapter chapter_identifier="1339">
      <article article_identifier="10967">Done at Bangkok this twentieth day of June in the Two thousand Five 
hundred and thirty fourth year of the Buddhist Era, (corresponding to the 
One thousand Nine hundred and ninety first year of the Christian Era), in 
two originals in the Thai and Lao languages, both texts being equally 
authentic. 


For the Government of For the Government of the Lao 


the Kingdom of Thailand People's Democratic Republic 


ARSA SARASIN KHAMPHOUI KEOBOUALAPHA 


(Mr. Arsa Sarasin) (Than Khamphoui Keoboualapha) 
Minister of Foreign Affairs Minister of Commerce and Tourism</article>
    </chapter>
  </body>
</treaty>
