<?xml version="1.0" encoding="UTF-8"?>
<treaty>
  <meta>
    <name>EU - Egypt</name>
    <type>Free Trade Agreement</type>
    <wto_rta_id>44</wto_rta_id>
    <treaty_identifier>40</treaty_identifier>
    <status>In Force</status>
    <notification>GATT Art. XXIV</notification>
    <date_signed>2001-06-25</date_signed>
    <date_into_force>2004-06-01</date_into_force>
    <date_notification>2004-09-03</date_notification>
    <end_implementation>2019-12-31</end_implementation>
    <date_inactive/>
    <parties_original>
      <partyisocode n="1">AUT</partyisocode>
      <partyisocode n="2">BEL</partyisocode>
      <partyisocode n="3">CYP</partyisocode>
      <partyisocode n="4">CZE</partyisocode>
      <partyisocode n="5">DEU</partyisocode>
      <partyisocode n="6">DNK</partyisocode>
      <partyisocode n="7">EGY</partyisocode>
      <partyisocode n="8">ESP</partyisocode>
      <partyisocode n="9">EST</partyisocode>
      <partyisocode n="10">FIN</partyisocode>
      <partyisocode n="11">FRA</partyisocode>
      <partyisocode n="12">GBR</partyisocode>
      <partyisocode n="13">GRC</partyisocode>
      <partyisocode n="14">HUN</partyisocode>
      <partyisocode n="15">IRL</partyisocode>
      <partyisocode n="16">ITA</partyisocode>
      <partyisocode n="17">LTU</partyisocode>
      <partyisocode n="18">LUX</partyisocode>
      <partyisocode n="19">LVA</partyisocode>
      <partyisocode n="20">MLT</partyisocode>
      <partyisocode n="21">NLD</partyisocode>
      <partyisocode n="22">POL</partyisocode>
      <partyisocode n="23">PRT</partyisocode>
      <partyisocode n="24">SVK</partyisocode>
      <partyisocode n="25">SVN</partyisocode>
      <partyisocode n="26">SWE</partyisocode>
    </parties_original>
    <parties>
      <partyisocode n="1">AUT</partyisocode>
      <partyisocode n="2">BEL</partyisocode>
      <partyisocode n="3">BGR</partyisocode>
      <partyisocode n="4">CYP</partyisocode>
      <partyisocode n="5">CZE</partyisocode>
      <partyisocode n="6">DEU</partyisocode>
      <partyisocode n="7">DNK</partyisocode>
      <partyisocode n="8">EGY</partyisocode>
      <partyisocode n="9">ESP</partyisocode>
      <partyisocode n="10">EST</partyisocode>
      <partyisocode n="11">FIN</partyisocode>
      <partyisocode n="12">FRA</partyisocode>
      <partyisocode n="13">GBR</partyisocode>
      <partyisocode n="14">GRC</partyisocode>
      <partyisocode n="15">HRV</partyisocode>
      <partyisocode n="16">HUN</partyisocode>
      <partyisocode n="17">IRL</partyisocode>
      <partyisocode n="18">ITA</partyisocode>
      <partyisocode n="19">LTU</partyisocode>
      <partyisocode n="20">LUX</partyisocode>
      <partyisocode n="21">LVA</partyisocode>
      <partyisocode n="22">MLT</partyisocode>
      <partyisocode n="23">NLD</partyisocode>
      <partyisocode n="24">POL</partyisocode>
      <partyisocode n="25">PRT</partyisocode>
      <partyisocode n="26">ROU</partyisocode>
      <partyisocode n="27">SVK</partyisocode>
      <partyisocode n="28">SVN</partyisocode>
      <partyisocode n="29">SWE</partyisocode>
    </parties>
    <composition>Bilateral; One Party is an RTA</composition>
    <region>Europe; Africa</region>
    <parties_wto>Yes</parties_wto>
    <crossregional>Yes</crossregional>
    <related_agreement_wto_id n="1">137</related_agreement_wto_id>
    <related_agreement_wto_id n="2">132</related_agreement_wto_id>
    <related_agreement_wto_id n="3">123</related_agreement_wto_id>
    <related_agreement_wto_id n="4">52</related_agreement_wto_id>
    <related_agreement_wto_id n="5">6</related_agreement_wto_id>
    <related_agreement_wto_id n="6">145</related_agreement_wto_id>
    <related_agreement_wto_id n="7">120</related_agreement_wto_id>
    <related_agreement_wto_id n="8">869</related_agreement_wto_id>
    <language>en</language>
    <source lang="en" type="full text">http://eur-lex.europa.eu/legal-content/EN/TXT/?qid=1398411944881&amp;uri=CELEX:22004A0930(03)</source>
    <source lang="es" type="full text">http://eur-lex.europa.eu/legal-content/ES/TXT/HTML/?uri=CELEX:22004A0930(03)&amp;from=EN</source>
    <source lang="fr" type="full text">http://eur-lex.europa.eu/legal-content/FR/TXT/HTML/?uri=CELEX:22004A0930(03)&amp;from=EN</source>
    <source lang="en" type="annex">http://eur-lex.europa.eu/legal-content/EN/TXT/?qid=1398411944881&amp;uri=CELEX:22004A0930(03)</source>
    <source lang="es" type="annex">http://eur-lex.europa.eu/legal-content/EN/TXT/?qid=1398411944881&amp;uri=CELEX:22004A0930(03)</source>
    <source lang="es" type="annex">http://eur-lex.europa.eu/legal-content/EN/TXT/?qid=1398411944881&amp;uri=CELEX:22004A0930(03)</source>
  </meta>
  <body>
    <chapter name="Preamble" chapter_identifier="620">
      <article number="ARTICLE 1" article_identifier="5434">1. An Association is hereby established between the Community and its
  Member States of the one part and Egypt of the other part.

  2. The aims of this Agreement are:

  to provide an appropriate framework for political dialogue, allowing
  the development of close political relations between the Parties,

  to establish conditions for the progressive liberalisation of trade in
  goods, services and capital,

  to foster the development of balanced economic and social relations
  between the Parties through dialogue and cooperation,

  to contribute to the economic and social development of Egypt,

  to encourage regional cooperation with a view to the consolidation of
  peaceful co-existence and economic and political stability,

  to promote cooperation in other areas which are of mutual interest.</article>
      <article number="ARTICLE 2" article_identifier="5435">Relations between the Parties, as well as all the provisions of the
  Agreement itself, shall be based on respect of democratic principles
  and fundamental human rights as set out in the Universal Declaration
  on Human Rights, which guides their internal and international policy
  and constitutes an essential element of this Agreement.</article>
    </chapter>
    <chapter number="TITLE I" name="Political Dialogue" chapter_identifier="621">
      <article number="ARTICLE 3" article_identifier="5436">1. A regular political dialogue shall be established between the
  Parties. It shall strengthen their relations, contribute to the
  development of a lasting partnership and increase mutual understanding
  and solidarity.

  2. The political dialogue and cooperation shall aim, in particular,
  to:

  develop better mutual understanding and an increasing convergence of
  positions on international issues, and in particular on those issues
  likely to have substantial effects on one or the other Party,

  enable each Party to consider the position and interests of the other,

  enhance regional security and stability,

  promote common initiatives.</article>
      <article number="ARTICLE 4" article_identifier="5437">The political dialogue shall cover all subjects of common interest,
  and, in particular peace, security, democracy and regional
  development.</article>
      <article number="ARTICLE 5" article_identifier="5438">1. The political dialogue shall take place at regular intervals and
  whenever necessary, in particular:

  (a) at ministerial level, mainly in the framework of the Association
  Council;

  (b) at senior official level of Egypt of the one part, and of the
  Presidency of the Council and of the Commission of the other;

  (c) by taking full advantage of all diplomatic channels including
  regular briefings by officials, consultations on the occasion of
  international meetings and contacts between diplomatic representatives
  in third countries;

  (d) by any other means which would make a useful contribution to
  consolidating, developing and stepping up this dialogue.

  2. There shall be a political dialogue between the European Parliament
  and the Egyptian People's Assembly.

  FREE MOVEMENT OF GOODS BASIC PRINCIPLES</article>
      <article number="ARTICLE 6" article_identifier="5439">The Community and Egypt shall gradually establish a free trade area
  over a transitional period not exceeding 12 years from the entry into
  force of this Agreement, according to the modalities set out in this
  Title and in conformity with the provisions of the General Agreement
  on Tariffs and Trade of 1994 and of the other multilateral agreements
  on trade in goods annexed to the Agreement establishing the World
  Trade Organisation (WTO), hereinafter referred to as the GATT.</article>
    </chapter>
    <chapter number="CHAPTER 1" name="Industrial Products" chapter_identifier="622">
      <article number="ARTICLE 7" article_identifier="5440">The provisions of this Chapter shall apply to products originating in
  the Community and Egypt falling within Chapters 25 to 97 of the
  Combined Nomenclature and of the Egyptian Customs tariff with the
  exception of the products listed in Annex I.</article>
      <article number="ARTICLE 8" article_identifier="5441">Imports into the Community of products originating in Egypt shall be
  allowed free of customs duties and of any other charge having
  equivalent effect and free of quantitative restrictions and of any
  other restriction having equivalent effect.</article>
      <article number="ARTICLE 9" article_identifier="5442">1. Customs duties and charges having equivalent effect applicable on
  import into Egypt of products originating in the Community listed in
  Annex II shall be gradually abolished in accordance with the following
  schedule:

  on the date of entry into force of this Agreement each duty and charge
  shall be reduced to 75 % of the basic duty,

  one year after the date of entry into force of this Agreement each
  duty and charge shall be reduced to 50 % of the basic duty,

  two years after the date of entry into force of this Agreement each
  duty and charge shall be reduced to 25 % of the basic duty,

  three years after the date of entry into force of this Agreement any
  remaining duty and charge shall be abolished.

  2. Customs duties and charges having equivalent effect applicable on
  import into Egypt of the products originating in the Community listed
  in Annex III shall be gradually abolished in accordance with the
  following schedule:

  three years after the date of entry into force of this Agreement each
  duty and charge shall be reduced to 90 % of the basic duty,

  four years after the date of entry into force of this Agreement each
  duty and charge shall be reduced to 75 % of the basic duty,

  five years after the date of entry into force of this Agreement each
  duty and charge shall be reduced to 60 % of the basic duty,

  six years after the date of entry into force of this Agreement each
  duty and charge shall be reduced to 45 % of the basic duty,

  seven years after the date of entry into force of this Agreement each
  duty and charge shall be reduced to 30 % of the basic duty,

  eight years after the date of entry into force of this Agreement each
  duty and charge shall be reduced to 15 % of the basic duty,

  nine years after the date of entry into force of this Agreement any
  remaining duty and charge shall be abolished.

  3. Customs duties and charges having equivalent effect applicable on
  import into Egypt of the products originating in the Community listed
  in Annex IV shall be gradually abolished in accordance with the
  following schedule:

  five years after the date of entry into force of this Agreement each
  duty and charge shall be reduced to 95 % of the basic duty,

  six years after the date of entry into force of this Agreement each
  duty and charge shall be reduced to 90 % of the basic duty,

  seven years after the date of entry into force of this Agreement each
  duty and charge shall be reduced to 75 % of the basic duty,

  eight years after the date of entry into force of this Agreement each
  duty and charge shall be reduced to 60 % of the basic duty,

  nine years after the date of entry into force of this Agreement each
  duty and charge shall be reduced to 45 % of the basic duty,

  10 years after the date of entry into force of this Agreement each
  duty and charge shall be reduced to 30 % of the basic duty,

  11 years after the date of entry into force of this Agreement each
  duty and charge shall be reduced to 15 % of the basic duty,

  12 years after the date of entry into force of this Agreement any
  remaining duty and charge shall be abolished.

  4. Customs duties and charges having equivalent effect applicable on
  import into Egypt of the products originating in the Community listed
  in Annex V shall be gradually abolished in accordance with the
  following schedule:

  six years after the date of entry into force of this Agreement each
  duty and charge shall be reduced to 90 % of the basic duty,

  seven years after the date of entry into force of this Agreement each
  duty and charge shall be reduced to 80 % of the basic duty,

  eight years after the date of entry into force of this Agreement each
  duty and charge shall be reduced to 70 % of the basic duty,

  nine years after the date of entry into force of this Agreement each
  duty and charge shall be reduced to 60 % of the basic duty,

  10 years after the date of entry into force of this Agreement each
  duty and charge shall be reduced to 50 % of the basic duty,

  11 years after the date of entry into force of this Agreement each
  duty and charge shall be reduced to 40 % of the basic duty,

  12 years after the date of entry into force of this Agreement each
  duty and charge shall be reduced to 30 % of the basic duty,

  13 years after the date of entry into force of this Agreement each
  duty and charge shall be reduced to 20 % of the basic duty,

  14 years after the date of entry into force of this Agreement each
  duty and charge shall be reduced to 10 % of the basic duty,

  15 years after the date of entry into force of this Agreement any
  remaining duty and charge shall be abolished.

  5. Customs duties and charges having equivalent effect applicable to
  imports into Egypt of products originating in the Community, other
  than those in Annexes II, III, IV and V shall be abolished in
  accordance with the relevant schedule on the basis of a decision of
  the Association Committee.

  6. In the event of serious difficulties for a given product, the
  relevant timetables in accordance with paragraphs 1, 2, 3 and 4 may be
  reviewed by the Association Committee by common accord on the
  understanding that the schedule for which the review has been
  requested may not be extended in respect of the product concerned
  beyond the maximum transitional period. If the Association Committee
  has not taken a decision within 30 days of its application to review
  the timetable, Egypt may suspend the timetable provisionally for a
  period that may not exceed one year.

  7. For each product concerned, the basic duty to be gradually reduced
  as provided for in paragraphs 1, 2, 3 and 4 shall be the rates
  referred to in Article 18.</article>
      <article number="ARTICLE 10" article_identifier="5443">The provisions concerning the abolition of customs duties on imports
  shall also apply to customs duties of a fiscal nature.</article>
      <article number="ARTICLE 11" article_identifier="5444">1. By way of derogation from the provisions of Article 9, Egypt may
  take exceptional measures of limited duration to increase or
  re-introduce customs duties.

  2. Such measures may only apply to new and infant industries or to
  sectors undergoing restructuring or experiencing serious difficulties,
  particularly where those difficulties entail severe social problems.

  3. Customs duties on import into Egypt of products originating in the
  Community that are introduced by such exceptional measures may not
  exceed 25 % ad valorem, and must retain a preferential margin for
  products originating in the Community. The total value of imports of
  the products subjected to such measures may not exceed 20 % of total
  imports of industrial products from the Community during the last year
  for which statistics are available.

  4. Such measures shall be applied for no longer than five years,
  except where a longer duration is authorised by the Association
  Committee. They shall cease to apply at the latest on expiry of the
  maximum transitional period.

  5. Such measures may not be introduced for a given product if more
  than three years have elapsed since the abolition of all duties,
  quantitative restrictions and charges and measures having equivalent
  effect on the product concerned.

  6. Egypt shall inform the Association Committee of any exceptional
  measures it intends to adopt and, at the Community's request,
  consultations shall be held on the measures and sectors concerned
  before they are implemented. When adopting such measures, Egypt shall
  provide the Committee with a schedule for the abolition of the customs
  duties introduced pursuant to this Article. Such schedule shall
  provide for the phasing out of the duties concerned by equal annual
  instalments, starting no later than the end of the second year
  following their introduction. The Association Committee may decide on
  a different schedule.

  7. By way of derogation from the provisions of paragraph 4, the
  Association Committee may exceptionally, in order to take into account
  the difficulties involved in setting up new industries, endorse the
  measures already taken by Egypt pursuant to paragraph 1 for a maximum
  period of four years beyond the 12 years transitional period.</article>
    </chapter>
    <chapter number="CHAPTER 2" name="Agricultural, Fisheries And Processed Agricultural Products" chapter_identifier="623">
      <article number="ARTICLE 12" article_identifier="5445">The provisions of this Chapter shall apply to products originating in
  the Community and Egypt falling within Chapters 1 to 24 of the
  Combined Nomenclature and of the Egyptian Customs tariff and to the
  products listed in Annex I.</article>
      <article number="ARTICLE 13" article_identifier="5446">The Community and Egypt shall progressively establish a greater
  liberalisation of their trade in agricultural, fisheries and processed
  agricultural products of interest to both parties.</article>
      <article number="ARTICLE 14" article_identifier="5447">1. Agricultural products originating in Egypt listed in Protocol 1 on
  importation into the Community shall be subject to the arrangements
  set out in that Protocol.

  2. Agricultural products originating in the Community listed in
  Protocol 2 on importation into Egypt shall be subject to the
  arrangements set out in that Protocol.

  3. Trade for processed agricultural products falling under this
  chapter shall be subject to the arrangements set out in Protocol 3.</article>
      <article number="ARTICLE 15" article_identifier="5448">1. During the third year of implementation of the Agreement, the
  Community and Egypt shall examine the situation in order to determine
  the measures to be applied by the Community and Egypt from the
  beginning of the fourth year after the entry into force of the
  Agreement, in accordance with the objective set out in Article 13.

  2. Without prejudice to the provisions of paragraph 1 and taking
  account of the volume of trade in agricultural, fisheries and
  processed agricultural products between them and of their particular
  sensitivity, the Community and Egypt shall examine in the Association
  Council, product by product and on an orderly and reciprocal basis,
  the possibility of granting each other further concessions.</article>
      <article number="ARTICLE 16" article_identifier="5449">1. In the event of specific rules being introduced as a result of the
  implementation of its agricultural policy or of any alteration of the
  current rules or in the event of any alteration or extension of the
  provisions relating to the implementation of its agricultural policy,
  the Party concerned may amend the arrangements resulting from the
  Agreement in respect of the products concerned.

  2. In such cases, the Party concerned shall inform the Association
  Committee. At the request of the other Party, the Association
  Committee shall meet to take due account of the interests of the other
  Party.

  3. If the Community or Egypt, in applying paragraph 1, modifies the
  arrangements made by this Agreement for agricultural products, they
  shall accord imports originating in the other Party an advantage
  comparable to that provided for in this Agreement.

  4. The application of this Article should be the subject of
  consultations in the Association Council.</article>
    </chapter>
    <chapter number="CHAPTER 3" name="Common Provisions" chapter_identifier="624">
      <article number="ARTICLE 17" article_identifier="5450">1. No new quantitative restrictions on imports or any other
  restriction having equivalent effect shall be introduced in trade
  between the Community and Egypt.

  2. Quantitative restrictions on imports and any other restriction
  having equivalent effect in trade between the Community and Egypt
  shall be abolished from the entry into force of this Agreement.

  3. The Community and Egypt shall not apply to exports between
  themselves either customs duties or charges having equivalent effect,
  or quantitative restrictions or measures having equivalent effect.</article>
      <article number="ARTICLE 18" article_identifier="5451">1. The applicable rates for imports between the Parties shall be the
  WTO bound rate or lower applied rate enforced as of 1 January 1999 .
  If, after 1 January 1999 , a tariff reduction is applied on an erga
  omnes basis, the reduced rate shall apply.

  2. No new customs duties on imports or exports, or charges having
  equivalent effect, shall be introduced, nor shall those already
  applied be increased, in trade between the Community and Egypt, unless
  this Agreement provides otherwise.

  3. The Parties shall communicate to each other their respective
  applied rates on 1 January 1999 .</article>
      <article number="ARTICLE 19" article_identifier="5452">1. Products originating in Egypt shall not, on importation into the
  Community, be accorded a treatment more favourable than that which the
  Member States apply among themselves.

  2. Application of the provisions of this Agreement shall be without
  prejudice to the special provisions for the application of the
  Community law to the Canary Islands.</article>
      <article number="ARTICLE 20" article_identifier="5453">1. The Parties shall refrain from any measure or practice of an
  internal fiscal nature establishing, whether directly or indirectly,
  discrimination between the products of one Party and like products
  originating in the territory of the other Party.

  2. Products exported to the territory of one of the Parties may not
  benefit from repayment of indirect internal taxation in excess of the
  amount of indirect taxation imposed on them either directly or
  indirectly.</article>
      <article number="ARTICLE 21" article_identifier="5454">1. This Agreement shall not preclude the maintenance or establishment
  of customs unions, free trade areas or arrangements for frontier
  trade, except in so far as they alter the trade arrangements provided
  for in this Agreement.

  2. Consultation between the Parties shall take place within the
  Association Council concerning agreements establishing customs unions
  or free trade areas and, where requested, on other major issues
  related to their respective trade policy with third countries. In
  particular, in the event of a third country acceding to the Union,
  such consultation shall take place so as to ensure that account can be
  taken of the mutual interests of the Parties.</article>
      <article number="ARTICLE 22" article_identifier="5455">If one of the Parties finds that dumping is taking place in trade with
  the other Party within the meaning of the provisions of Article VI of
  the GATT 1994, it may take appropriate measures against this practice
  in accordance with the WTO Agreement on the Implementation of Article
  VI of the GATT 1994 and related internal legislation.</article>
      <article number="ARTICLE 23" article_identifier="5456">Without prejudice to Article 34, the WTO Agreement on Subsidies and
  Countervailing Measures shall apply between the Parties.

  Until the necessary rules referred to in Article 34(2) are adopted, if
  either Party finds that subsidy is taking place in trade with the
  other party within the meanings of Articles VI and XVI of the GATT
  1994, it may invoke appropriate measures against this practice in
  accordance with the WTO Agreement on Subsidies and Countervailing
  Measures and related internal legislation.</article>
      <article number="ARTICLE 24" article_identifier="5457">1. The provisions of the Article XIX GATT 1994 and the WTO Agreement
  on Safeguards shall apply between the Parties.

  2. Before applying safeguard measures pursuant to the provisions of
  the Article XIX GATT 1994 and the WTO Agreement on Safeguards, the
  Party intending to apply such measures shall supply the Association
  Committee with all relevant information required for a thorough
  examination of the situation with a view to seeking a solution
  acceptable to the Parties.

  In order to find such a solution, the Parties shall immediately hold
  consultations within the Association Committee. If, as a result of the
  consultations, the Parties do not reach an agreement within 30 days of
  the initiation of the consultations on a solution to avoid the
  application of the safeguard measures, the Party intending to apply
  safeguard measures may apply the provisions of the Article XIX GATT
  1994 and the WTO Agreement on Safeguards.

  3. In the selection of safeguard measures pursuant to this Article,
  the Parties shall give priority to those which cause least disturbance
  to the achievement of the objectives of this Agreement.

  4. Safeguard measures shall be notified immediately to the Association
  Committee and shall be the subject of periodic consultations within
  the Committee, particularly with a view to their abolition as soon as
  circumstances permit.</article>
      <article number="ARTICLE 25" article_identifier="5458">1. Where compliance with the provisions of Article 17(3) leads to:

  (i) re-export towards a third country against which the exporting
  Party maintains, for the product concerned, quantitative export
  restrictions, export duties, or measures having equivalent effect, or

  (ii) a serious shortage, or threat thereof, of a product essential to
  the exporting Party;

  and where the situations referred to above give rise, or are likely to
  give rise, to major difficulties for the exporting Party, that Party
  may take appropriate measures, according to the procedures laid down
  in paragraph 2.

  2. The difficulties arising from the situations referred to in
  paragraph 1 shall be submitted for examination to the Association
  Committee. The Committee may take any decision needed to put an end to
  the difficulties. If it has not taken such a decision within 30 days
  of the matter being referred to it, the exporting Party may apply
  appropriate measures on the exportation of the product concerned. The
  measures shall be non-discriminatory and be eliminated when conditions
  no longer justify their maintenance.</article>
      <article number="ARTICLE 26" article_identifier="5459">Nothing in this Agreement shall preclude prohibitions or restrictions
  on imports, exports or goods in transit justified on grounds of public
  morality, public policy or public security, of the protection of
  health and life of humans, animals or plants, of the protection of
  national treasures possessing artistic, historic or archaeological
  value, of the protection of intellectual property or of regulations
  concerning gold and silver. Such prohibitions or restrictions shall
  not, however, constitute a means of arbitrary discrimination or a
  disguised restriction on trade between the Parties.</article>
      <article number="ARTICLE 27" article_identifier="5460">The concept of «originating products» for the application of the
  provisions of this Title and the methods of administrative cooperation
  relating to them are set out in Protocol 4.</article>
      <article number="ARTICLE 28" article_identifier="5461">The Combined Nomenclature of goods shall be applied to the
  classification of goods for imports into the Community. The Egyptian
  customs tariff shall be applied to the classification of goods for
  imports into Egypt.</article>
    </chapter>
    <chapter number="TITLE III" name="Right Of Establishment And Supply Of Services" chapter_identifier="625">
      <article number="ARTICLE 29" article_identifier="5462">1. The Parties reaffirm their respective commitments under the terms
  of the General Agreement on Trade in Services (GATS) annexed to the
  Agreement establishing the WTO, and in particular the commitment to
  accord each other most-favoured-nation treatment in trade in service
  sectors covered by these commitments.

  2. In accordance with the GATS, this treatment shall not apply to:

  (a) advantages accorded by either Party under the provisions of an
  agreement as defined in Article V of the GATS or under measures
  adopted on the basis of such an agreement;

  (b) other advantages accorded pursuant to the list of
  most-favoured-nation exemptions annexed by either Party to the GATS.</article>
      <article number="ARTICLE 30" article_identifier="5463">1. The Parties will consider extending the scope of the Agreement to
  include the right of establishment of companies of one Party in the
  territory of another Party and the liberalisation of the supply of
  services by companies of one Party to service consumers in another
  Party.

  2. The Association Council shall make the necessary recommendations
  for the implementation of the objective set out in paragraph 1.

  When formulating these recommendations, the Association Council shall
  take into account the experience gained by the implementation of the
  MFN treatment granted to each other by the Parties in accordance with
  their respective obligations under the GATS, and in particular Article
  V thereof.

  3. The objective set out in paragraph 1 of this Article shall be
  subject to a first examination by the Association Council at the
  latest five years after the entry into force of this Agreement.

  CAPITAL MOVEMENTS AND OTHER ECONOMIC MATTERS</article>
    </chapter>
    <chapter number="CHAPTER 1" name="Payments And Capital Movements" chapter_identifier="626">
      <article number="ARTICLE 31" article_identifier="5464">Subject to the provisions of Article 33, the Parties undertake to
  authorise, in fully convertible currency, any payments to the current
  account.</article>
      <article number="ARTICLE 32" article_identifier="5465">1. The Community and Egypt will ensure, from the entry into force of
  the Agreement, the free circulation of capital for direct investments
  made in companies formed in accordance with the laws of the host
  country, and the liquidation or repatriation of these investments and
  of any profit stemming therefrom.

  2. The Parties will hold consultations with a view to facilitating the
  movement of capital between the Community and Egypt and achieve its
  complete liberalisation as soon as conditions are met.</article>
      <article number="ARTICLE 33" article_identifier="5466">Where one or several Member States of the Community or Egypt face, or
  risk facing, serious difficulties concerning balance of payments, the
  Community or Egypt respectively may, in conformity with the conditions
  laid down within the framework of the GATT and Articles VIII and XIV
  of the Statutes of the International Monetary Fund, take restrictive
  measures with regard to current payments if such measures are strictly
  necessary. The Community or Egypt, as appropriate, shall inform the
  other Party immediately thereof and shall provide as soon as possible
  a timetable for the removal of such measures.</article>
    </chapter>
    <chapter number="CHAPTER 2" name="Competition And Other Economic Matters" chapter_identifier="627">
      <article number="ARTICLE 34" article_identifier="5467">1. The following are incompatible with the proper functioning of the
  Agreement, in so far as they may affect trade between the Community
  and Egypt:

  (i) all agreements between undertakings, decisions by associations of
  undertakings and concerted practices between undertakings which have
  as their object or effect the prevention, restriction or distortion of
  competition;

  (ii) abuse by one or more undertakings of a dominant position in the
  territories of the Community or Egypt as a whole or in a substantial
  part thereof;

  (iii) any public aid which distorts, or threatens to distort,
  competition by favouring certain undertakings or the production of
  certain goods.

  2. The Association Council shall, within five years of the entry into
  force of the Agreement, adopt by decision the necessary rules for the
  implementation of paragraph 1.

  Until these rules are adopted, the provisions of Article 23 shall be
  applied as regards the implementation of paragraph 1(iii).

  3. Each Party shall ensure transparency in the area of public aid,
  inter alia, by reporting annually to the other Party on the total
  amount and the distribution of the aid given and by providing, upon
  request, information on aid schemes. Upon request by one Party, the
  other Party shall provide information on particular individual cases
  of public aid.

  4. With regard to agricultural products referred to in Title II,
  Chapter 2, paragraph 1(iii) does not apply. The WTO Agreement on
  Agriculture and the relevant provisions on WTO Agreement on Subsidies
  and Countervailing Duties shall apply with regard to these products.

  5. If the Community or Egypt considers that a particular practice is
  incompatible with the terms of paragraph 1, and:

  is not adequately dealt with under the implementing rules referred to
  in paragraph 2, or

  in the absence of such rules, and if such practice causes, or
  threatens to cause, serious prejudice to the interest of the other
  Party or material injury to its domestic industry, including its
  services industry.

  It may take appropriate measures after consultation within the
  Association Committee or after 30 working days following referral for
  such consultation.

  With reference to practices incompatible with paragraph 1(iii), such
  appropriate measures, when the WTO rules are applicable to them, may
  only be adopted in accordance with the procedures and under the
  conditions laid down by the WTO or by any other relevant instrument
  negotiated under its auspices and applicable to the Parties.

  6. Notwithstanding any provisions to the contrary adopted in
  conformity with paragraph 2, the Parties shall exchange information
  taking into account the limitations imposed by the requirements of
  professional and business secrecy.</article>
      <article number="ARTICLE 35" article_identifier="5468">The Member States and Egypt shall progressively adjust, without
  prejudice to their commitments to the GATT, any State monopolies of a
  commercial character, so as to ensure that, by the end of the fifth
  year following the entry into force of this Agreement, no
  discrimination regarding the conditions under which goods are procured
  and marketed exists between nationals of the Member States and Egypt.
  The Association Committee will be informed of the measures adopted to
  implement this objective.</article>
      <article number="ARTICLE 36" article_identifier="5469">With regard to public enterprises and enterprises to which special or
  exclusive rights have been granted, the Association Council shall
  ensure that, as from the fifth year following the date of entry into
  force of this Agreement, there is neither enacted nor maintained any
  measure distorting trade between the Community and Egypt contrary to
  the Parties' interests. This provision should not obstruct the
  performance in law or in fact of the particular tasks assigned to
  these enterprises.</article>
      <article number="ARTICLE 37" article_identifier="5470">1. Pursuant to the provisions of this Article and of Annex VI, the
  Parties shall grant and ensure adequate and effective protection of
  intellectual property rights in accordance with the prevailing
  international standards, including effective means of enforcing such
  rights.

  2. The implementation of this Article and of Annex VI shall be
  regularly reviewed by the Parties. If problems in the area of
  intellectual property affecting trading conditions were to occur,
  urgent consultations shall be undertaken, at the request of either
  Party, with a view to reaching mutually satisfactory solutions.</article>
      <article number="ARTICLE 38" article_identifier="5471">The Parties agree on the objective of a progressive liberalisation of
  public procurement. The Association Council will hold consultations on
  the implementation of this objective.</article>
    </chapter>
    <chapter number="TITLE V" name="Economic Cooperation" chapter_identifier="628">
      <article number="ARTICLE 39" name="Objectives" article_identifier="5472">1. The Parties undertake to intensify economic cooperation in their
  mutual interest.

  2. The aim of economic cooperation shall be to:

  encourage the implementation of the overall objectives of this
  Agreement,

  promote balanced economic relations between the Parties,

  support Egypt's own efforts to achieve sustainable economic and social
  development.</article>
      <article number="ARTICLE 40" name="Scope" article_identifier="5473">1. Cooperation shall focus primarily on sectors suffering from
  internal difficulties or affected by the overall process of
  liberalisation of the Egyptian economy, and in particular by the
  liberalisation of trade between Egypt and the Community.

  2. Similarly, cooperation shall focus on areas likely to bring the
  economies of the Community and Egypt closer together, particularly
  those which will generate growth and employment.

  3. Cooperation shall encourage the implementation of measures designed
  to develop intra-regional cooperation.

  4. Conservation of the environment and ecological balance shall be
  taken into account in the implementation of the various sectors of
  economic cooperation to which it is relevant.

  5. The Parties may agree to extend the economic cooperation to other
  sectors not covered by the provisions of this Title.</article>
      <article number="ARTICLE 41" name="Methods And Modalities" article_identifier="5474">Economic cooperation shall be implemented in particular by:

  (a) a regular economic dialogue between the Parties, which covers all
  areas of macroeconomic policy;

  (b) regular exchange of information and ideas in every sector of
  cooperation including meetings of officials and experts;

  (c) transfer of advice, expertise and training;

  (d) implementation of joint actions such as seminars and workshops;

  (e) technical, administrative and regulatory assistance.</article>
      <article number="ARTICLE 42" name="Education And Training" article_identifier="5475">The Parties shall cooperate with the objective of identifying and
  employing the most effective means to improve significantly education
  and vocational training, in particular with regard to public and
  private enterprises, trade-related services, public administrations
  and authorities, technical agencies, standardisation and certification
  bodies and other relevant organisations. In this context, the access
  of women to higher education and training will receive special
  attention.

  Cooperation shall also encourage the establishment of links between
  specialised bodies in the Community and in Egypt and shall promote the
  exchange of information and experience and the pooling of technical
  resources.</article>
      <article number="ARTICLE 43" name="Scientific And Technological Cooperation" article_identifier="5476">Cooperation shall have the objective of:

  (a) encouraging the establishment of durable links between the
  scientific communities of the Parties, notably through:

  the access of Egypt to Community R &amp; D programmes, in conformity
  with existing provisions concerning the participation of third
  countries,

  the participation of Egypt in networks of decentralised cooperation,

  the promotion of synergy between training and research;

  (b) strengthening research capacity in Egypt;

  (c) stimulating technological innovation, transfer of new
  technologies, and dissemination of know-how.</article>
      <article number="ARTICLE 44" name="Environment" article_identifier="5477">1. Cooperation shall aim at preventing deterioration of the
  environment, controlling pollution and ensuring the rational use of
  natural resources, with a view to ensuring sustainable development.

  2. Cooperation shall focus, in particular, on:

  desertification,

  quality of Mediterranean water and the control and prevention of
  marine pollution,

  water resource management,

  energy management,

  waste management,

  salinisation,

  environmental management of sensitive coastal areas,

  the impact of industrial development and the safety of industrial
  plant in particular,

  the impact of agriculture on soil and water quality,

  environmental education and awareness.</article>
      <article number="ARTICLE 45" name="Industrial Cooperation" article_identifier="5478">Cooperation shall promote and encourage in particular:

  the debate regarding industrial policy and competitiveness in an open
  economy,

  industrial cooperation between economic operators in the Community and
  in Egypt, including access for Egypt to the Community's networks for
  the rapprochement of businesses and to networks created in the context
  of decentralised cooperation,

  modernisation and restructuring of Egyptian industry,

  the establishment of an environment favourable to the development of
  private enterprise, in order to stimulate the growth and the
  diversification of industrial production,

  technology transfer, innovation and R &amp; D,

  the enhancement of human resources,

  access to the capital market for the financing of productive
  investments.</article>
      <article number="ARTICLE 46" name="Investments And Promotion Of Investments" article_identifier="5479">Cooperation shall aim at increasing the flow of capital, expertise and
  technology to Egypt through, inter alia:

  appropriate means of identifying investment opportunities and
  information channels on investment regulations,

  providing information on European investment regimes (such as
  technical assistance, direct financial support, fiscal incentives and
  investment insurance) related to outward investments and enhancing the
  possibility for Egypt to benefit from them,

  a legal environment conducive to investment between the two Parties,
  where appropriate through the conclusion by the Member States and
  Egypt of investment protection agreements, and agreements to prevent
  double taxation,

  examining the creation of joint ventures, especially for SMEs and,
  when appropriate, the conclusion of agreements between the Member
  States and Egypt,

  establishing mechanisms for encouraging and promoting investments.

  Cooperation may extend to the planning and implementation of projects
  demonstrating the effective acquisition and use of basic technologies,
  the use of standards, the development of human resources and the
  creation of jobs locally.</article>
      <article number="ARTICLE 47" name="Standardisation And Conformity Assessment" article_identifier="5480">The Parties shall aim to reduce differences in standardisation and
  conformity assessment. Cooperation in this field shall focus in
  particular on:

  (a) rules in the field of standardisation, metrology, quality
  standards, and recognition of conformity, in particular as regards
  sanitary and phytosanitary standards for agricultural products and
  foodstuffs;

  (b) upgrading the level of Egyptian conformity assessment bodies, with
  a view to the establishment, in due time, of mutual recognition
  agreements in the area of conformity assessment;

  (c) developing structures for the protection of intellectual,
  industrial and commercial property rights, for standardisation and for
  setting quality standards.</article>
      <article number="ARTICLE 48" name="Approximation Of Laws" article_identifier="5481">The Parties shall use their best endeavours to approximate their
  respective laws in order to facilitate the implementation of this
  Agreement.</article>
      <article number="ARTICLE 49" name="Financial Services" article_identifier="5482">The Parties shall cooperate with a view to the rapprochement of their
  standards and rules, in particular:

  (a) to encourage the strengthening and restructuring of the financial
  sector in Egypt;

  (b) to improve accounting and supervisory and regulatory systems of
  banking, insurance and other parts of the financial sector in Egypt.</article>
      <article number="ARTICLE 50" name="Agriculture And Fisheries" article_identifier="5483">Cooperation shall be aimed at:

  (a) the modernisation and restructuring of agriculture and fisheries,
  including: the modernisation of infrastructures and of equipment; the
  development of packaging, storage and marketing techniques; the
  improvement of private distribution channels;

  (b) the diversification of production and of external outlets, inter
  alia, through the encouragement of joint ventures in the agri-business
  sector;

  (c) the promotion of cooperation in veterinary and phytosanitary
  matters and in growing techniques, with the objective of facilitating
  trade between the Parties. In this regard, the Parties shall exchange
  information.</article>
      <article number="ARTICLE 51" name="Transport" article_identifier="5484">Cooperation shall be aimed at:

  the restructuring and modernisation of road, port and airport
  infrastructures linked to the main trans-European lines of
  communication of common interest,

  the establishment and enforcement of operating standards comparable to
  those prevailing in the Community,

  the upgrading of technical equipment for road/rail transport,
  container traffic and transhipment,

  the improvement of management of airports, railways and air traffic
  control, including cooperation between the relevant national bodies,

  the improvement of navigation aids.</article>
      <article number="ARTICLE 52" name="Information Society And Telecommunications" article_identifier="5485">The Parties recognise that information and communication technologies
  constitute a key element of modern society, vital to economic and
  social development and a cornerstone of the emerging information
  society.

  The cooperation activities between the Parties in this field shall aim
  at :

  a dialogue on issues related to the different aspects of the
  information society, including telecommunications policies,

  the exchanges of information and eventual technical assistance with
  regulatory matters, standardisation, conformity testing and
  certification in relation to information technologies and
  telecommunications,

  the diffusion of new information and communications technologies and
  the refinement of new applications in these fields,

  the implementation of joint projects for research, technical
  development or industrial applications in information technologies,
  communications, telematics and information society,

  the participation of Egyptian organisations in pilot projects and
  European programmes within the established frameworks,

  interconnection between networks and the interoperability of telematic
  services in the Community and Egypt.</article>
      <article number="ARTICLE 53" name="Energy" article_identifier="5486">The priority areas of cooperation shall be:

  the promotion of renewable energies,

  the promotion of energy-saving and energy efficiency,

  applied research into data bank networks in the economic and social
  sectors, linking Community and Egyptian operators in particular,

  support for the modernisation and development of energy networks and
  for their linking to European Community networks.</article>
      <article number="ARTICLE 54" name="Tourism" article_identifier="5487">Priorities for cooperation shall be:

  promoting investments in tourism,

  improving the knowledge of the tourist industry and ensuring greater
  consistency of policies affecting tourism,

  promoting a good seasonal spread of tourism,

  promoting cooperation between regions and cities of neighbouring
  countries,

  highlighting the importance of the cultural heritage for tourism,

  ensuring that the interaction between tourism and the environment is
  suitably maintained,

  making tourism more competitive through support for increased
  professionalism.</article>
      <article number="ARTICLE 55" name="Customs" article_identifier="5488">1. The Parties shall develop customs cooperation to ensure that the
  provisions on trade are observed. Cooperation will focus in particular
  on:

  (a) the simplification of controls and procedures concerning the
  customs clearance of goods;

  (b) the introduction of the single administrative document and a
  system to link up the Community's and Egypt's transit arrangements.

  2. Without prejudice to other forms of cooperation envisaged in this
  Agreement, notably for the fight against drugs and money laundering,
  the Parties' administrations will provide mutual assistance in
  accordance with the provisions of Protocol 5.</article>
      <article number="ARTICLE 56" name="Cooperation On Statistics" article_identifier="5489">The main objective of cooperation in this field shall be to harmonise
  methodology in order to create a reliable basis for handling
  statistics in all the fields that are covered by this Agreement and
  lend themselves to the establishment of statistics.</article>
      <article number="ARTICLE 57" name="Money Laundering" article_identifier="5490">1. The Parties shall cooperate with a view in particular to preventing
  the use of their financial systems to launder the proceeds arising
  from criminal activities in general and drug trafficking in
  particular.

  2. Cooperation in this field shall include, in particular, technical
  and administrative assistance aimed at establishing effective
  standards relating to the fight against money laundering in line with
  international standards.</article>
      <article number="ARTICLE 58" name="Fight Against Drugs" article_identifier="5491">1 The Parties shall cooperate with a view in particular to:

  improving the effectiveness of policies and measures to counter the
  supply of, and illicit trafficking in, narcotic drugs and
  psycho-tropic substances and the reduction of the abuse of these
  products,

  encouraging a joint approach to reducing demand.

  2. The Parties shall determine together, in accordance with their
  respective legislation, the strategies and cooperation methods
  appropriate for attaining these objectives. Their operations, other
  than joint operations, shall form the subject of consultations and
  close coordination.

  The relevant governmental and non-governmental sector bodies, in
  accordance with their own powers, working with the competent bodies of
  Egypt, the Community and its Member States, may take part in these
  operations.

  3. Cooperation shall take the form of exchanges of information and,
  where appropriate, joint activities on:

  establishment or extension of social and health institutions and
  information centres for the treatment and rehabilitation of drug
  addicts,

  implementation of projects in the areas of prevention, training and
  epidemiological research,

  establishment of effective standards relating to the prevention of the
  diversion of precursors and other essential substances used for the
  illicit production of narcotic drugs and psychotropic substances, in
  line with international standards.</article>
      <article number="ARTICLE 59" name="Fight Against Terrorism" article_identifier="5492">In accordance with international conventions and with their respective
  national legislations, the Parties shall cooperate in this field and
  focus in particular on:

  exchange of information on means and methods used to counter
  terrorism,

  exchange of experiences in respect of terrorism prevention,

  joint research and studies in the area of terrorism prevention.</article>
      <article number="ARTICLE 60" name="Regional Cooperation" article_identifier="5493">Regional cooperation shall focus on:

  development of economic infrastructures,

  scientific and technological research,

  intra-regional trade,

  customs matters,

  cultural matters,

  environmental issues.</article>
      <article number="ARTICLE 61" name="Consumer Protection" article_identifier="5494">Cooperation in this field should be geared to making consumer
  protection schemes in the European Community and Egypt compatible and
  should, as far as possible, involve:

  increasing the compatibility of consumer legislation in order to avoid
  barriers to trade,

  establishment and development of systems of mutual information on
  dangerous food and industrial products and interconnecting them (rapid
  alert systems),

  exchanges of information and experts,

  organising training schemes and supplying technical assistance.</article>
    </chapter>
    <chapter number="CHAPTER 1" name="Dialogue And Cooperation On Social Matters" chapter_identifier="629">
      <article number="ARTICLE 62" article_identifier="5495">The Parties reaffirm the importance they attach to the fair treatment
  of their workers legally residing and employed in the territory of the
  other Party. The Member States and Egypt, at the request of any of
  them, agree to initiate talks on reciprocal bilateral agreements
  related to the working conditions and social security rights of
  Egyptian and Member State workers legally resident and employed in
  their respective territory.</article>
      <article number="ARTICLE 63" article_identifier="5496">1. The Parties shall conduct regular dialogue on social matters which
  are of interest to them.

  2. This dialogue shall be used to find ways to achieve progress in the
  field of movement of workers and equal treatment and social
  integration of Egyptian and Community nationals legally residing in
  the territories of their host countries.

  3. The dialogue shall notably cover all issues related to:

  (a) migrant communities' living and working conditions;

  (b) migration;

  (c) illegal migration;

  (d) actions to encourage equal treatment between Egyptian and
  Community nationals, mutual knowledge of cultures and civilizations,
  the furthering of tolerance and the removal of discrimination.</article>
      <article number="ARTICLE 64" article_identifier="5497">Dialogue on social matters shall be conducted in accordance with the
  same procedures as those provided for in Title I of this Agreement.</article>
      <article number="ARTICLE 65" article_identifier="5498">With a view to consolidating cooperation between the Parties in the
  social field, projects and programmes shall be carried out in any area
  of interest to them.

  Priority will be given to:

  (a) reducing migratory pressures, notably by improving living
  conditions, creating jobs, and income generating activities and
  developing training in areas from which emigrants come;

  (b) promoting the role of women in economic and social development;

  (c) bolstering and developing Egyptian family planning and mother and
  child protection programmes;

  (d) improving the social protection system;

  (e) improving the health care system;

  (f) improving living conditions in poor areas;

  (g) implementing and financing exchange and leisure programmes for
  mixed groups of Egyptian and European young people residing in the
  Member States, with a view to promoting mutual knowledge of their
  respective cultures and fostering tolerance.</article>
      <article number="ARTICLE 66" article_identifier="5499">Cooperation schemes may be carried out in cooperation with the Member
  States and the relevant international organisations.</article>
      <article number="ARTICLE 67" article_identifier="5500">A working group shall be set up by the Association Council by the end
  of the first year following the entry into force of this Agreement. It
  shall be responsible for the continuous and regular evaluation of the
  implementation of Chapters 1 to 3.</article>
    </chapter>
    <chapter number="CHAPTER 2" name="Cooperation For The Prevention And Control Of Illegal Immigration And Other Consular Issues" chapter_identifier="630">
      <article number="ARTICLE 68" article_identifier="5501">The Parties agree to cooperate in order to prevent and control illegal
  immigration. To this end:

  each of the Member States agrees to readmit any of its nationals
  illegally present on the territory of Egypt, upon request by the
  latter and without further formalities once such persons have been
  positively identified as such,

  Egypt agrees to readmit any of its nationals illegally present on the
  territory of a Member State, upon request by the latter and without
  further formalities once such persons have been positively identified
  as such.

  The Member States and Egypt will also provide their nationals with
  appropriate identity documents for such purposes.

  In respect of the Member States of the European Union, the obligations
  in this Article shall apply only in respect of those persons who are
  to be considered their nationals for Community purposes.

  In respect of Egypt, the obligation in this Article shall apply only
  in respect of those persons who are considered nationals of Egypt in
  accordance to the Egyptian legal system and all the relevant laws
  concerning citizenship.</article>
      <article number="ARTICLE 69" article_identifier="5502">After the entry into force of the Agreement, the Parties, at the
  request of any of them, shall negotiate and conclude bilateral
  agreements with each other, regulating specific obligations for the
  readmission of their nationals. These agreements shall also cover, if
  deemed necessary by any of the Parties, arrangements for the
  readmission of third country nationals. Such agreements will lay down
  the details about the categories of persons covered by these
  arrangements as well as the modalities of their readmission.

  Adequate financial and technical assistance to implement these
  agreements will be provided to Egypt.</article>
      <article number="ARTICLE 70" article_identifier="5503">The Association Council shall examine what other joint efforts can be
  made to prevent and control illegal immigration as well as deal with
  other consular issues.</article>
    </chapter>
    <chapter number="CHAPTER 3" name="Cooperation In Cultural Matters, Audiovisual Media And Information" chapter_identifier="631">
      <article number="ARTICLE 71" article_identifier="5504">1. The Parties agree to promote cultural cooperation in fields of
  mutual interest and in a spirit of respect for each other's cultures.
  They shall establish a sustainable cultural dialogue. This cooperation
  shall promote in particular:

  conservation and restoration of historic and cultural heritage (such
  as monuments, sites, artefacts, rare books and manuscripts),

  exchange of art exhibitions, troupes of performing arts, artists, men
  of letters, intellectuals and cultural events,

  translations,

  training of persons working in the cultural field.

  2. Cooperation in the field of audiovisual media shall seek to
  encourage cooperation in such areas as co-production and training. The
  Parties shall seek ways to encourage Egyptian participation in
  Community initiatives in this sector.

  3. The Parties agree that existing cultural programmes of the
  Community and of one or more of the Member States and further
  activities of interest to both sides can be extended to Egypt.

  4. The Parties shall, in addition, work to promote cultural
  cooperation of a commercial nature, particularly through joint
  projects (production, investment and marketing), training and exchange
  of information.

  5. The Parties shall, in identifying cooperation projects, programmes
  and joint activities, give special attention to young people,
  self-expression, heritage conservation issues, the dissemination of
  culture, and communication skills using written and audiovisual media.

  6. Cooperation shall be implemented in particular through:

  a regular dialogue between the Parties,

  regular exchange of information and ideas in every sector of
  cooperation including meetings of officials and experts,

  transfer of advice, expertise and training,

  implementation of joint actions such as seminars and workshops,

  technical, administrative and regulatory assistance,

  dissemination of information on cooperation initiatives.</article>
    </chapter>
    <chapter number="TITLE VII" name="Financial Cooperation" chapter_identifier="632">
      <article number="ARTICLE 72" article_identifier="5505">In order to achieve the objectives of this Agreement, a financial
  cooperation package shall be made available to Egypt in accordance
  with the appropriate procedures and the financial resources required.

  Financial cooperation shall focus on:

  promoting reforms designed to modernise the economy,

  upgrading economic infrastructure,

  promoting private investment and job-creating activities,

  responding to the economic repercussions for Egypt of the gradual
  introduction of a free trade area, notably by upgrading and
  restructuring industry and enhancing Egypt's export capacity,

  accompanying measures for policies implemented in the social sector,

  promoting Egypt's capacity and capabilities in the field of the
  protection of intellectual property rights,

  where appropriate, supplementary measures for the implementation of
  bilateral agreements to prevent and control illegal immigration,

  accompanying measures for the establishment and implementation of
  competition legislation.</article>
      <article number="ARTICLE 73" article_identifier="5506">In order to ensure that a coordinated approach is adopted to any
  exceptional macro-economic and financial problems that might arise as
  a result of the implementation of this Agreement, the Parties shall
  use the regular economic dialogue provided for in Title V to give
  particular attention to monitoring trade and financial trends in
  relations between the Community and Egypt.</article>
    </chapter>
    <chapter number="TITLE VIII" name="Institutional, General And Final Provisions" chapter_identifier="633">
      <article number="ARTICLE 74" article_identifier="5507">An Association Council is hereby established which shall meet at
  ministerial level once a year and when circumstances require, at the
  initiative of its President and in accordance with the conditions laid
  down in its rules of procedure.

  It shall examine any major issues arising within the framework of this
  Agreement and any other bilateral or international issues of mutual
  interest.</article>
      <article number="ARTICLE 75" article_identifier="5508">1. The Association Council shall consist of the members of the Council
  of the European Union and of the Commission of the European
  Communities, on the one hand, and members of the Government of Egypt,
  on the other.

  2. Members of the Association Council may arrange to be represented in
  accordance with the provisions laid down in its rules of procedure.

  3. The Association Council shall establish its rules of procedure.

  4. The Association Council shall be presided in turn by a member of
  the Council of the European Union and a member of the Government of
  Egypt, in accordance with the provisions laid down in its rules of
  procedure.</article>
      <article number="ARTICLE 76" article_identifier="5509">The Association Council shall, for the purpose of attaining the
  objectives of the Agreement, have the power to take decisions in the
  cases provided for therein.

  The decisions taken shall be binding on the Parties, which shall take
  the measures necessary to implement them. The Association Council may
  also make appropriate recommendations.

  The Association Council shall draw up its decisions and
  recommendations by agreement between the two Parties.</article>
      <article number="ARTICLE 77" article_identifier="5510">1. Subject to the powers of the Association Council, an Association
  Committee is hereby established which shall be responsible for the
  implementation of the Agreement.

  2. The Association Council may delegate to the Association Committee,
  in full or in part, any of its powers.</article>
      <article number="ARTICLE 78" article_identifier="5511">1. The Association Committee, which shall meet at official level,
  shall consist of representatives of members of the Council of the
  European Union and of the Commission of the European Communities, on
  the one hand, and of representatives of the Government of Egypt, on
  the other.

  2. The Association Committee shall establish its rules of procedure.

  3. The Association Committee shall be presided in turn by a
  representative of the Presidency of the Council of the European Union
  and by a representative of the Government of Egypt.</article>
      <article number="ARTICLE 79" article_identifier="5512">1. The Association Committee shall have the power to take decisions
  for the management of the Agreement as well as in the areas in which
  the Association Council has delegated its powers to it.

  2. The Association Committee shall draw up its decisions by agreement
  between the two Parties. These decisions shall be binding on the
  Parties which shall take the measures necessary to implement the
  decisions taken.</article>
      <article number="ARTICLE 80" article_identifier="5513">The Association Council may decide to set up any working group or body
  necessary for the implementation of the Agreement. It shall define the
  terms of reference of any such working group or body that shall be
  subordinate to it.</article>
      <article number="ARTICLE 81" article_identifier="5514">The Association Council shall take all appropriate measures to
  facilitate cooperation and contacts between the European Parliament
  and the Egyptian People's Assembly.</article>
      <article number="ARTICLE 82" article_identifier="5515">1. Each of the Parties may refer to the Association Council any
  dispute relating to the application or interpretation of this
  Agreement.

  2. The Association Council may settle the dispute by means of a
  decision.

  3. Each Party shall be bound to take the measures involved in carrying
  out the decision referred to in paragraph 2.

  4. In the event of it not being possible to settle the dispute in
  accordance with paragraph 2, either Party may notify the other of the
  appointment of an arbitrator; the other Party must then appoint a
  second arbitrator within two months. For the application of this
  procedure, the Community and the Member States shall be deemed to be
  one party to the dispute.

  The Association Council shall appoint a third arbitrator.

  The arbitrators' decisions shall be taken by majority vote.

  Each party to the dispute must take the steps required to implement
  the decision of the arbitrators.</article>
      <article number="ARTICLE 83" article_identifier="5516">Nothing in this Agreement shall prevent a Party from taking any
  measures:

  (a) which it considers necessary to prevent the disclosure of
  information contrary to its essential security interests;

  (b) which relate to the production of, or trade in, arms, munitions or
  war materials or to research, development or production indispensable
  for defence purposes, provided that such measures do not impair the
  conditions of competition in respect of products not intended for
  specifically military purposes;

  (c) which it considers essential to its own security in the event of
  serious internal disturbances affecting the maintenance of law and
  order, in time of war or serious international tension constituting
  threat of war or in order to carry out obligations it has accepted for
  the purpose of maintaining peace and international security.</article>
      <article number="ARTICLE 84" article_identifier="5517">In the fields covered by this Agreement and without prejudice to any
  special provisions contained therein:

  the arrangements applied by Egypt in respect of the Community shall
  not give rise to any discrimination between the Member States, their
  nationals or their companies or firms,

  the arrangements applied by the Community in respect of Egypt shall
  not give rise to discrimination between Egyptian nationals or its
  companies or firms.</article>
      <article number="ARTICLE 85" article_identifier="5518">As regards direct taxation, nothing in this Agreement shall have the
  effect of:

  extending the fiscal advantages granted by either Party in any
  international agreement or arrangement by which it is bound,

  preventing the adoption or application by either Party of any measure
  aimed at preventing the avoidance or evasion of taxes,

  opposing the right of either Party to apply the relevant provisions of
  its tax legislation to taxpayers who are not in identical situation,
  in particular as regards their place of residence.</article>
      <article number="ARTICLE 86" article_identifier="5519">1. The Parties shall take any general or specific measures required to
  fulfil their obligations under this Agreement. They shall see to it
  that the objectives set out in this Agreement are attained.

  2. If either Party considers that the other Party has failed to fulfil
  an obligation under this Agreement, it may take appropriate measures.
  Before so doing, except in cases of a material breach of this
  Agreement by the other Party, it shall supply the Association Council
  with all relevant information required for a thorough examination of
  the situation with a view to seeking a solution acceptable to the
  Parties.

  A material breach of this Agreement shall consist of the repudiation
  of this Agreement not sanctioned by the general rules of international
  law or a grave violation of an essential element of this Agreement,
  creating an environment not conducive for consultations or where a
  delay would be detrimental to the objectives of this Agreement.

  3. In the selection of the appropriate measures referred to in
  paragraph 2, priority must be given to those which least disturb the
  functioning of this Agreement. The Parties also agree that these
  measures shall be taken in accordance with international law and shall
  be proportional to the violation.

  The measures shall be notified immediately to the Association Council
  and shall be the subject of consultations within the Association
  Council if the other Party so requests. If one Party takes a measure
  as a result of a material breach of this Agreement referred to in
  paragraph 2, the other Party may invoke the dispute settlement
  procedure.</article>
      <article number="ARTICLE 87" article_identifier="5520">Protocols 1 to 5 and Annexes I to VI shall form an integral part of
  this Agreement.</article>
      <article number="ARTICLE 88" article_identifier="5521">For the purpose of this Agreement the term «Parties» shall mean Egypt
  on the one hand and the Community, or the Member States, or the
  Community and the Member States, in accordance with their respective
  powers, on the other hand.</article>
      <article number="ARTICLE 89" article_identifier="5522">This Agreement is concluded for an unlimited period.

  Each of the Parties may denounce this Agreement by notifying the other
  Party. This Agreement shall cease to apply six months after the date
  of such notification.</article>
      <article number="ARTICLE 90" article_identifier="5523">This Agreement shall apply, on the one hand, to the territories in
  which the Treaties establishing the European Community, and the
  European Coal and Steel Community are applied and under the conditions
  laid down in those Treaties and, on the other hand, to the territory
  of Egypt.</article>
      <article number="ARTICLE 91" article_identifier="5524">This Agreement shall be drawn up in duplicate in the Arabic, Danish,
  Dutch, English, Finnish, French, German, Greek, Italian, Portuguese,
  Spanish, and Swedish languages, each of these texts being equally
  authentic.</article>
      <article number="ARTICLE 92" article_identifier="5525">1. This Agreement will be approved by the Parties in accordance with
  their own procedures.

  This Agreement shall enter into force on the first day of the second
  month following the date on which the Parties notify each other that
  the procedures referred to in the first subparagraph have been
  completed.

  2. Upon its entry into force, this Agreement shall replace the
  Agreement between the European Economic Community and Egypt, and the
  Agreement between the European Coal and Steel Community and Egypt,
  signed in Brussels on 18 January 1977 .</article>
    </chapter>
    <chapter name="Conclusion" chapter_identifier="634">
      <article article_identifier="5526">Hecho en Luxemburgo, el veinticinco de junio de dos mil uno.

  Udfærdiget i Luxembourg den femogtyvende juni to tusind og et.

  Geschehen zu Luxemburg am fünfundzwanzigsten Juni zweitausendundeins.

  Έγινε στο Λουξεμβούργο, στις είκοσι πέντε Ιουνίου δύο χιλιάδες ένα.

  Done at Luxembourg on the twenty-fifth day of June in the year two
  thousand and one.

  Fait à Luxembourg, le vingt-cinq juin deux mille un.

  Fatto a Lussemburgo, addì venticinque giugno duemilauno.

  Gedaan te Luxemburg, de vijfentwintigste juni tweeduizendeneen.

  Feito no Luxemburgo, em vinte e cinco de Junho de dois mil e um.

  Tehty Luxemburgissa kahdentenakymmenentenäviidentenä päivänä kesäkuuta
  vuonna kaksituhattayksi.

  Som skedde i Luxemburg den tjugofemte juni tjugohundraett.

  Pour le Royaume de Belgique

  Voor het Koninkrijk België

  Für das Königreich Belgien

  Cette signature engage également la Communauté française, la
  Communauté flamande, la Communauté germanophone, la Région wallonne,
  la Région flamande et la Région de Bruxelles-Capitale.

  Deze handtekening verbindt eveneens de Vlaamse Gemeenschap, de Franse
  Gemeenschap, de Duitstalige Gemeenschap, het Vlaams Gewest, het Waals
  Gewest en het Brussels Hoofdstedelijk Gewest.

  Diese Unterschrift bindet zugleich die Deutschsprachige Gemeinschaft,
  die Flämische Gemeinschaft, die Französische Gemeinschaft, die
  Wallonische Region, die Flämische Region und die Region
  Brüssel-Hauptstadt.

  På Kongeriget Danmarks vegne

  Für die Bundesrepublik Deutschland

  Για την Ελληνική Δημοκρατία

  Por el Reino de España

  Pour la République française

  Thar cheann Na hÉireann

  For Ireland

  Per la Repubblica italiana

  Pour le Grand-Duché de Luxembourg

  Voor het Koninkrijk der Nederlanden

  Für die Republik Österreich

  Pela República Portuguesa

  Suomen tasavallan puolesta

  För Konungariket Sverige

  For the United Kingdom of Great Britain and Northern Ireland

  Por las Comunidades Europeas

  For De Europæiske Fællesskaber

  Für die Europäischen Gemeinschaften

  Για τις Ευρωπαïκές Κοινότητες

  For the European Communities

  Pour les Communautés européennes

  Per le Comunità europee

  Voor de Europese Gemeenschappen

  Pelas Comunidades Europeias

  Euroopan yhteisöjen puolesta

  På Europeiska gemenskapernas vägnar</article>
    </chapter>
  </body>
</treaty>
