<?xml version="1.0" encoding="UTF-8"?>
<treaty>
  <meta>
    <name>Russian Federation - Republic of Moldova</name>
    <type>Free Trade Agreement</type>
    <wto_rta_id>829</wto_rta_id>
    <treaty_identifier>421</treaty_identifier>
    <status>Inactive</status>
    <notification>GATT Art. XXIV</notification>
    <date_signed>1993-02-09</date_signed>
    <date_into_force>1993-03-30</date_into_force>
    <date_notification>2012-09-13</date_notification>
    <end_implementation>1993-12-31</end_implementation>
    <date_inactive>2012-12-09</date_inactive>
    <parties_original>
      <partyisocode n="1">MDA</partyisocode>
      <partyisocode n="2">RUS</partyisocode>
    </parties_original>
    <parties>
      <partyisocode n="1">MDA</partyisocode>
      <partyisocode n="2">RUS</partyisocode>
    </parties>
    <composition>Bilateral</composition>
    <region>Commonwealth of Independent States (CIS)</region>
    <parties_wto>Yes</parties_wto>
    <crossregional>No</crossregional>
    <related_agreement_wto_id n="1">762</related_agreement_wto_id>
    <language>en</language>
    <source lang="en" type="full text">http://rtais.wto.org/rtadocs/829/TOA/English/RF-Moldova FTA_text  with protocols.doc</source>
  </meta>
  <body>
    <chapter chapter_identifier="4229">
      <article article_identifier="36627">Ð¡ÐžÐ“Ð›Ð?Ð¨Ð•Ð?Ð˜Ð•Ð¡ÐžÐ“Ð›Ð?Ð¨Ð•Ð?Ð˜Ð•User2016-06-14ÐœÐ¸Ð½Ñ?ÐºÐ¾Ð½Ð¾Ð¼Ñ€Ð°Ð·Ð²Ð¸Ñ‚Ð¸Ñ? Ð Ð¾Ñ?Ñ?Ð¸Ð¸AGREEMENT
BETWEEN THE CABINET OF MINISTERS – THE GOVERNMENT OF THE RUSSIAN FEDERATION AND THE GOVERNMENT OF THE REPUBLIC OF MOLDOVA ONFREE TRADE(Moscow, February 9, 1993)
The Cabinet of Ministers – the Government of the Russian Federation and the Government of the Republic of Moldova, hereafter referred to as the Contracting Parties,
  
 striving to develop trade and economic cooperation between the Russian Federation and the Republic of Moldova based upon equality and mutual benefits,
  
 based upon the sovereign rights of each state to conduct its independent foreign economic policy and enforce relevant international obligations and realization of proclaimed aims,
  
 striving to endeavor to the creation of common market of goods, services, capital and labour, have agreed as follows:</article>
    </chapter>
    <chapter chapter_identifier="4230">
      <article number="ARTICLE 1" article_identifier="36628">1. Contracting Parties shall not apply customs duties, taxes and charges having equivalent impact on export and/or import of goods originating from the customs territory of one of Contracting Parties and destined for the customs territory of the other Contracting Party. Exceptions from this trade regime on the agreed nomenclature of goods shall be formulated by bilateral documents, which shall be an integral part of this Agreement.
  
2. For the purposes of this Agreement, and for its effective term, goods originating from the territories of Contracting Parties shall be deemed to be:
  
Completely produced in the territory of Contracting Parties; or
    
Having been processed on the territory of Contracting Parties by utilizing raw materials, materials and components of third country origin, whose classification under the Harmonized System of Commodity Description and Coding changed in at least one of the first four digits due to this processing;
    
Produced with the use of raw materials, materials and components listed in "b" of the above provided that their total cost does not exceed a fixed proportion of the export price of commodities sold.
    
Contracting Parties will agree upon the similar rules of origin of goods in a separate document.</article>
      <article number="ARTICLE 2" article_identifier="36629">Contracting Parties shall not:
  
directly or indirectly impose internal taxes or charges on goods, covered by this Agreement, in excess of corresponding taxes and charges imposed on similar goods of domestic production or of third country origin;
  
apply in respect of import or export of goods, covered by this Agreement, any special limitations or requirements that are applied under similar circumstances to similar goods of domestic production or of third country origin;
  
apply rules to warehousing, reloading, storage, and transportation of goods that originating from the territory of the other Contracting Party, as well as to payments and payment transfers, other than those applied in similar situations regarding goods of domestic production or of third country origin.</article>
      <article number="ARTICLE 3" article_identifier="36630">1. Contracting Parties shall refrain from introducing quantitative restrictions or its equivalents on export and/or import of goods within the framework of this Agreement, except for the cases provides further in this Article.
  
2. Quantitative restrictions referred to in paragraph 1 of this Article may be introduced unilaterally with strictly defined time frames only in the event of:
  
sharp deficit in this good on domestic market until the situation on domestic market will stabilize, or
  
sharp deficit in the balance of payment until the balance of payment situation stabilizes, or
  
if any good has been imported on the territory of one of the Contracting Parties in such increased quantities and on such terms that threaten or may threaten to cause injury to domestic producers of like or directly competitive goods,
  
for the purposes of exercising the measures provided by the Article 4 of this Agreement.
  
3. Quantitative restrictions referred to in paragraph 1 of this Article may also be introduced by mutual agreement of the parties and shall be included in the annual documents referred to in paragraph 1 of Article 1 of this Agreement.
  
4. A Contracting Party using quantitative restrictions under paragraph 2 of this Article shall, if possible in advance, inform, as well as upon request of the other Contracting Party, immediately provide the necessary information on the reasons, forms, and possible time frames for using the abovementioned restrictions.
  
5. Contracting Parties shall endeavour to solve all issues arising in relation to application of quantitative restrictions under paragraph 2 of this Article by means of consultations.
  
6. By making the decision regarding the measures in accordance with this Article the Contracting Parties will prioritize those that least negatively affect on achieving the aims of this Agreement.</article>
      <article number="ARTICLE 4" article_identifier="36631">Each Contracting Party shall not permit re-export of goods in relation to export of which the other Contracting Party where these goods originate from applies measures of tariff and/or non-tariff regulation. Contracting Parties shall exchange list of goods, which re-export can be carried out only by the written consent of the other Contracting Party.
  
 Re-export of such goods into third countries is permitted only upon written consent and on conditions stipulated by an authorized state agency of the country of origin of these goods. In the event of non-compliance with this provision, the Contracting Party whose interests have been violated has the right for unilateral introduction of measures to regulate export of goods into the territory of the state that permitted the non-sanctioned re-export. In addition the latter shall repay the full amount of such re-export proceeds to the country of origin of relevant goods.
  
 The term "re-export" refers to the export of goods originating from the customs territory of one Contracting Party, as defined in paragraph 2 of Article 1 of this Agreement, by the other Contracting Party to the outside of the customs territory of the latter, for the purpose of exporting it into a third country.</article>
      <article number="ARTICLE 5" article_identifier="36632">Contracting Parties will on a regular basis exchange information on customs issues, including customs statistics. Contracting Parties will properly inform each other on all the changes in domestic legislation, which may affect the realization of this Agreement. Relevant authorized bodies of the Contracting Parties shall formulate in a special document way to exchange such information.</article>
      <article number="ARTICLE 6" article_identifier="36633">1. The Contracting Parties will endeavor to bring together the levels of customs duty rates applied in trade with third countries and for these purposes agreed to conduct regular consultations.
  
 2. The Contracting Parties shall inform each other of all exceptions to the current customs tariffs.</article>
      <article number="ARTICLE 7" article_identifier="36634">Contracting Parties shall recognise incompatible with the purposes of this Agreement any unfair business practices and shall not allow and eliminate the following methods thereof:
  
agreements between enterprises, decisions made by the associations of enterprises, and general methods of business practices aimed at hindering or limiting competition or disrupting the competitive environment in the territories of the Contracting Parties;
  
actions by means of which one or a few enterprises use their dominant position, limiting competition within the entire territory of the Contracting Parties or a significant part thereof.</article>
      <article number="ARTICLE 8" article_identifier="36635">For the purposes of applying measures of tariff and non-tariff regulation in the bilateral economic relationships, statistical information exchange, and for carrying out customs procedures, the Contracting Parties agreed to use the unified, nine-digit Commodity Nomenclature of Foreign Economic Activities (CN FEA), based upon the Harmonized Commodity Description and Coding System and Combined Tariffs and Statistics Nomenclature of the Eurasian economic community. For their own needs Contracting Parties may expend this Commodity Nomenclature beyond the nine digits if necessary.
  
 Introduction of the reference original of the Commodity Nomenclature is carried out by the Russian Federation through the existing representations in the relevant international organizations.</article>
      <article number="ARTICLE 9" article_identifier="36636">Contracting Parties shall not use state aid in the form of subsidies to enterprises or in any other form if the result of such state aid would be the distortion of normal economic conditions in the territory of the other Contracting Party.</article>
      <article number="ARTICLE 10" article_identifier="36637">Contracting Parties agree that the adherence to the principle of freedom of transit is the major condition for achieving goals of this Agreement and a substantial element in the process of their integration into the system of international division of labour and cooperation.
  
 Thereupon each Contracting Party shall provide unimpeded transit through its territory for goods originating from the customs territory of the other Contracting Party or third countries and destined for the customs territory of the other Contracting Party or any third country, and shall supply exporters, importers, and carriers with all facilities and services available and necessary for ensuring transit on terms not worse than those granted to national exporters, importers, or carriers, or exporters, importers or carriers of any other third state.
  
 Transit tariffs for all types of transportation, including tariffs for loading and unloading operations, shall be economically justified and shall not exceed normal operational expenses, including reasonable profit rates. Contracting Parties shall not request payment for warehousing, reloading, storage, and transportation of goods in the currency of any third state.</article>
      <article number="ARTICLE 11" article_identifier="36638">Nothing in this Agreement shall prevent any of the Contracting Parties from taking measures which it considers necessary for protecting their vital interests or which are undoubtedly necessary for compliance with international agreements to which they are or intend to become parties, if these measures relate to:
  
information affecting the interests of national defence;
  
trade in arms, munitions and military equipment;
  
research or production related to the defence needs;
  
supply of materials and equipment used in nuclear industry;
  
protection of public morality and public order;
  
protection of industrial and intellectual property;
  
gold, silver, and other precious metals and stones;
  
protection of human, animal and plant life.</article>
      <article number="ARTICLE 12" article_identifier="36639">With the goal of pursuing coordinated policy of export control in relation to the third countries, Contracting Parties shall establish an Inter-State Coordination Council on Export Control consisting of the heads of national bodies of export control and support staff. Functions of Inter-State Coordination Council shall include the approval of common check lists of goods and services, examination of cases of export control requirements violation, elaboration of proposals to introduce or to call off sanctions.</article>
      <article number="ARTICLE 13" article_identifier="36640">Provisions of this Agreement shall replace the provisions of agreements concluded earlier by the Contracting Parties insofar as the latter are incompatible or identical with the former. Contracting Parties will instruct their competent authorities to prepare an appropriate protocol on this matter.</article>
      <article number="ARTICLE 14" article_identifier="36641">This Agreement shall not affect other Agreements concluded earlier by the Contracting Parties with third countries.</article>
      <article number="ARTICLE 15" article_identifier="36642">Nothing in this Agreement shall prevent Contracting Parties from establishing relationships which do not contradict the goals and terms of this Agreement with the states which are not parties to this Agreement and with their associations and international organizations.</article>
      <article number="ARTICLE 16" article_identifier="36643">Disputes between Contracting Parties related to interpretation and/or application of provisions of this Agreement shall be resolved by means of negotiations.</article>
      <article number="ARTICLE 17" article_identifier="36644">To achieve the goals of this Agreement and to elaborate recommendations for improving trade and economic cooperation between the two countries, Contracting Parties have agreed to establish a joint Russian-Moldavian commission, which main aims shall include:
  
  analysis of the development of bilateral trade and economic relations;
  
 elaboration of proposal on the improvement of trade and economic cooperation between two countries and perspectives for its further development;
  
 consideration of realization of this Agreement and elaboration of relative recommendations.</article>
      <article number="ARTICLE 18" article_identifier="36645">Contracting Parties have agreed that the Russian Federation may establish its trade representation in the Republic of Moldova, and the Republic of Moldova may establish its trade representation in the Russian Federation. The legal status of these trade representations, their functions, residence and organizational order will be in addition agreed by the Contracting Parties.</article>
      <article number="ARTICLE 19" article_identifier="36646">Any state may accede to this Agreement, under the condition that the Contracting Parties will approve that, on terms and conditions which would be agreed between the acceding state and the Contracting Parties.</article>
      <article number="ARTICLE 20" article_identifier="36647">An integral part of this Agreement shall be a Protocol on exceptions to free trade regime which the Contracting Parties shall sign till February 28, 1993.</article>
      <article number="ARTICLE 21" article_identifier="36648">This Agreement becomes effective upon exchange of notices of completion by the Contracting Parties of intra-state procedures necessary for its entry into force and will remain force until twelve months from the date when one of the Contracting Parties notifies the other Contracting Party in writing of its desire to terminate this Agreement.</article>
    </chapter>
    <chapter chapter_identifier="4231">
      <article article_identifier="36649">Done in the City of Moscow, on February 9, 1993 in two originals, each in Russian and Romanian, both texts being equally authentic.
  
(Signatures)</article>
    </chapter>
  </body>
</treaty>
