<?xml version="1.0" encoding="UTF-8"?>
<treaty>
  <meta>
    <name>EEC - Turkey Association Agreement of 1963</name>
    <type>Free Trade Agreement</type>
    <wto_rta_id>282</wto_rta_id>
    <treaty_identifier>242</treaty_identifier>
    <status>Inactive</status>
    <notification>GATT Art. XXIV</notification>
    <date_signed>1963-09-12</date_signed>
    <date_into_force>1964-12-01</date_into_force>
    <date_notification>1964-02-12</date_notification>
    <end_implementation/>
    <date_inactive>1973-01-01</date_inactive>
    <parties_original>
      <partyisocode n="1">BEL</partyisocode>
      <partyisocode n="2">DEU</partyisocode>
      <partyisocode n="3">FRA</partyisocode>
      <partyisocode n="4">ITA</partyisocode>
      <partyisocode n="5">LUX</partyisocode>
      <partyisocode n="6">NLD</partyisocode>
      <partyisocode n="7">TUR</partyisocode>
    </parties_original>
    <parties>
      <partyisocode n="1"/>
    </parties>
    <composition>Plurilateral</composition>
    <region>Europe</region>
    <parties_wto>Yes</parties_wto>
    <crossregional>No</crossregional>
    <language>en</language>
    <source lang="en" type="full text">http://sul-derivatives.stanford.edu/derivative?CSNID=90770095&amp;mediaType=application/pdf</source>
  </meta>
  <body>
    <chapter name="Preamble" chapter_identifier="364">
      <article article_identifier="19882">PREAMBLE 


His Majesty the King of the Belgians, 


The President of the Federal Republic 6f Germany; 


The President of the French. Republic, 


The President of the Italian Republic, 


Her Royal Highness the Grand Duchess of Luxemburg, 


Her Majesty the Queen of the Netherlands, 
and the Council of the European Economic Community, 
of the one part, 


and the President of the Turkish Republic, 
of the other part, 


DETERMINED to establish ever closer links between the Turkish nation and the 
nations united within the European Economic Community; 


DECIDED to ensure the steady improvement of living conditions in Ttrkey and 


in the European Economic Community by speeding up economic advance and by a 
harmonious expansion of trade and likewise to reduce the gap between the 


economy of Turkey and that of the member States of the Community; 


TAKING INTO ACCOUNT the special problems connected with the development of 
the Turkish economy and the need to afford economic aid to Turkey during a 


specified period; 


RECOGNIZING that the support given by the European Economic Community to the 
Turkish nation's .efforts to improve its standard of living will eventually 
facilitate the accession. of-Turkey to the. Community; 


RESOLVEDto strengthen the safeguards of peace and liberty by jointly pursuing 
the ideal embodied in the Treaty establishing the European Economic Community; 


HAVE DECIDED to conclude an agreement creating an association between the 
European Economic Community and Turkey, in accordance with Article 238 of the 
Treaty establishing the European Economic Community and to this end have 
designated as their plenipotentiaries: 



HIS MAJESTY THE KING OF THE BELGIANS: 


Mr. Paul-Henri SAAK, Deputy Prime Minister and Minister of Foreign 
Affairs; 
THE PRESIDENT OF THE FEDERAL REPUBLIC OF GERMANY. 


Mr. Gerhard SCHROEDER, Minister of Foreign Affairs; 
T-iE PRESIDENT OF THE FRENCH REPUBLIC: 
Mr. Maurice COUVE DE MURVTILL, Minister of Foreign Affairs; 
THE PRESIDENT OF THE ITALIAN REPUBLIC: 
Mr. Emilio COLOMIBO, Minister of Finance; 
HER ROYAL HIGHNESS TH;! GRAND DUCHESS OF LUXEMBURG: 
Mr. Eugene SCHAUS, Deputy Prime Minister and Minister of Foreign Affairs; 
HE MAJESTY THE QUEEN OF THE NETHERLANDS: 
Mr. Joseph M.A.H. U.JNS, Minister of Foreign Affairs; 
THE COUNCIL OF THE EUROPEAN ECONOMIC COMMUNITY: 


Mr. Joseph M.A.H. LUNS, President of the Council of the European 
.Eoonomic Comman!.ty, binnis ter of Foreign Affairs of the Netherlands; 
THE PRESIDENT OF THE TURKISH REPUBLIC: 


Mr. Feridun Cemal ERKIN, Minister of Foreign Affairs. 


WHO, having exchanged their full powers, found in good and due form, 
have agreed as follows:</article>
    </chapter>
    <chapter number="PART I" name="Principles" chapter_identifier="365">
      <article number="ARTICLE 1" article_identifier="19883">By the present agreement an association is established between the 
European Economic Community and Turkey:</article>
      <article number="ARTICLE 2" article_identifier="19884">1. It shall be the aim of the agreement to promote a continuous and 
well-balanced strengthening of commercial and economic relations between 
the Parties, with full regard to the need to ensure the speedier development of the Turkish economy and the raising of the level of employment 
and of the living conditions of the Turkish nation. 



2. With a view to the attainment of the objectives set forth in the 

preceding paragraph provision is made for the progressive establishment 
of a customs union according to the conditions and procedures indicated 
in Articles 3, 4 and 5. 


3. The association shall comprise: 



(a) a preparatory stage; 



(b) a transitional stage; 



(c) a final stage.</article>
      <article number="ARTICLE 3" article_identifier="19885">1. During the preparatory stage Turkey shall strengthen its economy, with the 
assistance of the Community, with a view to being able to take, on .the obligations 
which will accrue to it during the transitional and final stages.

The implementing provisions relating to the preparatory stage, and in 
particular to assistance by the Community, are defined in the provisional 
protocol and the financial protocol annexed to this agreement. 


The duration of the preparatory stage shall be five years, subject to any 
extension thereof in accordance with the provisions of the provisional protocol. 


The move on to the transitional. stage shall take place in accordance with 
the conditions and procedures set forth in Article 1 of the provisional protocol.</article>
      <article number="ARTICLE 4" article_identifier="19886">1. During the transitional stage the ContractingParties shall on the basis 
of reciprocal and balanced obligations, ensure: 


-the progressive institution of a customs union between Turkey and 
the Community; 


the approximation of the economic policies of Turkey with those of 
the Community with a view to ensuring the proper functioning of the 
association as well as the development of the requisite common action 
for this purpose. 


2. The duration of this stage shall not be more than twelve-years, subject to 
any exceptions which may be decided upon in common agreement. Such exceptions 
shall not prevent the complete achievement of the customs union with a reasonable 
time-limit.</article>
      <article number="ARTICLE 5" article_identifier="19887">The final stage is based upon the customs union and implies the 
strengthening of co-ordinaition of the economic policies of the Contracting 
Parties.</article>
      <article number="ARTICLE 6" article_identifier="19888">In order to ensure the operation and gradual expansion of the association, 
the Contracting Parties shall meet in an Association Council which shall act 
within the limits of the powers conferred upon it by the agreement.</article>
      <article number="ARTICLE 7" article_identifier="19889">The Contracting Parties shall take all general or special measures 
calculated to ensure execution of the obligations arising out of the agreement. 


They shall abstain from any action likely to jeopardize attainment of the 
aims of the agreement.
IMPLEMENTATION OF THE TRANSITIONAL STAGE</article>
      <article number="ARTICLE 8" article_identifier="19890">With a view to the attainment of the objectives set forth in Article 4 
the Association Council shall., before the end of the transitional stage, and 
in accordance with -the procedurre-set forth in Article 1 of the provisional 
protocol, determine the conditions, procedures and timing for implementation 
of the provisions relating to the sectors covered by the Treaty establishing 
the Community which are to be taken into consideration, in particular those 
referred to in the present Part, as well as any safeguard clause which may 
prove necessary.</article>
      <article number="ARTICLE 9" article_identifier="19891">The Contracting Parties recognize that within the field of application of 
the agreement, and without prejudice to any special provisions which may be 
established in pursuance of Article 8. any discrimination on grounds of 
nationality shall be prohibited, in conformity with the principle set forth in 
Article 7 of the Treaty establishing the Community.</article>
    </chapter>
    <chapter number="CHAPTER 1" name="Customs Union" chapter_identifier="366">
      <article number="ARTICLE 10" article_identifier="19892">1. The customs union provided for in Article 2, paragraph 2 of the agreement 
shall cover trade in goods generally. 


2. The customs union shall comprise: 


-the prohibition as between the Member States of the Community and 
Turkey of all customs duties and charges with equivalent effect and 
all quantitative restrictions on importation or exportation, and 
likewise any other measure with equivalent effect designed to afford 
to domestic producers protection contrary to the objectives of the 
agreement; 


-in Turkey's relations with third countries, the adoption of the common 
customs tariff of the Community, and likewise approximation with the 
.other regulations applied by the Community with respect to external 
trade.</article>
    </chapter>
    <chapter number="CHAPTER 2" name="Agriculture" chapter_identifier="367">
      <article number="ARTICLE 11" article_identifier="19893">1. The association shall extend to agriculture and to trade in agricultural 
products,in accordance with special modalities taking account of the common 
agricultural policy of the Community. 



2. Agricultural products shall mean the products enumerated in the list 
contained in Annex II of the Treaty establishing the Community, as now amplified 
in pursuance of the provisions of Article 38, paragraph 3, of the said Treaty.</article>
    </chapter>
    <chapter number="CHAPTER 3" name="Other Provisions Of An Economic Nature" chapter_identifier="2394">
      <article number="ARTICLE 12" article_identifier="19894">The Contracting Parties agree, on the basis of Articles 48, 49 and 50 of the 
Treaty establishing the Community, gradually to achieve free movement of workers 
as between them.</article>
      <article number="ARTICLE 13" article_identifier="19895">The Contracting Parties agree, on the basis of Articles 52 to 56 inclusive 
and Article 58 of the Treaty establishing the Community, to eliminate as between 
themselves restrictions on freedom of, establishment.</article>
      <article number="ARTICLE 14" article_identifier="19896">The Contracting Parties agree, on the basis of Articles 55, 56 and 
Articles 58 to 65 inclusive of the Treaty establishing the Community, to eliminate 
as between themselves restrictions on the free supply of services.</article>
      <article number="ARTICLE 15" article_identifier="19897">The conditions and procedures for extending to Turkey the clauses dealing 
with transport in the Treaty establishing the Community shall be established 
taking into account the geographical situation of Turkey.</article>
      <article number="ARTICLE 16" article_identifier="19898">The Contracting Parties agree that the principles laid down in Part Three, 
Chapter I of the Treaty establishing the Community with respect to competition, 
fiscal reulations and the approximation of laws, shall be made applicable 
to their association relationships.</article>
      <article number="ARTICLE 17" article_identifier="19899">Each State party to the agreement shall pursue the economic policy 
necessary to ensure the equilibrium of its overall balance of payments and 
maintain confidence in its currency, while ensuring a steady and well-balanced 
expansion of its economy and keeping the price level stable. 


It shall, in order to achieve these aims, practise a policy of adaptability 
to economic trends, more particularly in the financial and monetary spheres.</article>
      <article number="ARTICLE 18" article_identifier="19900">Each State party to the agreement shall pursue an exchange rate policy 
appropriate for ensuring the attainment of the aims of the association.</article>
      <article number="ARTICLE 19" article_identifier="19901">1. The Member States of the Community and Greece shall authorize, in the 
currency of the country in which the creditor or the beneficiaries reside, any 
payments or transfers connected with exchanges of goods, services or capital, 
and also any transfers of capital and wages, to the extent that the movement 
of goods, services, capital and persons is liberalized between them in execution 
of the agreement.</article>
      <article number="ARTICLE 20" article_identifier="19902">The Contracting Parties shall consult one another with a view to facilitating 
as between the Member States of the Community and Turkey, the capital movements 
which promote attainment of the aims of the agreement. 


They shall endeavour to find ways and means which will encourage the 
investment in Turkey of capital from countries of the Community which can 
contribute to the expansion of the Turkish economy. 


The residents of each Member State shall enjoy all the advantages, more 
particularly in exchange and taxation matters, as regards the treatment of 
foreign capital which Turkey grants to another member State or to a third 
country.</article>
      <article number="ARTICLE 21" article_identifier="19903">The Contracting Parties agree to define a consultation procedure with a 
view to ensuring the co-ordination of their commercial policies towards third 
countries and the respect of their reciprocal interests in this field, inter 
alia in the event of the subsequent accession or association of third countries 
with the Community.</article>
    </chapter>
    <chapter number="PART III" name="General And Final Provisions" chapter_identifier="2395">
      <article number="ARTICLE 22" article_identifier="19904">1. For the achievement of the aims laid down in the agreement and in the 
cases covered by the latter, the Association Council shall have power to take 
decisions. Each of the two parties shall be bound to take the steps involved 
in the execution of the decisions adopted. The Association Council may also 
formulate any necessary recommendations.. 



2. The Association Council shall make a periodical review of the results of 
the operation of the Association, bearing in mind the aims. of the agreement. 
During the preparatory stage, however, such reviews shall :be limited to an 
exchange of views. 



3. As from the commencement of the transitional stage, if joint action by the 
Contracting Parties seems to be essential for achieving, in the operation of 
the Association, any of the aims of the present agreement, but the latter has 
failed to provide the requisite powers of action, the Association Council shall 
take the appropriate decisions.</article>
      <article number="ARTICLE 23" article_identifier="19905">The Association Council shall consist, on the one hand, of members of the 
Governments of Member States, of the Council and the Commission of the Community 
and, on the other hand, of members of the Turkish Government.. 


Members of the Association Council may delegate representatives under the 
conditions to be laid down in the rules of procedure. 


The decisions of the Association Council shall be taken unanimously.</article>
      <article number="ARTICLE 24" article_identifier="19906">the Association Council shall be presided over for six months at a time, 
alternately by a representative of the Community and of Turkey. The duration 
of the first such term may be shortened should the Association Council so 
decide. 


The Association Council shall draw up its rules of procedure. 


It may decide to set up any committee that can help it to discharge its 
tasks, including a committee which would ensure the continuous co-operation 
essential for the proper functioning of the agreement. 


The Association Council shall define the tasks and powers of such 
committees.</article>
      <article number="ARTICLE 25" article_identifier="19907">lo Any Contracting Party may reer to the Association Council any dispute 
concerning the application or interpretation of the agreement and affecting the 
Community, a Member State of the Community or Turkey. 


2. The Association Council may adopt a decision settling the dispute; it 


may also decide to refer the dispute to the Court of Justice of the European 
Communities or any other existing judicial body. 



3. Each Party shall be bound to take the steps entailed by the execution of 
the decision or award. 



4. The Association Council shall, in accordance with Article 8 of the 
agreement, determine the modalities of an arbitration procedure or any other 
judicial procedure to which the contracting parties may have recourse during 
the transitional and final stages of the agreement in the event that no 
settlement of the dispute has been feasible pursuant to paragraph 2 of this 
article.</article>
      <article number="ARTICLE 26" article_identifier="19908">The provisions of the agreement shall not apply to products covered by the 
European Coal and Steel Community.</article>
      <article number="ARTICLE 27" article_identifier="19909">The Association Council shall take any steps needed to facilitate 
co-operation and the necessary contacts between the European Parliamentary 
Assembly and the Economic and Social Council and the other organs of the 
Community, on the one hand, and the Turkish Parliament and the corresponding 
Turkish bodies, on the other hand. 


During the preparatory stage, however, such contracts shall be limited to 
relations between the European Parliamentary Assembly and the Turkish Parliament.</article>
      <article number="ARTICLE 28" article_identifier="19910">When the operation of the agreement makes it possible to envisage the 
integral acceptance by Turkey of the obligations under the Treaty establishing 
the Community, the Contracting Parties shall consider the possibility of 
Turkey acceding to the Community.</article>
      <article number="ARTICLE 29" article_identifier="19911">1. The present agreement shall apply, on the one hand, to the European 
territory of the Kingdom of Belgium, the Federal Republic of Germany, the French 
Republic, the Italian Republic, the Grand Duchy of Luxemburg, the Kingdom of 


the Netherlands and, on the other hand, to the territory of the Turkish Republic. 


2. It shall also apply to the French overseas departments in the sectors 
covered by the agreement corresponding to those listed in paragraph 2, subparagraph 1, of Article 227 of the Treaty establishing the Community. 


The conditions governing the application to such territories of the 
provisions of the present agreement concerning the other sectors shall be 
determined subsequently by agreement between the Contracting Parties.</article>
      <article number="ARTICLE 30" article_identifier="19912">⊥

The Protocols which the Contracting Parties have agreed to annex to the 
agreement shall form an integral part thereof.</article>
      <article number="ARTICLE 31" article_identifier="19913">The present agreement shall be ratified by the signatory States in 
accordance with the rules of their respective constitutions and shall be 
validly concluded, as far as the Community is concerned, by a Council 
decision taken in accordance with the provisions of the Treaty establishing 
the Community and notified to the Parties to the agreement. 


The instruments of ratification and the notice of conclusion referred 
to above shall be exchanged at Brussels.</article>
      <article number="ARTICLE 32" article_identifier="19914">The present agreement shall come into force on the first day of the 
second month following the date of exchange of the instruments of ratification 
and the notice of conclusion referred to in Article. 31. 


ARTICLE 33 


The present agreement is drawn up in duplicate in the Dutch, French, 
German, Italian and Turkish languages, each text being equally authentic.</article>
    </chapter>
  </body>
</treaty>
