<?xml version="1.0" encoding="UTF-8"?>
<treaty>
  <meta>
    <name>Turkey - Croatia</name>
    <type>Free Trade Agreement</type>
    <wto_rta_id>62</wto_rta_id>
    <treaty_identifier>56</treaty_identifier>
    <status>Inactive</status>
    <notification>GATT Art. XXIV</notification>
    <date_signed>2002-03-13</date_signed>
    <date_into_force>2003-07-01</date_into_force>
    <date_notification>2003-09-02</date_notification>
    <end_implementation>2007-12-31</end_implementation>
    <date_inactive>2013-07-01</date_inactive>
    <parties_original>
      <partyisocode n="1">HRV</partyisocode>
      <partyisocode n="2">TUR</partyisocode>
    </parties_original>
    <parties>
      <partyisocode n="1"/>
    </parties>
    <composition>Bilateral</composition>
    <region>Europe</region>
    <parties_wto>Yes</parties_wto>
    <crossregional>No</crossregional>
    <language>en</language>
    <source lang="en" type="full text">http://wits.worldbank.org/GPTAD/PDF/archive/Croatia-Turkey.pdf</source>
    <source lang="en" type="annex">http://www.economy.gov.tr/index.cfm?sayfa=tradeagreements&amp;bolum=fta&amp;country=HR&amp;region=0</source>
  </meta>
  <body>
    <chapter name="Preamble" chapter_identifier="782">
      <article number="ARTICLE 1" name="Objectives" article_identifier="6743">1. The Parties, by taking into account the Turkey’s obligations arising from the Customs Union with the EU and the Stabilisation and Association Agreement between Croatia and the EU, shall gradually establish a free trade area on substantially all their trade between them in a transitional period ending on 1.1.2007 at the latest in accordance with the provisions of this Agreement and in conformity with Article XXIV of the GATT 1994 and the other multilateral agreements on trade in goods annexed to the Agreement establishing the WTO. 


2. The objectives of this Agreement are: 
a) to increase and enhance the economic cooperation between the Parties and raise the living standard of the population of the two countries; 

b) to gradually eliminate difficulties and restrictions on trade in goods, including also the agricultural products; 

c) to promote, through the expansion of reciprocal trade, the harmonious development of the economic relations between the Parties; 

d) to provide fair conditions of competition in trade between the Parties; 

e) to contribute by the removal of barriers to trade, to the harmonious development and expansion of world trade; 

f) to create conditions for further encouragement of investments particularly for the development of joint investments in both countries; 

g) to promote trade and cooperation between the Parties in third country markets.</article>
      <article number="ARTICLE 2" name="Basic Duties" article_identifier="6744">1. In the trade between the Parties covered by this Agreement, the Parties shall apply their respective Customs Tariffs on the classification of goods for imports into them. 


2. For each product the basic duty to which successive reductions set out in this Agreement are to be applied shall be the Most Favored Nation (MFN) duty that was in force in the Parties on the date of entry into force of this Agreement. 


3. If after entry into force of this Agreement, any tariff reduction is applied on an erga omnes basis, in particular, reductions resulting from the tariff negotiations in the WTO, such reduced duties shall replace the basic duties referred to in paragraph 2 as from that date when such reductions are applied.


 4. The Parties shall communicate to each other their respective basic duties.</article>
    </chapter>
    <chapter number="CHAPTER I" name="Industrial Products" chapter_identifier="783">
      <article number="ARTICLE 3" name="Scope" article_identifier="6745">The provisions of this Chapter shall apply to products originating in the Parties  falling within Chapters 25 to 97 of Harmonized Commodity Description and Coding System with the exception of the products listed in Annex I of this Agreement.</article>
      <article number="ARTICLE 4" name="Customs Duties On Imports And Charges Having Equivalent Effect" article_identifier="6746">1. From the date of entry into force of this Agreement no new customs duties on imports or charges having equivalent effect shall be introduced, nor shall those already applied be increased in trade between the Parties. 


2. Customs duties and charges having equivalent effect on imports shall be abolished in accordance with the provisions of Protocol I to this Agreement.</article>
      <article number="ARTICLE 5" name="Customs Duties Of A Fiscal Nature" article_identifier="6747">The provisions concerning the abolition of customs duties on imports shall also apply t o customs duties of a fiscal nature.</article>
      <article number="ARTICLE 6" name="Customs Duties On Exports And Charges Having Equivalent Effect" article_identifier="6748">1. From the date of the entry into force of this Agreement no new customs duties on exports or charges having equivalent effect shall be introduced in trade between the Parties. 


2. All customs duties on exports and any charges having equivalent effect shall be abolished between the Parties upon entry into force of this Agreement.</article>
      <article number="ARTICLE 7" name="Quantitative Restrictions On Imports And Measures Having Equivalent Effect" article_identifier="6749">1. From the date of the entry into force of this Agreement no new quantitative restriction on imports or measure having equivalent effect shall be introduced nor shall those already applied be increased in trade between the Parties.  


2. All quantitative restrictions on imports and measures having equivalent effect shall be abolished between the Parties upon the date of entry into force of this Agreement.</article>
      <article number="ARTICLE 8" name="Quantitative Restrictions On Exports And Measures Having Equivalent Effect" article_identifier="6750">1. From the date of the entry into force of this Agreement no new quantitative restriction on exports or measure having equivalent effect shall be introduced nor shall those already applied be increased in trade between the Parties. 


2. All quantitative restrictions on exports and any measures having equivalent effect shall be abolished between the Parties upon the date of entry into force of this Agreement.</article>
      <article number="ARTICLE 9" name="Technical Regulations" article_identifier="6751">1. The rights and obligations of the Parties relating to standards or technical regulations and related measures shall be governed by the WTO Agreement on Technical Barriers to Trade. 


2. Each Party, upon request of the other Party, shall provide information on particular individual cases of standards, technical regulations and related measures. 


3. The Parties shall endeavour to reduce technical barriers to trade. To this end the Parties will enter where appropriate into negotiations for the conclusion of the agreements for the mutual recognition in the field of conformity assessment, in the spirit of the recommendations of the WTO Agreement on Technical Barriers to Trade.</article>
    </chapter>
    <chapter number="CHAPTER II" name="Agricultural And Fishery Products" chapter_identifier="784">
      <article number="ARTICLE 10" name="Scope" article_identifier="6752">1. The provisions of this Chapter shall apply to agricultural and fishery products originating in the Parties. 


2. The term "agricultural and fishery products" means for the purpose of this Agreement the products falling within Chapters 1 to 24 of the Harmonized Commodity 
Description and Coding System and the products listed in Annex I of this Agreement.</article>
      <article number="ARTICLE 11" name="Exchange Of Concessions" article_identifier="6753">1. The Parties to this Agreement shall mutually allocate concessions set forth in Protocol II in accordance with the provisions of this Chapter. 


2. Taking into account the role of agriculture in their respective economies; the development of trade in agricultural products between the Parties; the high sensitivity of agricultural products; the rules of their respective agricultural policy, the Parties shall examine in the Joint Committee the possibilities of granting to each other further concessions in trade in agricultural  products. 


3. In pursuance of this objective, Protocol II providing for measures to facilitate trade in agricultural products has been concluded between the Parties.</article>
      <article number="ARTICLE 12" name="Sanitary And Phytosanitary Measures" article_identifier="6754">The Parties shall not apply their regulations in sanitary and phytosanitary matters as an arbitrary or unjustifiable discrimination or a disguised restriction on trade between them. The Parties shall apply their sanitary measures within the spirit of the provisions of the GATT and the other relevant WTO agreements.</article>
      <article number="ARTICLE 13" name="Specific Safeguards" article_identifier="6755">Notwithstanding other provisions of this Agreement, and in particular Article  2 2, given the particular sensitivity of the agricultural  products, if imports of products originating in a Party, which are the subject of concessions granted under this Agreement, cause serious disturbance to the markets or to their domestic regulatory mechanisms, in the other Party, both Parties shall enter into consultations immediately to find an appropriate solution. Pending such solution, the Party concerned may take the measures it deems necessary.</article>
    </chapter>
    <chapter number="CHAPTER III" name="Services And Investments" chapter_identifier="785">
      <article number="ARTICLE 14" article_identifier="6756">1. The Parties to this Agreement recognize the growing importance of certain areas, such as services and investments. In their efforts to gradually develop and 

broaden their co-operation, in particular in the context of the European integration, they will co-operate with the aim of achieving a progressive liberalization and mutual opening of their markets for investments and trade in services, taking into account relevant provisions of the General Agreement on Trade and Services (GATS). 

2. The Parties will discuss in the Joint Committee this co-operation with the aim of developing and deepening of their relations in conformity with this Article.</article>
    </chapter>
    <chapter number="CHAPTER IV" name="Common Provisions" chapter_identifier="786">
      <article number="ARTICLE 15" name="Internal Taxation" article_identifier="6757">1. The Parties shall refrain from any measure or practice of an internal fiscal nature establishing, whether directly or indirectly, discrimination between the products of one Party and like products originating in the other Party. 


2. Products exported to the territory of the Parties may not benefit from repayment of internal taxes in excess of the amount of direct or indirect taxes imposed on them.</article>
      <article number="ARTICLE 16" name="Trade Relations Governed By Other Agreements" article_identifier="6758">1. This Agreement shall not prevent the maintenance or establishment of customs unions, free trade areas or arrangements for cross-border trade of the Parties with third countries to the extent that these do not negatively affect the trade regime and in particular the provisions concerning rules of origin provided for by this Agreement. 


2. Exchange of information shall take place, upon request of either Party, within the Joint Committee concerning agreements establishing such customs unions or free trade areas.</article>
      <article number="ARTICLE 17" name="Structural Adjustment" article_identifier="6759">1. Exceptional measures of limited duration which derogate from the provisions of Article 4 may be taken by the Parties in the form of increased customs duties. 


2. These measures may only concern infant industries, or certain sectors undergoing restructuring or facing serious difficulties, particularly where these difficulties produce important social problems. 


3. Customs duties on imports applicable in the Parties to products originating in the other Party introduced by these measures  may not exceed 25 % ad valorem and shall maintain an element of preference for products originating in the other Party. The total value of imports of the products which are subject to these measures may not exceed 15 % of total imports of industrial products from the other Party as defined in Article 4, during the last year for which statistics are available. 


4. These measures shall be applied for a period not exceeding five years unless a longer duration is authorized by the Joint Committee. They shall cease to apply at the latest on the expiry of the transitional period. 


5. No such measures can be introduced in respect of a product if more than three years have elapsed since the elimination of all duties and quantitative restrictions or charges or measures having an equivalent effect concerning that product. 


6. The Parties shall inform the Joint Committee of any exceptional measures they intend to take and, at the request of either Party, consultations shall be held in the Joint Committee on such measures and the sectors to which they apply before they are applied. When taking such measures the Parties shall provide the Joint Committee with a schedule for the elimination of the customs duties introduced under this Article. This schedule shall provide for a phasing out of these duties starting at the latest two years after their introduction, at equal rates. The Joint Committee may decide on a different schedule.</article>
      <article number="ARTICLE 18" name="Dumping" article_identifier="6760">If a Party finds that dumping, within the meaning of Article VI of GATT 1994 is taking place in trade relations governed by this Agreement, it may take appropriate measures against that practice in accordance with  Article VI of the GATT and the rules established by agreements related to that Article, under the conditions and in accordance with the procedures laid down in Article 22 of this Agreement.</article>
      <article number="ARTICLE 19" name="Emergency Action On Imports Of Particular Products" article_identifier="6761">Where any product is being imported into either of the Parties in such increased quantities and under such conditions as to cause, or threaten  to cause: 

a) serious injury to domestic producers or disturbances on the market of like or directly competitive products 

b) serious disturbances in any sector of the economy or difficulties which could bring about serious deterioration in the economic situation of a region, the Party concerned may take appropriate measures under the conditions and in accordance with the procedures laid down in Article 22.</article>
      <article number="ARTICLE 20" name="Re-Export And Serious Shortage" article_identifier="6762">Where compliance with the provisions of Articles  6 and 8 leads to: 

a) re-export towards a third country against which the exporting Party to this Agreement maintains for the product concerned quantitative export restrictions, export duties or measures or charges having equivalent effect; or 

b) a serious shortage, or threat thereof, of a product essential to the exporting Party; 

and where the situations referred to above give rise or are likely to give rise to major difficulties for the exporting Party, that  Party may take appropriate measures under the conditions and in accordance with the procedures laid down in Article 22 of this Agreement. The measures shall be non-discriminatory and shall be eliminated when conditions no longer justify their maintenance.</article>
      <article number="ARTICLE 21" name="State Monopolies" article_identifier="6763">1. The Parties shall progressively adjust any state monopoly of a commercial character so as to ensure that by the end of the fourth year following the entry into force of this Agreement, no discrimination regarding the conditions under which goods are procured and marketed will exist between nationals of the Parties. 


2. The Joint Committee shall be informed about the measures adopted t o implement this objective.</article>
      <article number="ARTICLE 22" name="Procedure For The Application Of Safeguard Measures" article_identifier="6764">1. Before initiating the procedure for the application of safeguard measures set out in this Article, the Parties shall endeavour to solve any differences between themselves through direct consultations, and shall inform the other Party thereof. 


2. In the cases specified in Articles 13, 18, 19, 20, 25 and 33 a Party which is considering to resort to safeguard measures shall promptly notify the Joint Committee thereof. The Party concerned shall provide the Joint Committee with all relevant information and give it the assistance required to examine the case. Consultations between the Parties shall take place without delay in the Joint Committee with a view t o finding a commonly acceptable solution. 


3. If, within one month of the matter being referred to the Joint Committee, the Party in question fails to put an end to the practice objected  to or to the difficulties notified and in the absence of a decision by the Joint Committee in the matter, the concerned Party may adopt the safeguard measures it considers necessary to remedy the situation. 


4. The safeguard measures taken shall be notified immediately to the Joint Committee. They shall be restricted, with regard to their extent and to their duration, t o what is strictly necessary in order to rectify the situation giving rise to their application and shall not be in excess of the damage caused by the practice or the difficulty in question. Priority shall be given to such measures that will least disturb the functioning of this Agreement. 


5. The safeguard measures taken shall be the subject of regular consultations within the Joint Committee with a view to their relaxation, or abolition when conditions no longer justify their maintenance. 


6. Where exceptional circumstances requiring immediate action make prior examination impossible, the Party concerned may, in the cases of Articles 13, 18, 19, 20, 25 and 33 apply forthwith the precautionary measures strictly necessary to remedy the situation. The measures shall be notified without delay to the Joint Committee and consultations between the Parties to this Agreement shall take place within the Joint Committee.</article>
      <article number="ARTICLE 23" name="Rules Of Origin And Cooperation Between The Customs Administrations" article_identifier="6765">Protocol III lays down the rules of origin and methods of administrative cooperation.</article>
      <article number="ARTICLE 24" name="Payments" article_identifier="6766">Any payment arising from trade of goods, services and rights to non material goods between the Parties shall be made in convertible currency, in accordance with the respective national legislation of the Parties.</article>
      <article number="ARTICLE 25" name="Rules Of Competition Concerning Undertakings, State Aid" article_identifier="6767">1. The following are incompatible with the proper implementation of this Agreement, in so far as they affect trade between the Parties: a) all agreements between undertakings, decisions by associations of undertakings and concerted practices between undertakings which have as their object or effect the prevention, restriction or distortion of competition; 

b) abuse by one or more undertakings of dominant position in the territories of the Parties as a whole or in a substantial part thereof; 

c) any state aid which distorts or threatens to distort competition by favoring certain undertakings or the production of certain goods. 


2. Each Party shall ensure transparency in the area of state aid. Upon request by one Party, the other Party shall provide information on particular individual cases of state aid. 


3. For the purpose of applying the provisions of paragraph 1 of this Article, the Parties will take the measures in conformity with the procedures and under the conditions laid down in their respective Agreements with the European Communities. In case of any change in those procedures and/or conditions these changes will be applicable between the Parties. 


4. If the Parties consider that a particular practice is incompatible with the terms of the first paragraph of this Article, and: 
a) is not adequately dealt with under the implementing rules referred to in paragraph 3 of this Article, or 

b) in the absence of such rules, and if such practice causes or threatens to cause serious prejudice to the interest of the other Party or material injury to its domestic industry, including its services industry, 

it may take appropriate measures after consultation within the Joint Committee or after thirty working days following referral for such consultation. 


5. In the case of practices incompatible with paragraph 1.c) of this Article, such appropriate measures may, where the WTO/GATT 1994 applies thereto, only be adopted in conformity with the procedures and under the conditions laid down by the WTO/GATT 1994 and any other relevant instrument negotiated under its auspices which are applicable between the Parties. 


6. Notwithstanding any provisions to the contrary adopted in conformity with this Article, the Parties shall exchange information taking into account the limitations imposed by the requirements of professional and business secrecy.</article>
      <article number="ARTICLE 26" name="Balance Of Payments Difficulties" article_identifier="6768">Where either Party is in a serious balance of payments difficulties or under threat thereof, the Party concerned may in accordance with the conditions laid down within the framework of WTO/GATT 1994 and with Article VIII of the Articles of Agreement of International Monetary Fund, adopt restrictive measures, which shall be of limited duration and may not go beyond what is necessary to remedy the balance of payments situation. The Party concerned shall inform the other Party forthwith of their introduction and present to the other Party, as soon as possible, a time schedule of their removal.</article>
      <article number="ARTICLE 27" name="Intellectual, Industrial And Commercial Property" article_identifier="6769">1. The Parties shall provide suitable and effective protection of intellectual, industrial and commercial property rights in line with Agreement on Trade-Related Aspects of Intellectual Property Rights (TRIPs) and other international Agreements. This shall encompass effective means of enforcing such rights. 


2. Implementation of this Article shall be regularly assessed by the Parties. If difficulties which affect trade arise in connection with intellectual, industrial and commercial property rights, either Party may request urgent consultations to find mutually satisfactory solutions.</article>
      <article number="ARTICLE 28" name="Public Procurement" article_identifier="6770">1. The Parties consider the opening up of the award of public contracts on the basis of non-discrimination and reciprocity, to be a desirable objective. 


2. As of the entry into force of this Agreement, both Parties shall grant each other’s companies access to contract award procedures a treatment no less favorable than that accorded to companies of any other country.</article>
      <article number="ARTICLE 29" name="Establishment Of The Joint Committee" article_identifier="6771">1. A Joint Committee is hereby established in which each Party shall be represented. The Joint Committee shall be responsible for the administration of this Agreement and shall ensure i ts proper implementation. 


2. For the purpose of the proper implementation of this Agreement, the Parties shall exchange information and, at the request of either Party, shall hold consultations within the Joint Committee. The Joint Committee shall keep under review the possibility of further removal of the obstacles to trade between the Parties. 


3. The Joint Committee may, in accordance with the provisions of paragraph 3 of Article 30, take decisions in the cases provided for in this Agreement. On other matters the Joint Committee may make recommendations.</article>
      <article number="ARTICLE 30" name="Procedures Of The Joint Committee" article_identifier="6772">1. For the proper implementation of this Agreement, the Joint Committee shall meet at an appropriate level whenever necessary upon request but at least once a year. Either Party may request a meeting be held. 


2. The Joint Committee shall decide by consensus. 


3. If a representative in the Joint Committee of a Party to this Agreement has accepted a decision subject to reservation of the fulfillment of constitutional requirements the decision shall enter into force, if no later date  is contained therein, on the date of the receipt of the written notification stating that such requirements have been fulfilled. 


4. The Joint Committee shall adopt its rules of procedure which shall, inter alia, contain provisions for convening meetings and for the designation of the Chairman and his/her term of office. 


5. The Joint Committee may decide to set up such sub-committees and working groups as it considers necessary to assist it in accomplishing its tasks.</article>
      <article number="ARTICLE 31" name="Security Exceptions" article_identifier="6773">Nothing in this Agreement shall prevent the Parties from taking any measures which i t considers necessary: 

a) to prevent the disclosure of information contrary to its essential security interests; 

b) for the protection of its essential security interests or for the implementation of international obligations or national policies: 

i) relating to the traffic in arms, ammunition and implements of war and to such traffic in other goods, materials and services as is carried on directly or indirectly for the purpose of supplying a military establishment; or

 ii) relating to the non-proliferation of biological and chemical weapons, nuclear weapons or other nuclear explosive devices; or

 iii) in time of war or other serious international tension constituting threat of war.</article>
      <article number="ARTICLE 32" name="General Exceptions" article_identifier="6774">This Agreement shall not preclude prohibitions or restrictions on imports, exports or goods in transit justified on grounds of public morality, public policy or public security; the protection of health and life of humans, animals or plants; the protection of national treasures possessing artistic, historic or archaeological value; the protection of intellectual, industrial and commercial property. Such prohibitions or restrictions must not, however, constitute a means of arbitrary discrimination or a disguised restriction on trade between the Parties.</article>
      <article number="ARTICLE 33" name="Fulfillment Of Obligations" article_identifier="6775">1. The Parties shall take all necessary measures to ensure the achievement of the objectives of this Agreement and the fulfillment of their obligations under this Agreement. 


2. If either Party considers that the other Party has failed to fulfill an obligation under this Agreement, the Party concerned may take the appropriate measures under the conditions and in accordance with the procedures laid down in Article 22 of this Agreement.</article>
      <article number="ARTICLE 34" name="Evolutionary Clause" article_identifier="6776">1. Where either Party considers that it would be useful and in the interest of the economies of the Parties to develop the relations established by this Agreement by extending them to fields not covered thereby, it shall submit a reasoned request to the other Party. The Parties may instruct the Joint Committee to examine this request and, where appropriate, to make recommendations to them, particularly with a view t o opening negotiations. 


2. Agreements resulting from the procedure referred to in paragraph 1 will be subject to ratification or approval by the Parties to this Agreement in accordance with their national legislation.</article>
      <article number="ARTICLE 35" name="Amendments" article_identifier="6777">Amendments to this Agreement, as well as to its Annexes and Protocols, shall enter into force on the date of receipt of the later written notification through diplomatic channels, by which the parties inform each other that all necessary requirements foreseen by their national legislation for the entry into force of this Agreement, have been fulfilled.</article>
      <article number="ARTICLE 36" name="Protocols And Annexes" article_identifier="6778">Protocols and Annexes to this Agreement shall form an integral part thereof. The Joint Committee may decide to amend the Protocols and Annexes in accordance with the national legislation of the Parties.</article>
      <article number="ARTICLE 37" name="Duration And Denunciation" article_identifier="6779">1. This Agreement is concluded for an indefinite period of time. 


2. Either party may denunce  this Agreement by a written notification to the other Party. The Agreement shall terminate on the first day of the seventh month following the date when the other Party received the denunciation notice.</article>
      <article number="ARTICLE 38" name="Entry Into Force" article_identifier="6780">This Agreement shall enter into force on the first day of the second month, following the date of the receipt of the later written notification through diplomatic channels, by which the Parties inform each other that all necessary requirements foreseen by their national legislation for the entry into force of this Agreement, have been fulfilled.</article>
    </chapter>
    <chapter name="Conclusion" chapter_identifier="787">
      <article article_identifier="6781">DONE at Zagreb, this 13 day of March 2002, in two originals each in the Turkish, Croatian and English languages, all texts being equally authentic. In case of any divergence in the interpretation of this Agreement, the English text shall prevail.</article>
    </chapter>
  </body>
</treaty>
